#{"t_start": 1624254659.668191, "env_id": "ElectricityMarket-v0"}
r,l,t
-346.433712,24,0.538632
-325.699197,24,0.551943
-383.620756,24,0.562865
-824.966082,24,0.576121
-753.645744,24,0.585848
-245.044697,24,0.59498
-1027.624891,24,0.6049
-784.95604,24,0.614139
-109.725446,24,0.841958
-51.466939,24,0.850163
-436.582994,24,0.85856
-632.879081,24,0.866311
354.008821,24,0.961007
174.351971,24,0.968826
91.714528,24,0.976155
425.011219,24,0.983473
176.180623,24,1.095516
113.235999,24,1.104336
385.684944,24,1.112631
531.814951,24,1.121674
642.127271,24,1.248075
373.759726,24,1.2576
499.40892,24,1.267021
490.176493,24,1.277298
597.516885,24,1.285819
329.836156,24,1.410445
436.585845,24,1.419838
200.932362,24,1.428789
415.916333,24,1.437451
371.625556,24,1.562366
256.506363,24,1.572351
536.363325,24,1.581802
437.762449,24,1.5915
273.962513,24,1.710751
228.138329,24,1.719718
325.124141,24,1.729223
413.292173,24,1.737852
156.051521,24,1.884507
312.956718,24,1.895705
521.216357,24,1.905131
484.505567,24,1.913705
317.109906,24,2.019456
489.531655,24,2.027599
419.501687,24,2.035703
204.764211,24,2.043543
132.405772,24,2.140065
-42.4431,24,2.147497
338.839627,24,2.15483
405.513975,24,2.16214
359.880933,24,2.169555
294.909023,24,2.263787
372.663043,24,2.271617
435.716035,24,2.279144
407.676308,24,2.290383
556.182617,24,2.413123
267.777565,24,2.421694
601.312514,24,2.429965
261.188318,24,2.439537
392.277036,24,2.572903
559.851288,24,2.582482
330.012295,24,2.591805
255.196565,24,2.601186
462.251882,24,2.727017
263.57045,24,2.737228
467.312222,24,2.746883
418.064955,24,2.756752
438.612555,24,2.884868
536.49637,24,2.893615
416.392722,24,2.903715
403.869701,24,2.91323
621.91921,24,3.034256
513.196816,24,3.043482
213.945761,24,3.052024
343.658807,24,3.061326
549.512838,24,3.069713
450.562569,24,3.174712
586.621798,24,3.183208
678.116918,24,3.192375
638.316831,24,3.201025
340.478563,24,3.329013
461.614137,24,3.339491
519.0645,24,3.349172
243.974419,24,3.358957
405.583547,24,3.478179
588.370046,24,3.486703
354.915364,24,3.494744
562.319452,24,3.503095
359.392457,24,3.60458
368.532447,24,3.611942
671.046073,24,3.619625
249.641838,24,3.627053
474.535459,24,3.728669
243.991079,24,3.736397
606.489066,24,3.743907
300.300699,24,3.751364
469.486523,24,3.865098
572.717854,24,3.873112
99.423822,24,3.880489
301.942992,24,3.888286
346.654936,24,3.895811
120.174237,24,3.996762
353.49149,24,4.004667
505.881392,24,4.012167
496.911917,24,4.020006
496.243862,24,4.121454
420.924125,24,4.128877
410.166428,24,4.136691
627.728747,24,4.144027
413.260524,24,4.245289
221.031236,24,4.253272
706.46453,24,4.291589
476.699297,24,4.301807
382.431513,24,4.434069
531.432513,24,4.442667
399.693481,24,4.452714
623.723982,24,4.461691
355.635798,24,4.592038
648.939632,24,4.601773
710.465091,24,4.611233
149.942355,24,4.620858
348.431918,24,4.749294
393.086532,24,4.758532
664.260774,24,4.768148
499.180004,24,4.778185
221.334118,24,4.78727
300.01328,24,4.915193
366.375858,24,4.9246
324.080932,24,4.934551
537.004112,24,4.944492
477.197392,24,5.060938
517.717939,24,5.069664
503.169713,24,5.077914
454.137331,24,5.086239
606.274273,24,5.19395
355.425184,24,5.201595
298.4269,24,5.20922
375.700688,24,5.216867
441.438067,24,5.334082
221.183945,24,5.342873
323.68974,24,5.35143
517.84731,24,5.359978
427.331181,24,5.485346
-110.137926,24,5.494941
395.987631,24,5.504288
326.707785,24,5.513793
502.029955,24,5.64029
547.061194,24,5.649801
633.970943,24,5.659297
629.016038,24,5.668229
294.853611,24,5.677934
518.374076,24,5.799716
230.752226,24,5.808727
204.857583,24,5.817236
344.351986,24,5.826197
554.153845,24,5.954046
628.294309,24,5.964662
346.867201,24,5.973881
437.012202,24,5.983095
472.449028,24,6.109064
317.031954,24,6.117572
488.214899,24,6.12603
659.330627,24,6.135256
278.14002,24,6.244148
308.307891,24,6.251489
249.119698,24,6.259232
444.797267,24,6.266638
687.726588,24,6.399987
572.492519,24,6.422053
-92.499093,24,6.433689
548.081148,24,6.44292
406.465718,24,6.559721
405.162929,24,6.568333
340.954753,24,6.575985
555.510189,24,6.583307
184.107463,24,6.590713
397.778842,24,6.70674
430.4749,24,6.714433
347.330784,24,6.722003
393.705778,24,6.729495
264.120839,24,6.845844
571.723453,24,6.854283
251.056283,24,6.862634
109.534856,24,6.874674
304.883365,24,7.006239
287.185728,24,7.016354
508.622932,24,7.025472
540.638092,24,7.03573
196.980618,24,7.158344
316.720955,24,7.166215
332.777935,24,7.173624
413.930691,24,7.180936
364.721314,24,7.278705
314.859187,24,7.286008
377.265604,24,7.293529
356.130728,24,7.300881
532.545756,24,7.398428
438.936361,24,7.405789
251.194577,24,7.413144
382.69622,24,7.42043
507.532477,24,7.427717
565.786455,24,7.524853
315.18415,24,7.532192
420.082697,24,7.539622
388.242426,24,7.546915
52.699287,24,7.643012
280.048433,24,7.650514
353.247254,24,7.657878
308.523547,24,7.665208
575.713734,24,7.772397
664.469873,24,7.781086
372.53327,24,7.78995
352.731592,24,7.798605
513.868393,24,7.910115
486.171385,24,7.917498
631.43272,24,7.925065
219.237994,24,7.932367
15.222816,24,8.064008
433.117158,24,8.072098
435.932791,24,8.080788
531.780589,24,8.088866
270.74729,24,8.202547
444.800142,24,8.211066
607.705049,24,8.219713
302.266695,24,8.227901
273.599861,24,8.236036
199.055584,24,8.343305
238.990239,24,8.35096
147.372909,24,8.358681
513.523534,24,8.368612
536.967188,24,8.482573
282.827976,24,8.492753
456.840583,24,8.503545
368.213908,24,8.513282
654.3745,24,8.64242
56.30786,24,8.651677
581.613344,24,8.660907
555.217463,24,8.66969
331.649033,24,8.79042
186.309612,24,8.798729
475.922295,24,8.806767
339.472611,24,8.814977
472.128941,24,8.924525
526.695588,24,8.93219
435.125349,24,8.939493
575.949089,24,8.946732
419.716312,24,9.049007
168.016181,24,9.057217
350.421513,24,9.065159
466.444646,24,9.072608
395.122249,24,9.079906
360.022586,24,9.185127
383.975743,24,9.19273
324.852367,24,9.200028
515.460395,24,9.208142
259.805613,24,9.33006
481.869869,24,9.339325
477.715858,24,9.347875
508.447636,24,9.357277
456.68779,24,9.481359
423.804043,24,9.48961
249.994642,24,9.497709
298.397707,24,9.505097
153.357318,24,9.625148
541.538366,24,9.636948
568.620949,24,9.655522
578.872196,24,9.665361
488.669073,24,9.78943
337.553122,24,9.800064
398.913807,24,9.809475
478.41575,24,9.818387
580.040775,24,9.934715
300.582619,24,9.943331
542.50492,24,9.951352
292.642771,24,9.959301
532.800586,24,9.967576
310.602362,24,10.085984
521.378237,24,10.094961
623.507933,24,10.103535
525.853628,24,10.112867
645.383354,24,10.235389
495.296617,24,10.244051
436.229455,24,10.252958
382.532213,24,10.261546
572.343471,24,10.380722
180.940917,24,10.390496
178.611892,24,10.400496
293.535435,24,10.409816
312.5384,24,10.531592
309.9906,24,10.540234
514.098024,24,10.549305
573.600706,24,10.558508
498.690137,24,10.671065
377.474467,24,10.678434
156.086635,24,10.68873
324.86262,24,10.697333
465.147985,24,10.798621
581.650503,24,10.806057
453.438978,24,10.813391
757.168099,24,10.820734
623.558597,24,10.828038
339.470206,24,10.927019
389.875583,24,10.934375
400.816881,24,10.941726
598.800319,24,10.949193
644.044085,24,11.052215
385.161314,24,11.060703
384.378984,24,11.068527
468.979879,24,11.076061
51.433395,24,11.177053
447.940217,24,11.186886
614.756264,24,11.194915
530.478223,24,11.202198
494.013041,24,11.310511
612.950322,24,11.317853
429.268783,24,11.325491
607.450956,24,11.332794
419.331852,24,11.515167
344.496069,24,11.526889
358.601673,24,11.539429
262.401242,24,11.550109
570.655936,24,11.727581
482.131499,24,11.73815
433.778701,24,11.749412
623.429931,24,11.765684
240.071496,24,11.790461
93.773863,24,11.953404
410.050522,24,11.968484
493.787601,24,11.980613
267.345293,24,11.99132
500.774297,24,12.126121
594.86712,24,12.13646
240.914088,24,12.15197
558.802138,24,12.169802
530.459821,24,12.37601
392.149736,24,12.385779
138.493438,24,12.393878
361.049466,24,12.404295
568.60825,24,12.539193
594.037035,24,12.551152
133.767639,24,12.561242
550.59484,24,12.570872
399.160952,24,12.719674
605.949112,24,12.732248
214.652541,24,12.74282
390.0042,24,12.75556
368.175227,24,12.887648
546.016928,24,12.897929
342.606128,24,12.907374
541.935426,24,12.91646
412.184593,24,12.925409
469.743645,24,13.058161
417.967943,24,13.067884
424.760813,24,13.076783
445.365812,24,13.086417
608.716252,24,13.223011
277.847185,24,13.233581
379.316488,24,13.245309
188.050069,24,13.25744
366.413774,24,13.419596
398.666609,24,13.431008
579.317512,24,13.443124
315.385526,24,13.455605
584.890148,24,13.609401
475.497355,24,13.621438
362.008977,24,13.630722
449.447759,24,13.641339
604.743464,24,13.783176
280.522482,24,13.79353
271.380216,24,13.804524
328.064547,24,13.814239
533.989223,24,13.945302
290.144331,24,13.955553
357.156257,24,13.965161
467.840922,24,13.974227
289.732831,24,13.984287
443.297203,24,14.111657
570.749145,24,14.120291
508.247611,24,14.129047
366.929303,24,14.137449
297.401369,24,14.25418
385.285711,24,14.262069
371.519374,24,14.269513
734.948068,24,14.277021
566.022522,24,14.384749
519.771943,24,14.392826
578.453039,24,14.401641
415.945904,24,14.409884
331.37299,24,14.536763
167.146027,24,14.546484
475.848502,24,14.555235
416.548865,24,14.564584
471.26602,24,14.68709
468.258615,24,14.696274
636.956013,24,14.705164
413.16563,24,14.71463
142.263136,24,14.838457
605.002943,24,14.846879
459.468353,24,14.855136
504.816513,24,14.863174
512.362754,24,14.870521
367.894006,24,14.968871
533.877044,24,14.977121
352.829527,24,14.985426
580.628336,24,14.993929
349.91045,24,15.110337
264.986241,24,15.120128
542.421482,24,15.12911
113.216665,24,15.138602
415.513475,24,15.261696
426.389035,24,15.271178
526.531001,24,15.27985
335.099086,24,15.289305
471.231903,24,15.413083
528.814222,24,15.422038
548.972443,24,15.432661
613.789256,24,15.442093
519.102733,24,15.608298
494.761681,24,15.6182
526.92861,24,15.626577
682.770717,24,15.635925
448.10705,24,15.764203
285.127849,24,15.773362
254.519345,24,15.783894
479.664498,24,15.792536
152.597641,24,15.802574
403.751565,24,15.925783
343.058624,24,15.936238
445.154229,24,15.944974
232.106652,24,15.953469
319.64082,24,16.078298
224.90943,24,16.088234
475.379503,24,16.097399
619.744066,24,16.106812
486.951688,24,16.234647
444.464576,24,16.242918
349.186143,24,16.252471
487.932366,24,16.261222
318.462895,24,16.386414
328.318227,24,16.396151
300.118783,24,16.405652
584.612862,24,16.414168
491.676542,24,16.541406
425.540949,24,16.550186
476.683044,24,16.558865
555.516137,24,16.567357
358.405343,24,16.690934
434.424444,24,16.701823
251.375628,24,16.711159
618.359495,24,16.721545
518.394968,24,16.730245
549.683602,24,16.853381
421.59522,24,16.862192
410.690355,24,16.872318
462.76884,24,16.881141
489.63161,24,17.006545
569.651221,24,17.015475
457.077941,24,17.02459
263.147022,24,17.035295
459.414798,24,17.164894
537.136124,24,17.174313
377.06485,24,17.183621
420.424414,24,17.19191
233.960956,24,17.309484
603.880176,24,17.317789
543.705759,24,17.326668
271.440154,24,17.336836
217.119076,24,17.483009
544.890087,24,17.494858
210.282675,24,17.511925
55.923477,24,17.523461
395.45097,24,17.670885
469.012145,24,17.679647
292.417495,24,17.688785
620.045301,24,17.697056
620.288398,24,17.705493
282.567817,24,17.826306
311.942739,24,17.836733
385.727146,24,17.845217
599.523031,24,17.855381
421.372994,24,17.980642
375.047921,24,17.990416
212.840272,24,18.000577
499.366073,24,18.0104
456.863561,24,18.154641
401.000971,24,18.16619
200.289902,24,18.176956
322.150472,24,18.188978
380.553562,24,18.312377
442.361691,24,18.322378
337.528312,24,18.331951
-34.899773,24,18.340858
514.947383,24,18.46133
355.67322,24,18.470696
397.707398,24,18.478896
551.718549,24,18.487231
247.826215,24,18.616117
553.542264,24,18.625166
641.846754,24,18.635249
424.065883,24,18.643885
413.623272,24,18.654135
282.063566,24,18.793388
382.301779,24,18.803824
250.774829,24,18.815276
350.013214,24,18.826042
367.689623,24,18.956366
332.598656,24,18.966892
376.671441,24,18.977184
270.04296,24,18.988214
666.949141,24,19.125479
481.587739,24,19.135805
442.6182,24,19.144067
485.756139,24,19.155193
322.426557,24,19.282045
486.413915,24,19.291098
556.636578,24,19.299412
411.375243,24,19.308256
346.09553,24,19.424714
62.478928,24,19.433376
352.970131,24,19.441396
366.408604,24,19.449646
286.212655,24,19.561193
427.58264,24,19.569082
331.523304,24,19.576647
496.325723,24,19.584415
444.729351,24,19.591982
576.4172,24,19.70545
311.935595,24,19.713133
412.717463,24,19.720857
408.148791,24,19.728168
506.220209,24,19.841679
529.97601,24,19.850665
424.335814,24,19.860299
374.336991,24,19.86925
496.898737,24,19.990661
321.428685,24,19.999663
292.432052,24,20.009689
401.243845,24,20.019324
507.321794,24,20.139762
383.007679,24,20.148789
245.541842,24,20.157759
223.05281,24,20.166954
397.396109,24,20.280916
240.786542,24,20.289223
298.640606,24,20.296721
137.23268,24,20.304472
380.682143,24,20.409081
518.618227,24,20.417368
515.071416,24,20.425796
439.654893,24,20.433893
635.791536,24,20.442399
421.915632,24,20.571258
367.591819,24,20.580061
360.598054,24,20.591457
485.856397,24,20.600822
281.356947,24,20.737647
496.332716,24,20.748236
298.135972,24,20.759516
455.4661,24,20.769658
549.229664,24,20.907032
414.615543,24,20.915858
406.463043,24,20.924734
338.328017,24,20.93355
425.134654,24,21.050849
308.915086,24,21.05936
426.474359,24,21.068546
453.869678,24,21.076923
318.18255,24,21.184488
405.36728,24,21.192548
533.657467,24,21.20081
382.754058,24,21.208635
221.013882,24,21.314117
533.190928,24,21.322033
479.382084,24,21.329745
293.846871,24,21.337559
511.075931,24,21.345236
122.635986,24,21.470333
464.891451,24,21.480006
741.538511,24,21.489242
526.818608,24,21.498857
538.917217,24,21.642178
477.164582,24,21.651167
228.809181,24,21.660256
81.859487,24,21.669246
564.456019,24,21.788558
411.541194,24,21.796489
523.090792,24,21.804458
357.420099,24,21.811799
452.949017,24,21.92288
423.793346,24,21.931874
476.022094,24,21.941624
467.510076,24,21.950259
592.609879,24,22.072648
369.115279,24,22.081397
525.194358,24,22.090954
632.088584,24,22.099535
419.708228,24,22.216055
551.371472,24,22.224107
394.614206,24,22.233196
594.973626,24,22.241541
422.827769,24,22.250006
257.653533,24,22.366825
553.119205,24,22.374184
469.409806,24,22.381523
331.725339,24,22.388862
531.339759,24,22.496641
403.835965,24,22.505847
424.107309,24,22.514435
471.615508,24,22.523462
111.512993,24,22.645945
407.045025,24,22.654822
322.356746,24,22.664365
157.783639,24,22.67451
631.385647,24,22.79846
433.088453,24,22.808196
686.384812,24,22.817591
540.339862,24,22.827479
234.617389,24,22.959143
635.868999,24,22.970939
369.448337,24,22.984391
334.681829,24,22.994225
355.879231,24,23.136083
569.752826,24,23.144711
356.399668,24,23.153755
689.302565,24,23.162387
368.671615,24,23.17157
333.364497,24,23.288789
453.907593,24,23.297045
466.301322,24,23.30542
446.690925,24,23.313187
506.638158,24,23.424705
397.310698,24,23.432279
626.078125,24,23.440185
474.909594,24,23.44827
585.800674,24,23.557947
415.157904,24,23.566207
227.89709,24,23.573917
345.911445,24,23.582729
97.494082,24,23.702796
392.577329,24,23.711742
422.687783,24,23.720391
520.323588,24,23.72881
689.881332,24,23.869243
357.947416,24,23.879129
403.415607,24,23.888987
261.804709,24,23.897756
494.190552,24,24.003125
264.046546,24,24.010461
545.958212,24,24.017986
586.807257,24,24.025294
266.041616,24,24.033334
359.029152,24,24.161671
346.928984,24,24.170283
406.422606,24,24.178273
475.363018,24,24.186324
360.894924,24,24.307517
267.78877,24,24.31563
398.689051,24,24.323284
426.932757,24,24.330785
75.306278,24,24.430545
409.540354,24,24.438976
231.443228,24,24.447086
287.487276,24,24.455173
579.878406,24,24.588457
459.306513,24,24.59683
333.007673,24,24.606251
18.301233,24,24.614832
580.948759,24,24.74052
476.936768,24,24.749151
402.368566,24,24.757731
623.060367,24,24.766499
485.222238,24,24.875456
533.314251,24,24.883592
476.719988,24,24.89162
531.29298,24,24.900091
436.952595,24,24.908134
434.702875,24,25.017667
410.03203,24,25.025237
643.493817,24,25.032583
526.256734,24,25.039968
509.324478,24,25.14307
444.022374,24,25.151542
383.910562,24,25.159923
446.469269,24,25.168284
504.22258,24,25.299874
458.206744,24,25.308927
315.529406,24,25.31774
408.443541,24,25.326477
454.28837,24,25.477109
335.105457,24,25.486297
247.742229,24,25.494803
548.392561,24,25.503662
311.391055,24,25.621661
370.061722,24,25.6304
264.510019,24,25.639032
515.75865,24,25.648033
515.719481,24,25.757115
417.125613,24,25.764459
276.880377,24,25.771904
311.103441,24,25.779324
571.905722,24,25.786637
688.127236,24,25.895139
538.305401,24,25.904849
187.536076,24,25.914874
497.710004,24,25.923485
482.460294,24,26.048121
491.778974,24,26.058349
535.913744,24,26.069625
398.620468,24,26.078677
429.444505,24,26.201224
463.162598,24,26.211198
549.73802,24,26.22014
423.737169,24,26.22835
461.063324,24,26.342952
441.617361,24,26.35055
354.645003,24,26.357873
119.667064,24,26.365407
375.694306,24,26.465295
426.341082,24,26.47291
278.021661,24,26.480645
710.609563,24,26.487964
366.701721,24,26.588073
415.58505,24,26.595714
464.895774,24,26.603033
276.633904,24,26.610334
231.788264,24,26.617681
535.631055,24,26.736242
440.19951,24,26.745627
498.084202,24,26.755069
215.467939,24,26.764074
472.065674,24,26.891788
488.301136,24,26.900717
415.538758,24,26.909734
422.888841,24,26.920049
363.160412,24,27.041682
218.572789,24,27.050434
372.442856,24,27.05926
319.978268,24,27.067313
515.148922,24,27.179223
565.068908,24,27.186901
211.061261,24,27.194237
524.235994,24,27.201618
385.344878,24,27.306601
317.086496,24,27.316144
413.826175,24,27.324517
537.417767,24,27.334574
170.119087,24,27.453856
458.095601,24,27.461987
157.165743,24,27.471793
367.090198,24,27.480722
489.013981,24,27.490828
623.139555,24,27.619251
362.267983,24,27.628694
260.118615,24,27.63844
232.713652,24,27.647229
366.124129,24,27.771786
477.092948,24,27.780674
460.396955,24,27.790107
337.617246,24,27.799002
282.620436,24,27.940941
531.012082,24,27.953012
314.696253,24,27.96415
497.30908,24,27.977844
428.266347,24,28.118348
406.033209,24,28.128073
46.623598,24,28.13667
573.366801,24,28.144977
341.563233,24,28.258587
443.125981,24,28.266788
235.44489,24,28.274877
467.780418,24,28.282612
346.467494,24,28.387703
364.276785,24,28.395089
136.503471,24,28.402747
412.455305,24,28.410228
339.544418,24,28.42468
649.633602,24,28.541513
473.537321,24,28.549635
297.423973,24,28.558051
524.033004,24,28.566636
541.374729,24,28.704616
556.045926,24,28.716709
463.336335,24,28.727094
424.418339,24,28.73672
546.033431,24,28.857914
512.406077,24,28.865579
305.844381,24,28.872952
477.858288,24,28.880427
631.462646,24,28.997384
267.921047,24,29.00675
337.979233,24,29.015511
329.531292,24,29.029014
594.931799,24,29.15501
628.545287,24,29.163298
377.688923,24,29.172018
286.712778,24,29.180644
555.494922,24,29.293353
547.815797,24,29.300801
461.709245,24,29.308152
226.104602,24,29.31557
588.521162,24,29.323088
615.627186,24,29.422939
282.475341,24,29.430262
182.314153,24,29.437699
353.520494,24,29.445007
377.111798,24,29.54636
658.157673,24,29.553702
344.129479,24,29.561016
307.252638,24,29.568636
185.601781,24,29.688596
342.253495,24,29.697018
433.50227,24,29.705899
172.158966,24,29.715517
267.6537,24,29.840581
114.021931,24,29.849698
564.279473,24,29.85833
312.489746,24,29.867734
237.072144,24,29.981955
368.46278,24,29.990481
523.235579,24,29.998556
502.11081,24,30.006588
443.283374,24,30.109264
499.017485,24,30.116912
309.629598,24,30.124155
567.620161,24,30.131466
499.337628,24,30.138706
505.383227,24,30.236914
250.980054,24,30.244234
106.689107,24,30.251535
372.24104,24,30.25882
281.106716,24,30.370385
640.476632,24,30.38022
431.090824,24,30.389726
318.432399,24,30.399409
414.916462,24,30.553662
598.416726,24,30.5628
236.678945,24,30.572365
284.072043,24,30.581225
422.568906,24,30.695401
160.818632,24,30.703728
320.262372,24,30.71174
468.679897,24,30.719689
425.822931,24,30.822054
590.013925,24,30.830287
226.314085,24,30.838595
600.61336,24,30.846762
324.504253,24,30.972879
361.689343,24,30.982111
26.137822,24,30.991553
501.355243,24,31.000446
475.152495,24,31.009476
472.187831,24,31.134525
151.793896,24,31.142592
493.567428,24,31.151111
254.703146,24,31.15932
673.958632,24,31.27091
83.504202,24,31.278201
431.335992,24,31.285631
518.646072,24,31.292894
745.601787,24,31.406367
542.145788,24,31.415197
164.334433,24,31.424456
588.207649,24,31.43377
324.139359,24,31.562743
260.287928,24,31.574157
395.007467,24,31.5833
569.053262,24,31.591914
410.786365,24,31.706476
509.032965,24,31.714849
550.130188,24,31.722908
320.035181,24,31.730878
281.741344,24,31.831721
618.194519,24,31.839168
298.086194,24,31.846856
398.447038,24,31.854291
667.813481,24,31.861644
395.328068,24,31.960747
596.196887,24,31.968244
438.871727,24,31.975565
579.378196,24,31.982797
461.255365,24,32.087191
300.847794,24,32.097215
647.068206,24,32.106506
207.316431,24,32.116629
428.162586,24,32.240771
341.644345,24,32.251991
662.522134,24,32.261236
554.101634,24,32.270913
420.838056,24,32.392924
316.312073,24,32.401158
542.789144,24,32.409127
410.970116,24,32.416954
338.66439,24,32.526818
299.937069,24,32.534404
476.916823,24,32.541862
534.903503,24,32.549851
478.061766,24,32.648682
308.86635,24,32.655969
595.99354,24,32.663304
231.012434,24,32.67058
478.482756,24,32.677827
181.885072,24,32.804928
511.515357,24,32.813563
341.191741,24,32.822972
362.283805,24,32.831633
574.534846,24,32.956467
595.244837,24,32.964816
285.794897,24,32.973658
396.397935,24,32.982156
311.304364,24,33.099741
150.425882,24,33.108152
352.300817,24,33.116505
109.953504,24,33.124508
367.731792,24,33.226266
164.666532,24,33.233554
506.371621,24,33.240831
224.506704,24,33.250695
412.907926,24,33.380009
387.173875,24,33.392805
419.732182,24,33.405388
234.137951,24,33.415899
363.443666,24,33.538649
478.946046,24,33.548587
496.519572,24,33.558987
441.631313,24,33.568869
491.665334,24,33.577638
502.704472,24,33.696084
469.428857,24,33.704515
146.95533,24,33.712999
442.353897,24,33.721376
365.439957,24,33.826074
375.282039,24,33.833699
523.038286,24,33.841114
386.916268,24,33.849047
352.438744,24,33.956869
252.13925,24,33.9649
592.29246,24,33.973026
304.161628,24,33.981027
584.948745,24,34.080107
529.548856,24,34.087478
402.727434,24,34.094856
673.987795,24,34.102341
524.901237,24,34.230393
615.145157,24,34.239849
581.502738,24,34.24869
55.814505,24,34.25774
304.304973,24,34.382474
1.807078,24,34.391413
523.012987,24,34.400587
401.607727,24,34.410015
65.389291,24,34.418571
183.910744,24,34.535683
286.493163,24,34.544209
390.492923,24,34.552663
415.135862,24,34.56077
317.264519,24,34.673795
458.870501,24,34.681111
424.624591,24,34.68907
486.41062,24,34.69703
337.276968,24,34.818208
313.147704,24,34.827506
379.841011,24,34.836718
372.682859,24,34.846443
452.884344,24,34.971265
467.78608,24,34.980096
196.599396,24,34.988444
428.996434,24,34.996926
304.939629,24,35.11231
405.275294,24,35.120481
320.666146,24,35.128306
316.841649,24,35.136217
488.385811,24,35.236067
504.782749,24,35.243409
118.591613,24,35.250756
534.849941,24,35.258126
459.793971,24,35.265413
272.525312,24,35.381719
398.05607,24,35.390887
292.83023,24,35.399483
472.410345,24,35.408659
493.313175,24,35.528852
586.841208,24,35.536656
392.574042,24,35.544368
324.201759,24,35.552409
432.112938,24,35.658245
221.305996,24,35.666341
526.549586,24,35.674301
428.403562,24,35.682256
485.588696,24,35.809813
552.828266,24,35.818575
308.921654,24,35.826966
543.787485,24,35.836615
554.972722,24,35.964691
612.681765,24,35.973981
103.408412,24,35.983224
408.144074,24,35.992232
522.827293,24,36.116781
678.971941,24,36.126351
547.999544,24,36.135057
617.833947,24,36.143567
620.157967,24,36.153869
374.697142,24,36.275535
470.187089,24,36.285217
625.150262,24,36.293948
437.749435,24,36.30341
345.042716,24,36.430854
283.786987,24,36.440412
371.591809,24,36.449593
398.342413,24,36.458957
336.387977,24,36.588795
296.362839,24,36.597671
250.574954,24,36.607104
157.093857,24,36.616205
508.446287,24,36.743729
469.869348,24,36.753125
378.97136,24,36.76184
559.727934,24,36.771765
252.279352,24,36.898922
273.631572,24,36.908019
254.797045,24,36.91754
311.736101,24,36.926356
525.881918,24,37.052924
454.336348,24,37.061557
331.144827,24,37.070671
361.06969,24,37.079263
468.269561,24,37.088048
421.09795,24,37.188867
611.587559,24,37.196209
361.119654,24,37.203556
579.375592,24,37.212067
473.843972,24,37.321567
458.43271,24,37.33269
325.369634,24,37.342219
243.425151,24,37.350717
564.478348,24,37.467508
555.347489,24,37.476362
416.519674,24,37.484781
125.768424,24,37.493418
584.492402,24,37.640657
376.867418,24,37.651439
603.704654,24,37.663302
506.586562,24,37.673606
578.041499,24,37.898663
491.185427,24,37.914669
476.480454,24,37.930993
371.342146,24,37.943705
562.492282,24,38.096179
388.688201,24,38.106664
673.984942,24,38.116041
321.38132,24,38.125239
347.202022,24,38.135739
495.72235,24,38.271243
475.981903,24,38.282005
418.298436,24,38.309291
387.104967,24,38.326842
513.434644,24,38.463923
294.301121,24,38.473878
440.301683,24,38.482882
435.681354,24,38.492495
605.308182,24,38.620978
449.225714,24,38.629895
377.064001,24,38.640425
410.471147,24,38.64956
454.816107,24,38.77746
633.381041,24,38.787945
420.5831,24,38.796683
457.35949,24,38.806288
443.163246,24,38.926008
445.598588,24,38.936292
579.115043,24,38.944598
569.437596,24,38.954498
519.287716,24,39.081728
430.14924,24,39.09102
471.541516,24,39.100098
355.637073,24,39.108905
335.520692,24,39.1182
363.269423,24,39.294525
201.991274,24,39.307061
456.536952,24,39.319234
302.955504,24,39.330541
75.179493,24,39.47234
438.896963,24,39.481288
459.400678,24,39.491473
135.302595,24,39.502023
598.717441,24,39.662028
518.302974,24,39.674007
269.579929,24,39.685936
334.44319,24,39.695549
640.035524,24,39.838166
536.822176,24,39.847738
479.541684,24,39.857221
586.248739,24,39.866867
288.870602,24,39.98039
367.60298,24,39.988198
66.43753,24,39.996452
430.438644,24,40.004607
506.310123,24,40.110396
410.456119,24,40.117675
395.017103,24,40.125075
180.743301,24,40.132444
368.395549,24,40.139803
564.889636,24,40.248244
353.484658,24,40.256528
565.000149,24,40.265208
297.289821,24,40.298682
240.466213,24,40.431276
433.398789,24,40.440974
614.164159,24,40.449616
473.944734,24,40.459054
352.962155,24,40.578174
497.263797,24,40.586347
545.674655,24,40.595525
295.639012,24,40.604334
512.279327,24,40.712825
211.810946,24,40.720616
515.240401,24,40.727932
545.33599,24,40.735618
610.283316,24,40.844603
444.731722,24,40.853001
383.317235,24,40.86173
711.493011,24,40.870518
262.570771,24,40.993155
459.379256,24,41.001253
218.979726,24,41.012349
466.534349,24,41.021416
360.532167,24,41.031188
483.504923,24,41.151218
221.06956,24,41.159308
591.776757,24,41.167124
434.832814,24,41.175201
595.251025,24,41.293221
332.133029,24,41.301151
207.214179,24,41.308965
604.003733,24,41.316861
555.560192,24,41.417513
443.260576,24,41.424921
405.776194,24,41.432671
644.947872,24,41.440046
431.780877,24,41.545938
470.257956,24,41.553446
522.003442,24,41.561063
447.033449,24,41.568521
123.950713,24,41.692227
459.292405,24,41.700756
295.812408,24,41.710135
250.773803,24,41.719567
582.845904,24,41.845638
398.982132,24,41.854988
483.549965,24,41.86392
565.121446,24,41.873528
300.2963,24,41.882176
76.006416,24,42.006495
364.677803,24,42.016047
311.364801,24,42.025588
642.230552,24,42.034856
77.363568,24,42.151213
527.03777,24,42.159483
345.929938,24,42.168101
498.170831,24,42.176738
405.541511,24,42.280305
548.319942,24,42.287741
294.914123,24,42.295003
312.689851,24,42.302314
486.400629,24,42.40251
240.130284,24,42.409855
594.367494,24,42.41732
296.453472,24,42.424617
430.281143,24,42.523591
439.541501,24,42.530903
296.322092,24,42.538224
407.663139,24,42.54548
625.85343,24,42.668902
403.625306,24,42.678242
411.385772,24,42.687062
639.991199,24,42.696181
371.936548,24,42.7051
490.441288,24,42.829265
610.285256,24,42.838201
443.404588,24,42.847325
290.479967,24,42.856072
238.485714,24,42.978089
678.583953,24,42.986607
593.286779,24,42.994958
430.129063,24,43.003092
540.624496,24,43.116034
413.202679,24,43.124632
476.333404,24,43.133074
553.162592,24,43.141635
515.236198,24,43.245328
373.131007,24,43.25266
256.962924,24,43.259906
426.708433,24,43.267254
579.116757,24,43.369637
93.666697,24,43.378459
538.821925,24,43.387283
381.930333,24,43.395643
609.208414,24,43.522569
416.811038,24,43.532319
539.706875,24,43.541863
462.331565,24,43.551178
431.920052,24,43.560037
465.866866,24,43.68156
537.793834,24,43.690253
169.444724,24,43.698494
309.68717,24,43.707212
463.594403,24,43.817462
437.641811,24,43.824795
324.775938,24,43.832088
316.791563,24,43.839579
541.153749,24,43.946748
491.055776,24,43.954736
539.400821,24,43.963001
411.607441,24,43.971329
357.272012,24,44.097604
518.055457,24,44.107797
519.249007,24,44.116432
408.815683,24,44.126649
289.700654,24,44.246993
397.620172,24,44.255665
510.271932,24,44.264489
221.129662,24,44.272749
373.10731,24,44.385521
329.687675,24,44.392814
499.273036,24,44.400041
575.709469,24,44.407395
196.836504,24,44.414634
473.436714,24,44.513851
532.086898,24,44.521252
409.74977,24,44.528493
538.463852,24,44.535814
366.913058,24,44.639754
430.770961,24,44.648035
514.161585,24,44.65615
434.652933,24,44.663971
628.009749,24,44.790526
207.304761,24,44.799544
557.036965,24,44.808281
470.045858,24,44.8164
370.019129,24,44.943031
462.284131,24,44.951156
388.406598,24,44.959755
395.902535,24,44.968147
567.508401,24,45.08292
288.074239,24,45.091346
497.581838,24,45.099121
418.817462,24,45.106818
351.924446,24,45.212174
184.972968,24,45.220556
455.840804,24,45.22897
363.10163,24,45.237341
559.313195,24,45.24615
