#{"t_start": 1616739532.8550441, "env_id": "ElectricityMarket-v0"}
r,l,t
105.303748,24,0.516368
109.152853,24,0.524022
140.172785,24,0.532371
112.629584,24,0.540552
132.105082,24,0.549086
89.654988,24,0.557555
105.066463,24,0.566115
79.767323,24,0.574626
186.304117,24,0.824255
246.688297,24,0.831538
257.789004,24,0.838889
200.898876,24,0.846781
483.232619,24,1.03003
567.757753,24,1.073047
540.872278,24,1.108182
529.067877,24,1.137867
459.756307,24,1.351568
389.164169,24,1.364357
327.288199,24,1.37997
326.808815,24,1.394166
338.44752,24,1.556348
563.035157,24,1.566187
561.446153,24,1.579697
567.21269,24,1.591928
541.646146,24,1.603121
793.023416,24,1.703904
781.246767,24,1.711208
786.126548,24,1.718487
781.590869,24,1.725769
785.369591,24,1.819297
784.191405,24,1.827103
754.210173,24,1.836352
764.008896,24,1.844968
786.426105,24,1.955251
775.238978,24,1.963567
772.3973,24,1.971685
771.241339,24,1.980628
780.12819,24,2.089156
768.536415,24,2.100061
780.228788,24,2.109748
762.427902,24,2.120496
782.061653,24,2.264988
772.758953,24,2.277072
779.979306,24,2.287714
797.61224,24,2.29886
755.542156,24,2.418536
788.6053,24,2.425895
766.959343,24,2.433394
785.626807,24,2.440892
772.000953,24,2.448189
780.385872,24,2.549473
785.410545,24,2.557643
774.303993,24,2.566437
792.413854,24,2.575324
766.177155,24,2.687929
764.686,24,2.695544
783.169285,24,2.702857
771.45879,24,2.710156
764.933364,24,2.810609
775.862053,24,2.818408
773.402268,24,2.830548
781.669966,24,2.840657
777.579776,24,2.988251
786.988926,24,2.998722
800.199666,24,3.008683
775.879561,24,3.019126
767.799072,24,3.143981
778.92489,24,3.151382
783.851609,24,3.158836
784.136124,24,3.166221
758.3147,24,3.263624
796.965081,24,3.271177
773.832049,24,3.278473
771.483225,24,3.285952
774.183901,24,3.293264
769.556106,24,3.392685
778.910525,24,3.401404
782.969983,24,3.410368
756.161401,24,3.422065
779.756686,24,3.527889
792.703415,24,3.535664
792.759122,24,3.543375
766.349328,24,3.551141
773.062395,24,3.652078
780.694588,24,3.659875
772.515579,24,3.66771
758.010591,24,3.675472
782.799982,24,3.776847
766.698291,24,3.784873
757.649511,24,3.793015
755.207462,24,3.800895
772.332192,24,3.920061
765.608736,24,3.929246
779.890045,24,3.937564
778.332482,24,3.946513
798.365902,24,4.074573
771.377111,24,4.082205
752.452047,24,4.08959
762.455107,24,4.097044
776.217759,24,4.104314
795.071585,24,4.199503
765.288462,24,4.206794
776.040566,24,4.214087
767.747669,24,4.221316
772.381643,24,4.3173
775.476563,24,4.324629
768.490917,24,4.331922
765.813699,24,4.33934
790.512115,24,4.463823
778.096722,24,4.473922
763.131318,24,4.497125
755.995716,24,4.50957
757.672712,24,4.611678
783.480528,24,4.618987
780.178741,24,4.62629
776.819915,24,4.633555
769.05618,24,4.729785
757.297603,24,4.737391
777.464746,24,4.744857
781.564487,24,4.752211
775.987621,24,4.848107
766.485184,24,4.856012
781.923163,24,4.863323
769.402848,24,4.870694
781.5129,24,4.878163
781.964199,24,4.988146
779.027133,24,4.996066
754.227264,24,5.005334
775.016978,24,5.026858
800.718827,24,5.133794
774.363557,24,5.141147
767.246327,24,5.148451
766.077032,24,5.15576
778.458701,24,5.252251
766.636087,24,5.25958
771.57656,24,5.266882
761.360361,24,5.274111
761.41401,24,5.368726
768.879103,24,5.376225
768.262569,24,5.385458
773.985502,24,5.406948
768.496097,24,5.513786
775.778506,24,5.521393
764.420978,24,5.528693
764.202177,24,5.537683
784.616237,24,5.659068
769.485826,24,5.666603
763.692618,24,5.6739
781.388589,24,5.681166
773.473004,24,5.688825
778.252387,24,5.784297
777.709945,24,5.791618
779.872284,24,5.798907
772.397233,24,5.806348
758.454141,24,5.926109
780.98243,24,5.934134
773.383101,24,5.942091
781.912909,24,5.950279
797.507811,24,6.049956
786.759947,24,6.057437
775.468385,24,6.066045
773.714564,24,6.08804
795.821636,24,6.194129
785.558461,24,6.202392
784.046141,24,6.209779
816.043717,24,6.217071
769.433043,24,6.314437
760.057087,24,6.321762
762.232801,24,6.329151
783.730807,24,6.336426
777.946451,24,6.462949
774.302624,24,6.471137
759.174037,24,6.478727
768.870569,24,6.486457
779.952191,24,6.49368
780.829923,24,6.590592
760.38638,24,6.60429
765.77905,24,6.623857
787.677375,24,6.633128
763.476606,24,6.733286
777.283816,24,6.740718
769.59142,24,6.747994
777.452945,24,6.755299
764.310414,24,6.852202
763.106083,24,6.859568
781.964266,24,6.866849
776.7158,24,6.874107
773.378106,24,6.990454
775.01454,24,6.998156
804.402273,24,7.005692
772.684018,24,7.013152
766.762516,24,7.111699
764.799193,24,7.118993
771.329713,24,7.131229
779.756255,24,7.15324
774.628303,24,7.268861
764.35414,24,7.276172
781.755048,24,7.283717
785.198533,24,7.290976
761.871736,24,7.298386
782.688375,24,7.416041
776.236504,24,7.425239
784.164635,24,7.433516
763.311797,24,7.441472
753.811055,24,7.541786
792.5722,24,7.549164
763.455561,24,7.556448
748.223616,24,7.563958
793.5274,24,7.677869
764.600646,24,7.688837
766.402485,24,7.697503
780.113316,24,7.705661
769.256183,24,7.806365
747.130665,24,7.813799
789.461605,24,7.821144
770.351616,24,7.828364
755.916388,24,7.939943
768.980516,24,7.947603
804.303906,24,7.955121
765.711886,24,7.962398
764.302626,24,8.061596
757.093081,24,8.068884
769.934547,24,8.076251
757.867899,24,8.083551
775.200752,24,8.090834
770.057399,24,8.192881
793.89,24,8.213167
786.677033,24,8.223009
770.575447,24,8.231471
790.355819,24,8.333294
785.520281,24,8.340615
766.491961,24,8.347901
778.254371,24,8.355169
772.111914,24,8.482252
789.152713,24,8.489746
773.795945,24,8.497352
786.264511,24,8.504598
754.997921,24,8.602263
763.905772,24,8.609649
786.320209,24,8.616945
761.08094,24,8.624216
783.454473,24,8.724874
766.319684,24,8.742814
787.256571,24,8.753397
753.387971,24,8.761972
771.143791,24,8.864098
779.488189,24,8.871649
769.187109,24,8.879185
771.646628,24,8.886693
774.365866,24,8.894379
750.660479,24,9.107358
773.50495,24,9.135044
784.099061,24,9.148777
776.406873,24,9.159227
788.198914,24,9.284761
756.754688,24,9.293133
761.59014,24,9.302102
771.796687,24,9.313081
783.092595,24,9.444808
783.550978,24,9.454688
769.171284,24,9.463824
790.903594,24,9.473737
794.267213,24,9.603028
763.085483,24,9.611796
768.869985,24,9.620553
773.837373,24,9.629284
768.740939,24,9.754883
778.350288,24,9.764035
775.111131,24,9.773899
774.936579,24,9.78296
766.27235,24,9.912613
784.157299,24,9.922556
779.228437,24,9.930855
775.747511,24,9.939254
755.502246,24,9.947998
762.49651,24,10.047784
794.348614,24,10.055237
781.769915,24,10.062515
778.820402,24,10.069893
781.454385,24,10.170782
769.097613,24,10.178116
761.827449,24,10.185555
767.270165,24,10.192917
768.469305,24,10.292002
775.330004,24,10.299254
760.263926,24,10.309137
770.521389,24,10.318428
763.52428,24,10.425767
773.195285,24,10.433803
772.10887,24,10.441102
770.443602,24,10.448449
771.929818,24,10.561663
773.431314,24,10.570327
775.677984,24,10.578759
770.821091,24,10.587104
778.238651,24,10.700746
765.422401,24,10.708746
783.738865,24,10.716516
783.137509,24,10.723786
768.125152,24,10.731377
776.816054,24,10.830641
779.753073,24,10.840206
786.64266,24,10.849492
771.718228,24,10.857912
766.372085,24,10.968467
768.152879,24,10.97654
760.260504,24,10.984276
755.967054,24,10.993907
757.784872,24,11.118451
792.452618,24,11.127329
778.530181,24,11.137386
779.192997,24,11.147199
759.200731,24,11.276843
775.75296,24,11.286731
776.577907,24,11.295585
760.615228,24,11.305395
776.658046,24,11.426234
767.309666,24,11.435505
796.791663,24,11.444506
774.18801,24,11.454862
797.655767,24,11.585913
771.08273,24,11.59645
780.554653,24,11.606131
768.817535,24,11.61613
764.901667,24,11.626506
770.832903,24,11.761935
765.403619,24,11.77139
771.775612,24,11.781065
752.219402,24,11.791529
769.770763,24,11.934814
750.715019,24,11.945944
766.097953,24,11.973278
750.605217,24,11.982879
776.40898,24,12.11867
782.470657,24,12.128389
771.873328,24,12.141087
762.258692,24,12.158249
767.359256,24,12.300088
772.01259,24,12.308087
756.980892,24,12.317534
764.169823,24,12.326388
763.86441,24,12.458
788.5411,24,12.468594
761.464282,24,12.47797
767.07753,24,12.487624
763.768994,24,12.624589
768.71817,24,12.632858
757.797018,24,12.641106
746.708048,24,12.649449
762.40099,24,12.658153
758.327391,24,12.765685
775.122157,24,12.773721
760.749581,24,12.781507
763.581726,24,12.7897
772.91847,24,12.896186
762.179214,24,12.903526
761.349712,24,12.911349
778.606201,24,12.918648
783.500593,24,13.034648
750.806508,24,13.044731
762.75384,24,13.055958
764.78884,24,13.065173
767.941002,24,13.197586
791.763281,24,13.206711
774.257902,24,13.215573
756.695164,24,13.224254
758.291725,24,13.340284
792.270178,24,13.348528
765.927999,24,13.356446
778.412079,24,13.364895
774.826742,24,13.474193
777.601607,24,13.481535
767.964501,24,13.491506
776.455735,24,13.500622
764.792631,24,13.508565
780.571593,24,13.617539
770.232187,24,13.62562
764.333854,24,13.633665
773.300867,24,13.641655
768.877514,24,13.766003
754.765149,24,13.774469
764.98625,24,13.784463
762.37045,24,13.794164
784.116543,24,13.922925
784.701397,24,13.932213
788.888697,24,13.942177
774.671392,24,13.951436
758.515384,24,14.07355
760.507671,24,14.081929
766.729859,24,14.090007
785.75434,24,14.098207
782.603881,24,14.20461
773.795385,24,14.212096
785.641003,24,14.219852
783.72973,24,14.227734
770.957408,24,14.332654
772.078856,24,14.34077
774.273514,24,14.3488
773.747253,24,14.357783
777.497972,24,14.367747
775.644271,24,14.504393
781.470455,24,14.514314
784.910117,24,14.524052
777.535749,24,14.533613
786.45178,24,14.664864
783.651219,24,14.673389
757.487441,24,14.681986
777.474434,24,14.691111
774.311434,24,14.813003
765.023533,24,14.821709
757.261054,24,14.830488
784.512464,24,14.839035
759.029514,24,14.964368
784.476363,24,14.972815
780.501637,24,14.981645
776.702379,24,14.990852
778.716243,24,15.149945
758.156034,24,15.160644
772.951634,24,15.171097
763.581751,24,15.182926
767.76955,24,15.324909
775.414011,24,15.335231
789.563563,24,15.346103
771.667705,24,15.357309
763.32525,24,15.366679
762.394077,24,15.496904
764.228672,24,15.505026
776.457062,24,15.512732
780.698977,24,15.520369
781.586876,24,15.635434
771.993108,24,15.644766
763.568792,24,15.653038
764.567104,24,15.6616
770.358054,24,15.771334
778.532161,24,15.77992
762.552977,24,15.788153
769.50862,24,15.795927
763.305695,24,15.929971
773.416101,24,15.93982
757.969224,24,15.950522
764.5022,24,15.961837
784.463831,24,16.09573
768.249385,24,16.104376
773.160058,24,16.112744
776.646335,24,16.120807
766.627639,24,16.227614
765.474911,24,16.235325
784.844962,24,16.243095
761.008253,24,16.251515
777.136891,24,16.260034
762.891563,24,16.374123
764.219346,24,16.383194
753.128383,24,16.391838
759.057518,24,16.403826
757.934737,24,16.528675
796.726396,24,16.537198
777.792675,24,16.545924
757.348765,24,16.554322
779.060692,24,16.683167
760.035425,24,16.69263
769.632503,24,16.702331
788.399034,24,16.712763
772.509578,24,16.838632
764.525737,24,16.846514
767.074869,24,16.854337
781.508087,24,16.861879
800.491448,24,16.972353
768.565612,24,16.979918
785.38038,24,16.987774
766.286249,24,16.995368
783.908742,24,17.097439
787.115874,24,17.104803
749.332071,24,17.112121
783.999595,24,17.119466
767.059005,24,17.127023
783.176545,24,17.230098
759.587766,24,17.23781
778.06615,24,17.245631
765.189684,24,17.253438
775.870576,24,17.35417
778.652918,24,17.361823
770.291913,24,17.36967
775.992011,24,17.377427
776.471543,24,17.483909
771.024979,24,17.491469
768.506132,24,17.499101
762.238369,24,17.506768
770.96112,24,17.607261
769.832027,24,17.6149
765.940543,24,17.622666
769.109455,24,17.630457
809.48142,24,17.731956
777.807572,24,17.739693
771.617445,24,17.74773
767.843883,24,17.755539
775.466999,24,17.862979
753.597738,24,17.871445
770.271776,24,17.8802
759.614838,24,17.897105
780.439365,24,17.915857
772.82571,24,18.23937
762.958832,24,18.248383
774.761251,24,18.257537
753.115218,24,18.266207
771.547527,24,18.372038
746.981497,24,18.380491
771.721905,24,18.389363
762.09349,24,18.397852
764.68296,24,18.503827
763.971396,24,18.511518
774.608105,24,18.519145
770.989708,24,18.526968
779.515962,24,18.625938
751.449516,24,18.633394
775.035213,24,18.640881
766.467374,24,18.649107
756.682798,24,18.777544
763.226175,24,18.788209
767.121612,24,18.797502
771.858812,24,18.807835
778.200951,24,18.939157
763.293905,24,18.947477
788.998215,24,18.955922
785.957393,24,18.964009
748.76345,24,18.972575
770.006002,24,19.080795
773.579383,24,19.088621
772.63076,24,19.096236
772.041699,24,19.103893
791.186468,24,19.204248
765.417231,24,19.211626
750.881386,24,19.219059
768.104439,24,19.226516
789.115124,24,19.328539
761.292861,24,19.335869
787.277089,24,19.343729
757.298907,24,19.351039
766.339242,24,19.474394
765.829955,24,19.48382
755.690121,24,19.493717
772.536616,24,19.503747
752.576883,24,19.635738
778.565784,24,19.645423
785.676365,24,19.65361
752.026423,24,19.66183
781.720915,24,19.768862
774.867416,24,19.776404
768.017899,24,19.78392
755.050838,24,19.791898
789.468126,24,19.799322
771.693541,24,19.905794
769.116235,24,19.914026
779.500684,24,19.921587
794.623347,24,19.928955
761.318426,24,20.036278
775.260391,24,20.043862
775.011215,24,20.051621
762.687618,24,20.059456
773.759745,24,20.160527
775.823724,24,20.168171
767.697323,24,20.175902
774.475085,24,20.183621
766.000097,24,20.285589
773.144963,24,20.293182
788.338667,24,20.300801
771.492643,24,20.308732
772.729438,24,20.425825
760.515438,24,20.433854
770.812277,24,20.441768
795.698771,24,20.449059
760.75899,24,20.548216
764.633926,24,20.556615
761.528529,24,20.565033
784.581693,24,20.573467
758.793375,24,20.582064
786.807181,24,20.698251
771.967469,24,20.711703
761.778158,24,20.721672
752.475089,24,20.737528
771.771295,24,20.965106
771.679933,24,20.973287
762.313188,24,20.981138
783.313557,24,20.988825
763.935958,24,21.093031
801.377354,24,21.100447
779.021939,24,21.107895
779.788853,24,21.115427
777.14923,24,21.214625
770.35788,24,21.22221
764.820652,24,21.2298
774.322394,24,21.237664
793.403208,24,21.336853
770.589042,24,21.344734
789.582946,24,21.35238
770.518995,24,21.360062
775.412077,24,21.482987
775.080565,24,21.492963
764.034721,24,21.502194
768.48475,24,21.511594
774.74903,24,21.521081
775.105134,24,21.647848
764.794417,24,21.657556
762.871543,24,21.666067
771.397296,24,21.674058
762.665898,24,21.774874
779.339923,24,21.782216
752.314483,24,21.789603
780.276532,24,21.797074
768.284649,24,21.904023
776.121057,24,21.913216
785.391381,24,21.921368
772.758033,24,21.930085
772.611829,24,22.037923
774.131781,24,22.045987
770.807273,24,22.054717
764.664071,24,22.063339
762.387534,24,22.173758
781.078957,24,22.194802
765.62934,24,22.204616
766.430644,24,22.212423
789.407963,24,22.314795
791.34166,24,22.322137
770.285487,24,22.329588
767.14607,24,22.337057
781.150066,24,22.344573
767.240939,24,22.468987
770.177584,24,22.477156
768.43746,24,22.485228
772.099181,24,22.493409
770.445076,24,22.593284
765.094323,24,22.601167
755.900526,24,22.608858
765.149482,24,22.616541
767.878839,24,22.715777
784.53455,24,22.723224
784.744099,24,22.730729
777.298859,24,22.738622
766.15402,24,22.836247
783.53118,24,22.843846
770.098843,24,22.851429
771.354901,24,22.858822
772.358673,24,22.985049
771.850033,24,22.992926
755.829343,24,23.00057
778.052447,24,23.008225
781.378482,24,23.111224
782.694655,24,23.118834
785.989512,24,23.126453
774.722592,24,23.134306
772.61543,24,23.14162
775.535434,24,23.240559
785.360139,24,23.248389
777.741619,24,23.256171
761.874476,24,23.263632
772.597106,24,23.362266
788.313273,24,23.36985
766.417965,24,23.377626
774.886653,24,23.38775
761.463571,24,23.512471
764.829566,24,23.519877
771.100774,24,23.527254
785.548767,24,23.534647
779.221329,24,23.634876
764.926893,24,23.642537
766.422247,24,23.650333
773.299654,24,23.658079
776.202801,24,23.758187
763.585262,24,23.765525
762.302777,24,23.773146
761.537858,24,23.780454
763.740784,24,23.87936
784.753511,24,23.890678
776.386562,24,23.908156
772.954648,24,23.918752
792.497141,24,23.927446
809.651493,24,24.03139
773.416918,24,24.038723
782.162243,24,24.046185
763.314196,24,24.054278
776.45132,24,24.156957
753.301099,24,24.164916
765.404656,24,24.172828
771.867046,24,24.180522
758.833605,24,24.287274
761.359646,24,24.295402
771.541886,24,24.303848
769.097757,24,24.311646
772.444727,24,24.435237
785.516684,24,24.4435
747.778727,24,24.451478
772.042983,24,24.459336
770.793761,24,24.563917
770.649984,24,24.571429
771.11822,24,24.579144
776.100954,24,24.586663
782.700808,24,24.688585
781.786294,24,24.696031
763.99531,24,24.703579
755.046292,24,24.711167
767.448486,24,24.718695
759.988703,24,24.821303
752.979199,24,24.829099
787.947442,24,24.83698
781.320821,24,24.845092
778.281321,24,24.970674
761.171969,24,24.978572
769.357073,24,24.986068
788.949934,24,24.994028
769.265363,24,25.094044
751.891775,24,25.101476
778.90606,24,25.108898
772.874482,24,25.116391
791.999995,24,25.225649
785.83227,24,25.233533
764.670144,24,25.241213
774.346221,24,25.248638
768.34578,24,25.354079
767.73758,24,25.361651
796.382038,24,25.370464
773.527803,24,25.377915
790.18038,24,25.513545
749.337794,24,25.522202
782.723496,24,25.530344
804.756773,24,25.538654
780.301185,24,25.546625
759.701826,24,25.656705
776.107294,24,25.664938
774.887076,24,25.67342
761.717386,24,25.681588
776.378038,24,25.788519
783.296903,24,25.796175
804.926311,24,25.803841
775.313489,24,25.811406
765.626932,24,25.924166
768.389474,24,25.932696
767.872047,24,25.94107
764.148964,24,25.949329
782.706709,24,26.05483
759.868095,24,26.062509
758.910388,24,26.070269
772.589255,24,26.078054
782.136604,24,26.178981
771.346267,24,26.186745
773.207996,24,26.1945
760.275317,24,26.203532
782.344473,24,26.3048
762.88613,24,26.312428
774.72323,24,26.320089
771.039222,24,26.327849
776.306618,24,26.335631
761.156019,24,26.462514
744.801047,24,26.470402
771.712982,24,26.477926
785.35715,24,26.485608
782.832484,24,26.585938
762.254194,24,26.593335
764.205148,24,26.60082
769.909533,24,26.608422
795.876857,24,26.721136
764.920075,24,26.729489
778.372186,24,26.738964
781.794963,24,26.747295
780.215657,24,26.923569
758.613323,24,26.938934
770.807319,24,26.960056
759.743927,24,26.979018
776.648355,24,27.118006
783.481676,24,27.126597
773.281308,24,27.134753
768.409888,24,27.142676
770.820919,24,27.243695
786.490104,24,27.252428
771.150807,24,27.260892
773.156917,24,27.269719
770.340734,24,27.278058
756.044396,24,27.41431
773.232476,24,27.428133
804.333154,24,27.439392
772.018367,24,27.450987
766.749187,24,27.585793
751.441686,24,27.595886
756.018128,24,27.605451
785.327077,24,27.615113
768.965583,24,27.748953
777.355494,24,27.759453
783.224908,24,27.768395
767.695451,24,27.778616
757.345751,24,27.902511
774.154443,24,27.911506
766.226146,24,27.922322
766.343037,24,27.9327
786.648844,24,28.073699
768.906364,24,28.082284
776.138587,24,28.090714
768.170105,24,28.099071
778.243242,24,28.211265
761.567965,24,28.218931
757.947447,24,28.226823
762.147986,24,28.23435
778.877125,24,28.241695
781.171023,24,28.347796
773.117528,24,28.355909
765.133632,24,28.363669
783.814291,24,28.37263
799.349637,24,28.489695
770.423516,24,28.498672
770.676286,24,28.508534
759.188787,24,28.518732
758.260991,24,28.652024
776.760299,24,28.661138
760.265144,24,28.67101
766.940671,24,28.680472
778.950902,24,28.800569
792.087498,24,28.808288
766.661607,24,28.8158
778.069243,24,28.824973
765.591451,24,28.949681
778.879396,24,28.958806
764.297161,24,28.96826
770.187283,24,28.977267
771.714373,24,29.115904
748.750967,24,29.126215
781.034864,24,29.138109
767.772084,24,29.147901
789.080431,24,29.15803
770.192098,24,29.296435
772.702825,24,29.306718
775.743336,24,29.316267
771.13695,24,29.326325
794.095263,24,29.467197
771.7826,24,29.476946
767.111083,24,29.48843
766.540359,24,29.497895
782.154708,24,29.658273
775.449843,24,29.676774
783.986564,24,29.693667
783.435474,24,29.704235
797.308,24,29.840184
773.967846,24,29.848747
791.04753,24,29.857442
762.845211,24,29.865686
778.588866,24,29.995827
774.284516,24,30.006472
777.748202,24,30.01669
787.966258,24,30.026265
771.834629,24,30.161101
785.974908,24,30.170224
754.199557,24,30.180066
777.11983,24,30.189984
760.19341,24,30.19979
776.54605,24,30.310199
789.731243,24,30.318461
743.742676,24,30.326648
779.559542,24,30.334607
754.369683,24,30.463178
776.18401,24,30.47348
769.673675,24,30.484476
775.61996,24,30.494152
781.599528,24,30.631727
785.315037,24,30.642222
779.256376,24,30.651394
767.257518,24,30.661189
760.704658,24,30.786244
795.164542,24,30.795638
764.932961,24,30.805734
764.665972,24,30.814142
772.166726,24,30.942481
773.720168,24,30.951417
784.400346,24,30.961377
759.969526,24,30.97152
770.236767,24,31.1154
771.054769,24,31.124077
778.214087,24,31.132425
773.087355,24,31.140695
774.464262,24,31.149564
770.891122,24,31.278714
759.138298,24,31.28825
772.718962,24,31.297745
790.416686,24,31.308464
785.157065,24,31.440988
779.535312,24,31.450213
757.720492,24,31.460513
782.389474,24,31.468785
782.867987,24,31.578924
781.867855,24,31.595925
774.888704,24,31.604985
796.796332,24,31.614471
771.558796,24,31.73798
754.450737,24,31.748265
767.075794,24,31.757412
778.693469,24,31.767002
782.460982,24,31.909399
759.117329,24,31.919891
760.566782,24,31.930706
760.590998,24,31.940745
771.41754,24,32.068933
761.664486,24,32.077165
768.416341,24,32.087126
793.451621,24,32.096344
758.92533,24,32.104787
786.264963,24,32.220065
765.870637,24,32.227656
762.126035,24,32.235426
788.030988,24,32.243215
785.563378,24,32.345314
757.023995,24,32.352933
771.025598,24,32.360746
762.866969,24,32.368613
775.158408,24,32.482985
765.453392,24,32.490809
777.598766,24,32.499682
757.929382,24,32.508387
791.820785,24,32.82513
775.969824,24,32.833712
776.768679,24,32.84183
772.567631,24,32.849964
767.848217,24,32.956378
795.581551,24,32.964361
796.458311,24,32.972771
755.115102,24,32.982565
761.553608,24,33.100516
771.868749,24,33.108647
769.551941,24,33.118589
779.678461,24,33.128808
782.072499,24,33.139106
769.63824,24,33.250277
778.42161,24,33.257859
762.519811,24,33.265477
779.634689,24,33.273466
779.81148,24,33.376488
759.884523,24,33.38465
776.469957,24,33.392041
768.893687,24,33.399842
789.125984,24,33.504096
780.917119,24,33.511776
780.324904,24,33.519565
776.891582,24,33.52762
756.761125,24,33.629668
778.454317,24,33.6373
774.62383,24,33.646131
764.557312,24,33.655101
770.837004,24,33.782507
778.749198,24,33.79253
757.063386,24,33.802444
774.513862,24,33.812581
781.346231,24,33.919256
784.576662,24,33.927392
767.663472,24,33.935516
768.649545,24,33.943555
759.81834,24,33.951185
753.700798,24,34.056134
768.538226,24,34.063795
773.640947,24,34.071591
769.077897,24,34.079154
774.670942,24,34.185685
770.879871,24,34.193418
773.139796,24,34.201472
753.827343,24,34.209365
756.328436,24,34.310523
767.481757,24,34.318555
788.979974,24,34.326019
780.7027,24,34.333463
776.041122,24,34.434084
783.081431,24,34.441974
748.797063,24,34.449879
770.633964,24,34.458281
790.657072,24,34.598951
749.187676,24,34.610919
774.767458,24,34.621177
753.307603,24,34.632065
761.300987,24,34.763242
795.8829,24,34.77138
754.511895,24,34.779596
789.005311,24,34.787539
771.861221,24,34.795111
753.705265,24,34.904142
758.833536,24,34.911886
774.030033,24,34.919838
785.365669,24,34.927302
784.388316,24,35.032767
766.551302,24,35.040808
774.93991,24,35.048968
767.522132,24,35.057295
763.7943,24,35.185718
763.746934,24,35.195139
763.837404,24,35.205345
740.973228,24,35.21718
757.977309,24,35.356171
773.214421,24,35.366584
771.66154,24,35.376667
784.72248,24,35.386856
775.287075,24,35.499133
771.802776,24,35.507175
752.353525,24,35.515086
772.685817,24,35.522871
775.808501,24,35.627334
778.849883,24,35.635107
778.743703,24,35.642667
751.528899,24,35.650435
776.394934,24,35.658195
772.038083,24,35.761708
762.53483,24,35.769788
757.588661,24,35.778009
755.333606,24,35.785649
769.978813,24,35.901033
784.600611,24,35.911531
789.918611,24,35.921291
773.857594,24,35.931822
769.55817,24,36.063331
768.18954,24,36.073248
751.41069,24,36.082368
796.697358,24,36.092884
760.645363,24,36.202564
777.187776,24,36.210631
761.838024,24,36.218592
760.018989,24,36.22657
776.015376,24,36.331187
756.301276,24,36.338823
787.325426,24,36.346649
769.863939,24,36.354281
760.796367,24,36.460807
784.297878,24,36.468223
761.635733,24,36.476007
770.371582,24,36.483627
757.985015,24,36.49145
769.349636,24,36.595596
770.712607,24,36.603349
765.699853,24,36.611052
778.452244,24,36.618851
771.387757,24,36.722971
770.725038,24,36.730894
765.288802,24,36.738872
772.147776,24,36.746883
773.002102,24,36.852382
783.688825,24,36.860139
771.955731,24,36.867836
787.834063,24,36.875662
761.019363,24,36.98676
774.165022,24,36.994613
778.589532,24,37.003223
761.923907,24,37.010619
769.379472,24,37.113932
759.866118,24,37.121792
771.244309,24,37.129395
774.203904,24,37.13679
785.578515,24,37.258157
777.556409,24,37.265694
769.232455,24,37.273411
783.332114,24,37.28175
759.162677,24,37.289098
788.13819,24,37.401053
757.386172,24,37.410821
782.156926,24,37.420321
770.093024,24,37.428988
751.787273,24,37.547672
783.070371,24,37.555169
780.791473,24,37.562768
766.685343,24,37.570555
754.636422,24,37.676533
762.87367,24,37.684584
779.831772,24,37.692919
764.189321,24,37.701178
761.4957,24,37.823012
783.026158,24,37.8309
761.173935,24,37.838744
759.425424,24,37.846687
771.940243,24,37.949615
770.206305,24,37.957423
757.924288,24,37.965343
784.654075,24,37.973308
768.120497,24,38.075931
788.653613,24,38.083863
754.857246,24,38.092176
775.973376,24,38.099556
759.661124,24,38.107116
772.920022,24,38.209622
800.549233,24,38.21755
773.870639,24,38.226152
760.26222,24,38.243754
766.141081,24,38.381131
757.763748,24,38.388901
758.300332,24,38.396423
770.442329,24,38.403958
769.468293,24,38.50638
765.08021,24,38.514025
783.804001,24,38.521673
770.588673,24,38.529569
766.161165,24,38.63155
777.375105,24,38.639189
776.353421,24,38.646941
771.585587,24,38.654626
782.714191,24,38.766251
773.104032,24,38.774103
772.471957,24,38.781929
785.795544,24,38.791568
760.297131,24,38.900278
793.084951,24,38.907779
744.198386,24,38.915738
769.407913,24,38.923422
762.0001,24,38.931244
783.016639,24,39.034273
781.704389,24,39.042268
760.136214,24,39.050447
768.824751,24,39.057801
767.057198,24,39.15835
763.628811,24,39.166059
757.722778,24,39.17368
780.154264,24,39.181399
776.397042,24,39.294795
764.995182,24,39.302568
774.586731,24,39.310105
790.966684,24,39.319665
784.942986,24,39.429343
767.367006,24,39.437163
770.554617,24,39.445044
781.726567,24,39.452711
763.291575,24,39.553469
766.384214,24,39.56116
770.264913,24,39.568568
784.458149,24,39.576368
753.226543,24,39.676468
750.927345,24,39.684235
774.53389,24,39.691981
783.138114,24,39.699625
766.232189,24,39.70749
768.052622,24,39.820711
775.469496,24,39.828541
762.384013,24,39.836477
787.461243,24,39.844592
776.487572,24,39.971766
768.557563,24,39.979571
774.577295,24,39.987043
767.400152,24,39.994739
748.064883,24,40.0968
756.116892,24,40.104598
746.629634,24,40.112469
781.192257,24,40.120362
780.580872,24,40.220623
768.329164,24,40.229733
786.212644,24,40.241977
781.890967,24,40.251071
770.620577,24,40.353933
764.459702,24,40.361521
770.860819,24,40.369121
802.594605,24,40.377768
784.904532,24,40.503479
763.404062,24,40.511368
769.330361,24,40.519248
767.411155,24,40.527078
762.205794,24,40.534976
778.879281,24,40.638249
750.828424,24,40.645718
771.483207,24,40.653182
765.671393,24,40.660828
762.314347,24,40.782981
777.332187,24,40.791231
754.730289,24,40.799141
793.238227,24,40.806779
775.796918,24,40.90894
777.608539,24,40.923847
742.070606,24,40.938753
771.9248,24,40.947609
777.208875,24,41.051611
771.63513,24,41.059493
753.516225,24,41.067325
781.891717,24,41.075177
775.053506,24,41.176808
767.949646,24,41.184498
780.0412,24,41.192473
762.195091,24,41.200374
774.64131,24,41.32639
772.061464,24,41.33382
773.81252,24,41.341386
790.371808,24,41.349501
753.021355,24,41.356845
771.689322,24,41.480278
785.022342,24,41.48874
756.772883,24,41.496773
778.057765,24,41.504819
784.163801,24,41.606076
772.001607,24,41.61375
793.968596,24,41.621446
797.914639,24,41.629066
779.778237,24,41.73198
770.432357,24,41.743698
762.631755,24,41.752343
765.909425,24,41.760413
781.082054,24,41.861379
782.782501,24,41.869037
775.419079,24,41.876682
781.524883,24,41.887937
788.854397,24,42.007793
773.987446,24,42.015738
780.531339,24,42.023486
780.395822,24,42.031202
779.040771,24,42.133563
759.030268,24,42.141473
787.024983,24,42.14888
763.014554,24,42.15647
755.525114,24,42.164266
774.620035,24,42.278603
777.560293,24,42.286576
765.649557,24,42.29411
781.250579,24,42.301792
770.157959,24,42.403861
777.730567,24,42.411652
768.464372,24,42.41934
773.677493,24,42.426986
778.33068,24,42.556143
760.5518,24,42.576493
747.226456,24,42.587244
786.663959,24,42.59614
775.454982,24,42.701042
769.71075,24,42.708743
794.274318,24,42.716529
759.69149,24,42.724357
791.108473,24,42.839522
769.618072,24,42.847051
787.517011,24,42.854696
763.878843,24,42.86229
781.491853,24,42.96186
770.622797,24,42.969481
764.687386,24,42.977939
788.401043,24,42.985358
793.013717,24,42.992965
757.326159,24,43.12225
766.382077,24,43.130165
766.983971,24,43.137837
762.073271,24,43.145687
752.581052,24,43.269417
775.338774,24,43.278019
766.317009,24,43.286081
762.183564,24,43.294315
766.584675,24,43.398939
763.188654,24,43.406465
776.742743,24,43.415216
771.278375,24,43.422582
762.669086,24,43.522585
775.107699,24,43.530626
780.661326,24,43.537982
761.943205,24,43.545884
760.241525,24,43.673564
778.229613,24,43.681228
773.625505,24,43.688983
772.930848,24,43.697048
765.056361,24,43.828071
769.830191,24,43.835922
767.661001,24,43.843279
767.183224,24,43.8508
761.560694,24,43.858345
763.96343,24,43.995124
795.08842,24,44.008636
777.926132,24,44.027638
762.08048,24,44.038747
755.381465,24,44.15517
783.762245,24,44.162861
764.536107,24,44.170667
776.563888,24,44.178939
754.854304,24,44.283701
781.477323,24,44.291491
785.372306,24,44.299377
769.337875,24,44.307265
776.895115,24,44.40965
756.638981,24,44.417469
759.051187,24,44.425463
767.174327,24,44.433351
780.683402,24,44.535598
760.430137,24,44.543394
783.11371,24,44.551352
772.453831,24,44.558681
749.707369,24,44.665418
778.047598,24,44.673114
772.758954,24,44.680589
768.239014,24,44.688199
780.11302,24,44.696002
759.504612,24,44.799225
775.760003,24,44.807092
766.892701,24,44.814935
765.991435,24,44.822764
785.655389,24,44.925651
774.275772,24,44.933527
755.609134,24,44.941408
800.474924,24,44.949359
762.985193,24,45.061169
742.261004,24,45.07
765.26402,24,45.07814
756.326578,24,45.086012
766.069743,24,45.189361
768.467134,24,45.197184
793.322027,24,45.204996
758.767337,24,45.212821
759.744886,24,45.322888
781.404867,24,45.332375
782.57014,24,45.340864
783.298472,24,45.349441
778.022098,24,45.455307
778.949728,24,45.462866
767.072542,24,45.470458
769.603071,24,45.478054
768.066417,24,45.485628
767.153798,24,45.585896
761.310901,24,45.593839
769.181931,24,45.601683
769.772474,24,45.60954
785.380084,24,45.718438
744.868137,24,45.727944
751.904152,24,45.737249
785.909935,24,45.74608
771.896041,24,45.849914
778.897917,24,45.857582
804.417194,24,45.865346
767.024815,24,45.873115
760.31816,24,45.973675
773.036512,24,45.981991
802.18332,24,45.989506
773.729936,24,45.997213
767.897519,24,46.098884
764.814331,24,46.106516
779.541802,24,46.114233
771.070925,24,46.121883
759.939602,24,46.22799
763.96642,24,46.236377
774.661788,24,46.244577
785.643778,24,46.252472
771.416556,24,46.260236
776.410255,24,46.362719
777.291183,24,46.370611
777.193884,24,46.378553
757.619954,24,46.38643
763.165664,24,46.485957
779.230468,24,46.493687
772.126813,24,46.501399
769.277156,24,46.509052
760.416372,24,46.60869
779.745987,24,46.616403
793.296563,24,46.624054
757.234653,24,46.631758
765.360499,24,46.733134
774.584063,24,46.740763
770.231452,24,46.749584
776.927824,24,46.758276
772.570781,24,46.86082
777.905096,24,46.868607
788.26444,24,46.877946
781.309673,24,46.888485
757.832441,24,47.007867
774.250826,24,47.015624
769.31399,24,47.023165
760.349835,24,47.030784
781.698823,24,47.038567
770.316681,24,47.138953
767.370165,24,47.146649
765.693759,24,47.154263
778.322663,24,47.16174
761.595398,24,47.267888
766.720794,24,47.275915
785.951901,24,47.283835
769.679957,24,47.291693
765.546376,24,47.398211
771.307356,24,47.406671
773.128361,24,47.414938
774.811128,24,47.422989
752.825566,24,47.523065
768.660138,24,47.530969
777.785662,24,47.538802
776.144293,24,47.546633
763.177602,24,47.647551
778.87876,24,47.655412
803.519464,24,47.663233
766.852064,24,47.670898
760.828496,24,47.778857
760.026104,24,47.786845
780.510732,24,47.794658
781.679094,24,47.802535
778.998667,24,47.810494
768.234486,24,47.911329
747.879373,24,47.919494
777.073168,24,47.926789
769.700526,24,47.934315
765.838627,24,48.036393
786.48423,24,48.044183
768.049568,24,48.052026
769.646738,24,48.059836
775.967662,24,48.162473
759.702283,24,48.170034
774.754497,24,48.17775
769.08527,24,48.185544
763.78176,24,48.288726
766.594321,24,48.296491
787.787316,24,48.304286
763.105203,24,48.312399
793.654278,24,48.416024
762.002471,24,48.423728
773.918245,24,48.431439
785.178147,24,48.439261
755.739314,24,48.541747
748.376208,24,48.549514
780.669116,24,48.556813
752.861204,24,48.564343
768.156909,24,48.572103
770.162069,24,48.675161
782.147083,24,48.682982
749.238069,24,48.690838
777.609102,24,48.698797
769.810389,24,48.807561
793.891338,24,48.816346
761.466443,24,48.824574
785.277007,24,48.832713
772.194304,24,48.945122
767.253147,24,48.952998
762.945043,24,48.960832
768.423318,24,48.968824
772.664999,24,49.078062
762.897147,24,49.085869
792.430897,24,49.093623
777.338283,24,49.101406
762.40626,24,49.211748
778.871455,24,49.220632
775.291386,24,49.229087
756.925347,24,49.237383
778.585245,24,49.337675
777.210329,24,49.345236
772.435128,24,49.35284
775.902216,24,49.360621
736.303535,24,49.368481
783.168969,24,49.472591
770.179545,24,49.480434
768.62255,24,49.48832
768.182189,24,49.496179
776.182523,24,49.599643
757.475789,24,49.607463
739.438844,24,49.615348
760.840447,24,49.623129
769.460304,24,49.725268
759.177848,24,49.734199
771.226425,24,49.741613
787.202809,24,49.749397
792.641405,24,49.850204
766.100324,24,49.857677
771.559475,24,49.865577
774.325408,24,49.873476
774.643425,24,49.981438
787.195732,24,49.989063
794.110123,24,49.996738
776.364721,24,50.004506
758.624986,24,50.106091
785.569489,24,50.113749
770.009409,24,50.121426
790.973219,24,50.129242
772.903723,24,50.137103
786.426987,24,50.242298
775.111985,24,50.250336
780.536653,24,50.258559
776.962799,24,50.266838
783.521971,24,50.370009
771.938626,24,50.377883
782.22259,24,50.385865
776.351369,24,50.393716
791.225658,24,50.500796
761.703215,24,50.508148
772.786864,24,50.515891
792.485347,24,50.523674
771.992039,24,50.626336
760.313879,24,50.634209
765.686327,24,50.642046
777.517087,24,50.64983
780.288738,24,50.75248
754.162438,24,50.760132
758.593652,24,50.76772
779.424537,24,50.775421
758.261989,24,50.876162
776.180185,24,50.883858
767.912815,24,50.89156
763.158433,24,50.899402
757.615598,24,50.907232
756.943874,24,51.013835
776.438277,24,51.021643
760.295834,24,51.02958
773.902776,24,51.037195
756.29989,24,51.136958
775.957847,24,51.144551
778.75673,24,51.152165
767.609205,24,51.159747
770.415077,24,51.263138
763.429528,24,51.27083
760.762499,24,51.278244
781.648456,24,51.286272
758.13265,24,51.387156
768.304413,24,51.394654
761.929339,24,51.402299
755.875632,24,51.409902
769.168857,24,51.512178
765.895043,24,51.519712
792.051419,24,51.527341
756.389741,24,51.53478
778.190955,24,51.636324
766.571633,24,51.643888
773.967241,24,51.651533
772.682732,24,51.659115
772.115998,24,51.666849
771.119229,24,51.77323
766.297547,24,51.78188
780.208209,24,51.789686
766.900933,24,51.797281
779.909943,24,51.905904
763.55198,24,51.913585
759.610736,24,51.921752
764.787918,24,51.929925
787.74212,24,52.041919
762.843049,24,52.050538
783.050367,24,52.058496
768.36599,24,52.066497
770.991139,24,52.1758
780.69775,24,52.183243
792.021173,24,52.190964
771.849944,24,52.198761
786.056036,24,52.302036
783.709977,24,52.309696
760.341911,24,52.317316
782.330336,24,52.325302
771.777209,24,52.433342
777.934751,24,52.441195
780.180601,24,52.44887
783.099213,24,52.456735
771.791408,24,52.464677
764.734395,24,52.569611
771.046869,24,52.577852
771.694262,24,52.585544
779.318387,24,52.593451
773.111858,24,52.695663
777.119246,24,52.70338
781.891696,24,52.711131
762.143595,24,52.718953
777.812093,24,52.826336
770.76592,24,52.83369
790.590511,24,52.841285
776.006849,24,52.848746
762.319242,24,52.950271
776.617773,24,52.958007
754.357171,24,52.965813
770.391751,24,52.973666
758.614426,24,53.076377
770.144663,24,53.083869
765.172692,24,53.09144
772.170583,24,53.100155
764.473389,24,53.202783
770.457269,24,53.210469
768.848277,24,53.218299
769.133914,24,53.226894
781.666129,24,53.235518
759.883967,24,53.341962
761.943036,24,53.349804
770.168316,24,53.357532
759.349209,24,53.365269
765.044331,24,53.471513
770.046686,24,53.480858
779.098868,24,53.488831
774.099884,24,53.496262
769.815071,24,53.597215
776.94183,24,53.604817
770.939257,24,53.612146
796.345401,24,53.619761
785.901874,24,53.723858
777.036195,24,53.732645
752.343384,24,53.740536
798.751636,24,53.748402
788.697276,24,53.850736
784.952697,24,53.858821
768.311236,24,53.866634
792.206432,24,53.874489
767.287965,24,53.977781
801.035552,24,53.985435
760.5166,24,53.993249
773.767738,24,54.001166
766.835197,24,54.009021
788.467622,24,54.110773
768.517222,24,54.118358
773.539871,24,54.125873
758.722874,24,54.133453
780.7162,24,54.240305
754.539998,24,54.248223
760.332839,24,54.2556
757.848568,24,54.263316
779.432298,24,54.371034
787.198046,24,54.381657
760.685679,24,54.392683
754.212813,24,54.403674
775.683011,24,54.513665
776.061508,24,54.521358
759.809917,24,54.52916
769.682858,24,54.536794
770.671558,24,54.637391
781.029089,24,54.644937
777.591142,24,54.652451
784.785833,24,54.659921
770.457565,24,54.7667
773.110243,24,54.774287
751.888481,24,54.782053
791.360077,24,54.789853
747.713566,24,54.7977
761.414335,24,54.89997
771.559263,24,54.907757
771.026743,24,54.915189
769.464419,24,54.922645
783.142151,24,55.024169
756.326476,24,55.031998
769.847559,24,55.039794
779.955202,24,55.04773
772.304677,24,55.149639
767.373622,24,55.157078
782.475245,24,55.164727
782.426362,24,55.172768
787.596428,24,55.277776
751.29985,24,55.285472
769.043587,24,55.29327
782.293019,24,55.301082
776.450068,24,55.40487
770.239625,24,55.412361
770.202167,24,55.41986
767.639019,24,55.427518
754.268768,24,55.537434
771.625981,24,55.544819
766.669786,24,55.5524
785.611521,24,55.55974
776.780922,24,55.567388
761.365846,24,55.6675
769.839403,24,55.675312
753.559146,24,55.683723
778.953118,24,55.691581
774.241456,24,55.798874
781.604478,24,55.80644
778.911782,24,55.814219
766.7539,24,55.82192
776.506898,24,55.922892
767.555049,24,55.93196
789.115244,24,55.941358
772.344785,24,55.949608
782.776665,24,56.052362
753.958226,24,56.060064
794.544582,24,56.067875
766.778411,24,56.075699
767.851641,24,56.176655
782.127355,24,56.184243
768.131736,24,56.191575
763.56587,24,56.198899
780.199371,24,56.305613
767.14891,24,56.313825
784.44898,24,56.322293
768.090167,24,56.330494
779.016438,24,56.338711
793.4626,24,56.440178
774.380353,24,56.448188
784.352997,24,56.455536
772.132306,24,56.462848
768.983306,24,56.563203
776.228232,24,56.571076
775.082758,24,56.579537
781.665436,24,56.587032
769.282966,24,56.686877
777.68853,24,56.69436
767.043006,24,56.702089
777.860614,24,56.709529
761.644667,24,56.819225
768.290206,24,56.827068
792.384486,24,56.834984
756.135726,24,56.844151
758.273858,24,56.999277
777.293542,24,57.009179
771.143864,24,57.023411
765.640628,24,57.042274
767.857458,24,57.162898
775.02548,24,57.170592
780.415143,24,57.178309
775.015717,24,57.186017
780.9621,24,57.193389
756.421775,24,57.298268
775.754661,24,57.305681
753.31044,24,57.313213
769.455153,24,57.321009
778.466782,24,57.426246
784.396321,24,57.434069
763.043042,24,57.442136
757.255641,24,57.449569
758.788234,24,57.553125
767.350431,24,57.560896
757.007203,24,57.568644
789.274966,24,57.576546
744.484224,24,57.679285
766.855534,24,57.686978
770.837079,24,57.694354
768.348735,24,57.701934
755.656632,24,57.809417
762.248538,24,57.817538
774.021912,24,57.825333
783.129745,24,57.83327
767.585745,24,57.937241
767.0507,24,57.944883
779.334823,24,57.952584
783.729107,24,57.960333
781.626017,24,57.968114
771.969716,24,58.083736
778.235125,24,58.0925
791.585083,24,58.100571
763.74776,24,58.108437
789.181081,24,58.212356
790.642616,24,58.220048
762.991981,24,58.228738
775.837843,24,58.236326
773.832706,24,58.338441
767.804488,24,58.34578
764.676143,24,58.35338
794.26504,24,58.361036
777.814954,24,58.465554
777.552945,24,58.47302
766.01178,24,58.480852
763.924744,24,58.488641
780.481429,24,58.592453
766.843366,24,58.599826
764.029835,24,58.60728
763.873177,24,58.614634
771.316134,24,58.717333
750.46017,24,58.725083
784.595962,24,58.733447
780.376868,24,58.740965
767.472802,24,58.748342
767.708369,24,58.850313
761.929954,24,58.857976
764.301658,24,58.865687
753.857715,24,58.873407
798.204656,24,58.983557
769.074302,24,58.991299
762.905221,24,58.999009
772.91627,24,59.006843
755.17477,24,59.109631
768.852425,24,59.117306
787.757905,24,59.125112
761.661507,24,59.132806
782.688528,24,59.237114
762.196248,24,59.244541
762.518553,24,59.252358
754.227077,24,59.260137
769.8463,24,59.363734
780.706758,24,59.371248
770.796363,24,59.378709
762.378389,24,59.386446
774.682617,24,59.49013
763.371501,24,59.497704
773.62447,24,59.505396
770.489682,24,59.513134
768.186007,24,59.520901
763.7594,24,59.622655
787.725093,24,59.630387
803.870602,24,59.638092
771.775944,24,59.645797
778.338376,24,59.748371
764.078871,24,59.756109
770.663918,24,59.76347
780.325809,24,59.771231
772.843293,24,59.874225
786.350538,24,59.881894
784.066131,24,59.889765
758.950629,24,59.897527
771.166731,24,60.004587
800.991274,24,60.01207
774.330998,24,60.020084
771.010517,24,60.027448
739.850512,24,60.132452
774.162587,24,60.14181
774.821076,24,60.151005
754.108329,24,60.160044
778.601734,24,60.267026
775.75563,24,60.274744
767.525831,24,60.282505
771.425901,24,60.290747
775.02668,24,60.298865
772.036984,24,60.402006
773.966655,24,60.409738
773.962346,24,60.417497
757.676164,24,60.425362
745.286268,24,60.530231
781.31627,24,60.538005
779.745586,24,60.545645
763.225164,24,60.553617
782.25092,24,60.65761
776.320039,24,60.66506
760.342035,24,60.672578
773.987502,24,60.680214
785.53686,24,60.782175
789.473282,24,60.789801
773.77087,24,60.797327
777.89204,24,60.804892
773.143541,24,60.905348
754.942974,24,60.912903
784.150458,24,60.92043
787.332998,24,60.927973
777.366936,24,61.028837
773.460916,24,61.036355
769.372532,24,61.044018
773.618237,24,61.052668
763.425156,24,61.060098
763.476529,24,61.162322
762.447671,24,61.170142
756.759631,24,61.178087
760.231914,24,61.186035
760.035231,24,61.292227
776.985198,24,61.300327
786.340054,24,61.30817
784.761383,24,61.315973
778.304987,24,61.419232
787.451417,24,61.426884
777.122783,24,61.434706
793.210303,24,61.442496
769.710239,24,61.544363
792.956563,24,61.552075
761.866747,24,61.55979
759.047321,24,61.567525
776.711266,24,61.673788
769.101904,24,61.681527
769.282122,24,61.689225
769.796038,24,61.697075
787.721606,24,61.799343
772.286827,24,61.807004
772.627549,24,61.814579
763.660988,24,61.822075
752.050552,24,61.829623
762.717408,24,61.944608
771.896134,24,61.954271
783.100483,24,61.963915
766.517804,24,61.971871
785.315444,24,62.075385
765.27564,24,62.08311
771.273504,24,62.091586
772.728222,24,62.099309
769.447459,24,62.209287
764.528726,24,62.216681
761.674717,24,62.224367
777.622823,24,62.232407
753.692185,24,62.334807
772.114292,24,62.342537
769.344868,24,62.350186
770.423129,24,62.357682
773.172115,24,62.459505
766.673825,24,62.466868
759.975333,24,62.474323
759.071409,24,62.48183
787.255937,24,62.583628
754.12584,24,62.591038
760.656616,24,62.598565
759.373688,24,62.606307
755.39601,24,62.613881
760.667004,24,62.726117
775.927441,24,62.734899
765.254925,24,62.743079
775.515625,24,62.751579
767.685267,24,62.863135
781.196901,24,62.870583
765.79232,24,62.878087
760.242758,24,62.885652
767.961423,24,62.988702
782.883335,24,62.996194
783.231475,24,63.00365
780.674908,24,63.011125
765.760102,24,63.112016
788.589794,24,63.119439
781.26405,24,63.127058
768.029641,24,63.13472
772.369251,24,63.241543
758.827728,24,63.250051
770.037904,24,63.258019
763.087803,24,63.265558
772.241555,24,63.366978
784.370909,24,63.374505
786.903643,24,63.381824
765.346703,24,63.389399
781.951868,24,63.39706
761.98716,24,63.49949
770.15167,24,63.50721
795.582432,24,63.514982
762.722692,24,63.522701
770.153198,24,63.625148
778.253655,24,63.632489
775.768257,24,63.639891
772.945013,24,63.647346
769.670215,24,63.752103
754.566551,24,63.760315
765.232929,24,63.767885
776.419471,24,63.775808
765.231124,24,63.878811
752.169996,24,63.886208
780.609067,24,63.893716
774.161407,24,63.901228
762.640921,24,64.003474
766.065567,24,64.010857
775.328118,24,64.018324
775.845121,24,64.025886
773.929495,24,64.127058
775.442301,24,64.134625
766.151153,24,64.142252
770.824586,24,64.149987
763.827974,24,64.157822
773.36286,24,64.26723
782.220155,24,64.274932
786.045908,24,64.282591
770.666771,24,64.289995
769.124857,24,64.391798
782.156711,24,64.399464
767.394035,24,64.40718
772.049136,24,64.414884
778.065693,24,64.51706
765.975284,24,64.524781
784.969355,24,64.532622
801.204905,24,64.540345
778.247406,24,64.644644
770.246366,24,64.652269
757.952927,24,64.659884
774.813789,24,64.667303
770.475503,24,64.775976
771.890224,24,64.784189
763.222524,24,64.792366
776.865238,24,64.800737
775.358618,24,64.908953
750.60688,24,64.9166
767.590489,24,64.924329
763.361652,24,64.931689
774.393278,24,64.93915
752.637817,24,65.040291
769.777872,24,65.047999
770.677975,24,65.055704
761.829366,24,65.06344
764.724775,24,65.164118
777.025676,24,65.171991
778.039295,24,65.179985
768.195557,24,65.187693
776.622323,24,65.300709
767.232543,24,65.310261
768.198851,24,65.320241
769.49074,24,65.329393
775.612076,24,65.442182
770.286419,24,65.450302
782.595203,24,65.457799
776.699273,24,65.465357
770.017947,24,65.566907
758.88152,24,65.574374
776.246262,24,65.582004
766.162359,24,65.58954
793.676009,24,65.706082
785.550811,24,65.713983
778.307858,24,65.721817
773.242912,24,65.730142
769.913011,24,65.73971
779.178403,24,65.857792
765.14908,24,65.865985
779.561769,24,65.87399
768.615414,24,65.882182
798.934944,24,65.996482
774.035958,24,66.005461
776.174122,24,66.01353
782.480666,24,66.021169
774.812654,24,66.124312
785.31989,24,66.131744
770.602376,24,66.139212
766.149963,24,66.146751
752.548904,24,66.250908
796.507557,24,66.258596
758.435537,24,66.265924
750.297857,24,66.273341
778.31554,24,66.376885
783.995734,24,66.384547
751.169481,24,66.391916
771.878925,24,66.399484
784.858402,24,66.501418
776.76059,24,66.509143
770.844743,24,66.516872
767.59221,24,66.524543
778.373695,24,66.532351
789.284204,24,66.634667
766.994303,24,66.642284
759.425041,24,66.650002
785.345139,24,66.657658
769.7396,24,66.766339
763.757735,24,66.773743
772.170177,24,66.781407
762.425561,24,66.788841
774.517791,24,66.893047
756.362305,24,66.900964
747.829565,24,66.909938
769.502293,24,66.91924
778.46398,24,67.039476
776.872678,24,67.04803
779.451286,24,67.057115
790.993903,24,67.066078
755.909726,24,67.19904
797.259566,24,67.208595
767.45687,24,67.21789
762.15061,24,67.226425
767.157927,24,67.356797
766.551917,24,67.365692
778.300451,24,67.373586
780.002237,24,67.381453
768.584321,24,67.3889
760.130727,24,67.494777
774.389679,24,67.502467
775.047084,24,67.510223
777.89025,24,67.517881
769.634523,24,67.618917
776.859797,24,67.626704
776.802802,24,67.634424
774.860951,24,67.642167
767.033792,24,67.745552
769.437978,24,67.753325
775.975359,24,67.761158
780.0285,24,67.768965
762.781642,24,67.872153
788.907994,24,67.879823
772.029753,24,67.887502
737.878716,24,67.895244
755.797487,24,68.001587
779.068517,24,68.009098
766.288332,24,68.01673
778.053326,24,68.024397
756.240932,24,68.127007
788.034152,24,68.134817
777.903763,24,68.142513
772.685937,24,68.150261
765.312395,24,68.157891
768.32555,24,68.261564
782.768804,24,68.269339
778.643499,24,68.277043
753.059946,24,68.284832
775.30533,24,68.387656
775.37019,24,68.395419
771.173599,24,68.403153
759.964739,24,68.410851
775.457235,24,68.516577
765.30459,24,68.524267
764.922474,24,68.532078
773.448792,24,68.539862
767.524961,24,68.642677
775.072547,24,68.650072
792.606147,24,68.65743
773.333045,24,68.664842
766.889522,24,68.773981
772.938532,24,68.781576
769.879323,24,68.789219
769.868404,24,68.796984
774.259727,24,68.899138
768.227567,24,68.906539
770.381457,24,68.914068
752.84208,24,68.921425
799.918151,24,68.928799
763.037783,24,69.031838
786.344936,24,69.039315
787.540864,24,69.046786
782.997023,24,69.0543
765.557942,24,69.154811
757.820865,24,69.162617
767.086966,24,69.170353
774.089802,24,69.178041
792.880896,24,69.28078
765.5845,24,69.288181
803.688729,24,69.295606
763.293767,24,69.303237
792.755512,24,69.405388
772.465212,24,69.412764
775.264556,24,69.420125
761.968284,24,69.427472
766.222817,24,69.529613
778.387334,24,69.537311
773.003937,24,69.544632
786.969762,24,69.552369
776.990849,24,69.654174
768.463665,24,69.66158
765.998546,24,69.668991
772.845583,24,69.676404
763.727573,24,69.683922
759.623483,24,69.793451
749.493621,24,69.801805
780.495157,24,69.810464
761.010443,24,69.818401
753.009976,24,69.919435
748.97774,24,69.926901
781.36476,24,69.934807
779.76147,24,69.942194
778.080467,24,70.10639
777.993848,24,70.119795
786.683376,24,70.142025
769.886099,24,70.155286
756.76003,24,70.278065
784.22738,24,70.285792
748.409027,24,70.293385
788.826561,24,70.301107
779.230952,24,70.405335
762.385555,24,70.412824
779.712664,24,70.420253
783.129934,24,70.427864
805.039168,24,70.530522
778.320942,24,70.538329
794.288572,24,70.546012
766.591905,24,70.553772
756.944995,24,70.561496
774.464841,24,70.673508
761.193054,24,70.681028
776.057545,24,70.68843
774.158307,24,70.695904
782.111876,24,70.806858
776.991572,24,70.814832
759.795373,24,70.822619
751.876057,24,70.830763
770.080037,24,70.934372
779.599444,24,70.941721
780.030347,24,70.949115
769.444035,24,70.956642
774.714853,24,71.065864
755.237502,24,71.073266
764.427839,24,71.080662
777.002091,24,71.087999
782.855083,24,71.198792
750.655433,24,71.206405
787.292772,24,71.214366
788.504401,24,71.222105
765.802189,24,71.331961
774.234184,24,71.339375
763.234496,24,71.346845
772.737984,24,71.3543
755.500344,24,71.362165
763.359697,24,71.464261
762.777773,24,71.47183
783.320853,24,71.47915
761.559469,24,71.486672
775.234205,24,71.588955
780.245086,24,71.596365
774.244085,24,71.603842
783.790164,24,71.611343
777.145139,24,71.720117
746.651509,24,71.729073
768.766551,24,71.738102
771.388662,24,71.747178
765.187278,24,71.859303
766.066412,24,71.867486
766.639989,24,71.875732
774.60498,24,71.883917
782.110858,24,71.997146
747.297466,24,72.004581
789.038988,24,72.012322
765.580356,24,72.019775
751.423571,24,72.122175
788.767902,24,72.130624
778.946162,24,72.138359
758.115438,24,72.14586
774.541011,24,72.155646
771.765699,24,72.27652
771.395162,24,72.284282
784.532446,24,72.292204
754.984245,24,72.299606
775.255392,24,72.401973
758.452535,24,72.409369
776.993655,24,72.41693
774.847285,24,72.424257
787.368553,24,72.525994
768.288807,24,72.533596
768.617155,24,72.54138
768.004401,24,72.549083
776.160346,24,72.652948
751.755442,24,72.66057
767.54107,24,72.668236
772.412248,24,72.67593
768.385628,24,72.792072
790.64656,24,72.799526
751.518414,24,72.807215
758.066188,24,72.814866
775.782727,24,72.918068
777.027394,24,72.925723
773.448742,24,72.933406
761.566372,24,72.941106
789.152985,24,72.948886
762.409758,24,73.050836
772.15019,24,73.058483
799.087962,24,73.066155
789.794077,24,73.073878
769.493081,24,73.176771
773.691479,24,73.184782
781.066507,24,73.192945
764.095276,24,73.201016
769.784005,24,73.316593
779.319797,24,73.324388
759.799795,24,73.333054
761.096452,24,73.340578
764.69353,24,73.443693
776.460747,24,73.451436
772.301622,24,73.459233
785.258743,24,73.466955
771.875328,24,73.569248
762.687748,24,73.576799
757.857209,24,73.58459
769.46165,24,73.592184
767.852992,24,73.694421
788.682153,24,73.701836
781.277824,24,73.709233
772.332297,24,73.716735
752.283973,24,73.72417
765.264192,24,73.840696
765.853615,24,73.848606
773.344801,24,73.856211
766.721582,24,73.863843
779.211984,24,73.975162
770.366655,24,73.983357
771.967439,24,73.991181
765.830864,24,73.998698
746.675127,24,74.100567
765.564783,24,74.108043
754.485824,24,74.115814
765.697459,24,74.123432
766.192489,24,74.232597
774.676053,24,74.241763
770.045842,24,74.25095
790.712897,24,74.25902
773.628738,24,74.370402
778.437397,24,74.378153
766.533304,24,74.387557
777.36121,24,74.396765
772.333633,24,74.499191
770.827189,24,74.506585
773.337704,24,74.513967
768.906454,24,74.521393
764.403425,24,74.529707
775.659623,24,74.63182
772.201455,24,74.639606
763.864337,24,74.647287
782.565311,24,74.655022
766.440136,24,74.765474
775.36477,24,74.773744
780.573803,24,74.781065
789.531494,24,74.788612
772.13165,24,74.898737
768.474826,24,74.906256
753.015667,24,74.913993
766.966611,24,74.921368
773.59285,24,75.025081
770.28298,24,75.033157
778.942503,24,75.041125
767.615111,24,75.048882
767.285726,24,75.151414
774.938118,24,75.159046
781.554607,24,75.166671
770.565221,24,75.174457
771.932867,24,75.28567
768.589582,24,75.293088
795.020447,24,75.300627
772.487521,24,75.308239
788.033658,24,75.31652
779.256361,24,75.436454
777.439164,24,75.444722
774.232995,24,75.453227
767.597138,24,75.461436
775.137432,24,75.573332
787.173632,24,75.581317
779.981536,24,75.589518
790.406276,24,75.597606
782.07861,24,75.709362
765.870886,24,75.717419
763.909126,24,75.72605
773.867129,24,75.738006
777.952304,24,75.863457
742.133145,24,75.870831
785.378192,24,75.878149
790.692545,24,75.886507
764.809125,24,76.018222
764.46883,24,76.02587
775.240091,24,76.033472
804.156377,24,76.041567
779.22762,24,76.142772
772.651844,24,76.150167
769.567334,24,76.157512
769.744942,24,76.164837
767.752028,24,76.172213
751.469669,24,76.303214
760.296404,24,76.31124
758.901053,24,76.319093
779.002834,24,76.326768
767.485895,24,76.44547
752.817812,24,76.455814
771.561424,24,76.464763
776.127038,24,76.472943
781.333564,24,76.580627
763.836541,24,76.588053
775.417436,24,76.595532
771.195094,24,76.603074
782.882264,24,76.704823
802.201232,24,76.712209
779.745401,24,76.719662
768.76505,24,76.727089
769.289158,24,76.857149
785.365478,24,76.86454
769.36363,24,76.87302
782.028147,24,76.881309
773.951328,24,77.018549
760.324367,24,77.02724
768.458125,24,77.035608
773.989782,24,77.04344
777.661906,24,77.051132
775.934672,24,77.154344
777.016851,24,77.16168
807.135293,24,77.169254
778.471299,24,77.176866
779.455313,24,77.306844
767.012888,24,77.315036
772.438751,24,77.323107
759.238654,24,77.330465
759.058979,24,77.432952
759.699652,24,77.440655
764.770465,24,77.448408
775.72856,24,77.455828
773.725161,24,77.5886
775.928101,24,77.595973
771.725578,24,77.603634
775.669676,24,77.61117
759.833337,24,77.712517
795.067927,24,77.719948
783.975876,24,77.729151
767.558217,24,77.748271
774.174087,24,77.865275
764.566445,24,77.872729
775.182619,24,77.880368
768.611524,24,77.887966
787.157777,24,77.895566
786.865714,24,77.997332
779.791297,24,78.005281
768.083496,24,78.017002
764.437345,24,78.036823
773.25852,24,78.14987
765.017483,24,78.157448
776.216432,24,78.164961
772.609604,24,78.172547
765.231075,24,78.302592
761.449052,24,78.310574
769.920849,24,78.318398
777.090585,24,78.326028
762.188312,24,78.427064
764.105286,24,78.434646
773.246959,24,78.442258
773.565751,24,78.449864
752.177229,24,78.567109
773.898525,24,78.57838
775.486215,24,78.58775
776.133169,24,78.59633
757.682774,24,78.701803
775.540746,24,78.709233
782.789096,24,78.71671
775.778057,24,78.723997
781.607532,24,78.73559
770.05049,24,78.86313
777.312927,24,78.87071
775.670393,24,78.878455
779.679818,24,78.886488
781.089787,24,78.988419
771.265754,24,78.996009
770.508209,24,79.003832
751.338039,24,79.011195
764.760434,24,79.150779
774.62244,24,79.158878
774.207826,24,79.166738
792.031142,24,79.174833
761.63478,24,79.288749
780.448459,24,79.296701
780.009982,24,79.304766
772.606693,24,79.312888
750.132194,24,79.415799
764.99972,24,79.423156
760.942061,24,79.430624
763.522681,24,79.438193
770.413533,24,79.539083
764.978116,24,79.546459
770.187472,24,79.554112
777.077048,24,79.561774
787.998479,24,79.569486
754.598517,24,79.701307
793.790628,24,79.708778
756.98519,24,79.716201
779.223722,24,79.723769
768.908827,24,79.839537
791.322398,24,79.847128
758.49017,24,79.854862
785.425481,24,79.862448
798.304276,24,79.964412
775.961894,24,79.971808
769.035427,24,79.979552
767.969091,24,79.98894
770.836594,24,80.098885
752.623434,24,80.106834
774.924661,24,80.114828
773.48791,24,80.122636
790.484762,24,80.25078
785.396508,24,80.262629
767.748931,24,80.271781
769.432331,24,80.28046
748.174413,24,80.389196
753.717892,24,80.396547
767.45605,24,80.404257
774.338238,24,80.411758
787.414235,24,80.419249
785.476317,24,80.520955
776.528202,24,80.528524
764.598846,24,80.536085
773.9727,24,80.543816
767.297274,24,80.648469
770.47357,24,80.657162
776.490593,24,80.66822
761.406365,24,80.684904
762.604386,24,80.828024
762.113886,24,80.835997
778.464008,24,80.843439
770.231919,24,80.850883
774.975076,24,80.956029
783.43753,24,80.963751
771.820831,24,80.97107
779.174379,24,80.998764
760.061412,24,81.147503
775.78865,24,81.155142
767.953986,24,81.162732
761.80003,24,81.170313
779.554197,24,81.289871
766.394711,24,81.297207
759.385868,24,81.30471
780.749687,24,81.312591
776.540694,24,81.320226
770.417993,24,81.423749
753.853826,24,81.431249
768.055375,24,81.438903
774.427194,24,81.446467
772.305283,24,81.548221
770.446028,24,81.555762
767.596841,24,81.563339
777.839613,24,81.570934
771.413177,24,81.673365
775.5004,24,81.680722
789.00619,24,81.688079
782.378759,24,81.695401
780.36905,24,81.808419
759.537263,24,81.81591
752.780729,24,81.823378
764.846335,24,81.830845
758.788003,24,81.942582
770.367076,24,81.949999
784.02842,24,81.957834
781.44952,24,81.96517
764.978758,24,82.066503
787.893369,24,82.074022
757.210849,24,82.081628
775.093299,24,82.089177
767.968088,24,82.09741
767.170873,24,82.201788
770.043636,24,82.209221
765.05677,24,82.216556
761.577351,24,82.223922
764.302727,24,82.337228
763.179104,24,82.345029
744.412626,24,82.353902
775.210303,24,82.361394
772.557388,24,82.46334
782.286172,24,82.470722
779.548822,24,82.478144
776.795984,24,82.485469
765.387087,24,82.586736
772.875123,24,82.594236
777.356003,24,82.601802
777.764589,24,82.609507
770.111764,24,82.713504
769.040484,24,82.721164
766.413468,24,82.729999
768.197043,24,82.739843
784.870912,24,82.851315
792.302153,24,82.859716
759.222345,24,82.867513
776.234642,24,82.87507
755.855144,24,82.883064
770.73254,24,82.986548
749.153244,24,82.994602
745.098464,24,83.002888
775.894174,24,83.011156
765.796299,24,83.117103
776.761197,24,83.124526
789.532951,24,83.132035
764.837438,24,83.139358
771.043582,24,83.248919
776.313647,24,83.257076
742.619853,24,83.265524
783.427085,24,83.273717
763.558634,24,83.388194
752.369155,24,83.395561
766.029418,24,83.402917
759.07117,24,83.411065
799.507976,24,83.51282
781.557021,24,83.520195
767.095465,24,83.527555
785.326581,24,83.535077
756.288055,24,83.637166
802.916051,24,83.644615
763.731258,24,83.651958
770.587384,24,83.659285
780.629348,24,83.666869
766.500317,24,83.854092
775.760593,24,83.864085
760.657329,24,83.873418
768.229742,24,83.883156
772.480282,24,84.004702
789.549096,24,84.012739
762.104121,24,84.022134
773.934902,24,84.030352
768.954036,24,84.152858
766.379995,24,84.160904
774.120679,24,84.169933
787.913038,24,84.177758
778.393746,24,84.300862
764.283636,24,84.30935
781.878414,24,84.317912
755.16806,24,84.325991
777.225128,24,84.457535
765.143854,24,84.467049
780.504973,24,84.476458
765.32154,24,84.48633
767.355529,24,84.592975
763.642254,24,84.600461
785.048535,24,84.608042
767.81589,24,84.615829
762.551598,24,84.623942
788.971786,24,84.727606
781.008249,24,84.737462
769.595557,24,84.746369
768.113201,24,84.755218
774.047267,24,84.858663
775.081532,24,84.866208
781.547872,24,84.87426
764.278505,24,84.881877
764.641572,24,84.994005
788.896555,24,85.001585
794.240566,24,85.009103
774.624221,24,85.016799
774.172822,24,85.117646
786.885104,24,85.125129
778.971389,24,85.13279
763.978948,24,85.140468
762.597056,24,85.246868
773.194805,24,85.255222
756.299727,24,85.263483
775.462106,24,85.27155
778.719612,24,85.376673
786.102674,24,85.384852
789.49633,24,85.392205
767.323497,24,85.399683
754.909533,24,85.407303
773.036264,24,85.517648
773.838248,24,85.52512
770.279997,24,85.533007
773.961752,24,85.540577
767.475242,24,85.641406
769.586912,24,85.648762
772.857006,24,85.65614
773.73191,24,85.663471
793.485313,24,85.772756
779.668415,24,85.78026
764.245953,24,85.788123
769.702663,24,85.795446
783.493671,24,85.897365
770.666692,24,85.904725
768.340253,24,85.912493
784.41224,24,85.92001
753.832088,24,86.029244
792.858143,24,86.036871
780.210018,24,86.044247
786.30007,24,86.051892
788.318994,24,86.153723
768.067931,24,86.16116
786.046955,24,86.168917
783.929619,24,86.1765
756.865742,24,86.184674
773.043876,24,86.295342
775.549543,24,86.302937
763.022628,24,86.310561
780.271253,24,86.3181
784.03775,24,86.420132
795.328462,24,86.427848
771.296208,24,86.435847
783.370169,24,86.443511
750.388851,24,86.552826
777.857215,24,86.560492
778.284726,24,86.568107
762.510338,24,86.576135
779.426046,24,86.678118
763.307953,24,86.685666
754.458429,24,86.693286
771.311751,24,86.700951
791.053994,24,86.812631
768.14245,24,86.821122
773.546974,24,86.82846
780.9559,24,86.835788
770.724279,24,86.943287
764.993669,24,86.950691
775.656468,24,86.958064
778.535244,24,86.965621
785.478494,24,86.973349
771.31991,24,87.082799
765.513919,24,87.090353
782.087285,24,87.097976
775.237378,24,87.106087
777.51459,24,87.20919
771.058849,24,87.216774
771.288201,24,87.224524
782.198119,24,87.234554
777.791975,24,87.347
776.189194,24,87.354918
778.717551,24,87.362806
766.223742,24,87.37073
766.165922,24,87.473432
768.941999,24,87.48095
792.926678,24,87.488489
763.725625,24,87.496041
776.805719,24,87.606383
774.770123,24,87.613891
758.228298,24,87.621348
775.735766,24,87.628889
776.664816,24,87.733902
762.552323,24,87.743441
770.748425,24,87.751995
789.734253,24,87.759838
745.241023,24,87.767525
774.283304,24,87.871256
788.782766,24,87.878644
773.209427,24,87.88601
765.753845,24,87.89336
769.328042,24,87.994046
771.687745,24,88.001479
757.189047,24,88.008982
785.738885,24,88.016639
784.947045,24,88.127794
772.808595,24,88.135225
782.517799,24,88.14283
778.367277,24,88.15012
758.327956,24,88.26024
795.81097,24,88.268637
777.142066,24,88.276306
758.302482,24,88.283729
764.681342,24,88.385274
793.692509,24,88.392631
770.186814,24,88.399961
771.193149,24,88.407284
767.323288,24,88.508525
769.323272,24,88.515949
783.242651,24,88.523478
789.798346,24,88.531184
782.638847,24,88.538519
764.894303,24,88.64936
778.457431,24,88.656934
761.368029,24,88.664299
756.285811,24,88.671732
782.627561,24,88.780689
793.677816,24,88.788343
770.204431,24,88.795833
778.610399,24,88.803349
775.573676,24,88.90516
790.26393,24,88.912735
778.695578,24,88.920314
769.058739,24,88.927953
772.030871,24,89.030131
761.705164,24,89.037825
767.405706,24,89.045274
761.600089,24,89.052707
764.491059,24,89.160431
772.092343,24,89.169863
758.419962,24,89.178426
779.852283,24,89.186486
786.93949,24,89.295671
761.489018,24,89.30312
772.795604,24,89.310502
755.645082,24,89.318176
778.458773,24,89.325518
781.471982,24,89.427655
776.952872,24,89.435213
764.979031,24,89.442881
767.033953,24,89.450669
770.242033,24,89.552605
748.267166,24,89.560038
767.365679,24,89.567505
770.822471,24,89.575119
768.092189,24,89.682094
762.57806,24,89.690979
782.823677,24,89.699014
764.883071,24,89.708095
767.465347,24,89.82286
765.309369,24,89.830759
766.537895,24,89.83857
774.626717,24,89.846652
767.642482,24,89.949685
789.161887,24,89.957137
774.162873,24,89.964474
769.578186,24,89.972063
787.204659,24,90.078468
769.41824,24,90.086235
773.945291,24,90.093773
776.968693,24,90.101882
754.314908,24,90.109249
767.310467,24,90.218349
770.728849,24,90.227803
769.445843,24,90.237047
774.540351,24,90.245943
759.184499,24,90.357368
787.702546,24,90.364813
765.345589,24,90.372346
769.068512,24,90.380022
754.081379,24,90.481352
798.418278,24,90.488969
779.494207,24,90.496525
777.548321,24,90.504144
774.292613,24,90.607909
760.234545,24,90.615275
774.903577,24,90.623124
763.612374,24,90.630491
737.941271,24,90.735667
783.68611,24,90.74516
768.221447,24,90.755314
774.643501,24,90.764563
768.073735,24,90.869223
757.875213,24,90.876627
764.533319,24,90.884133
771.239727,24,90.891727
780.557495,24,90.899299
767.022794,24,91.001673
782.643971,24,91.009186
763.582506,24,91.016521
773.130246,24,91.023935
777.193954,24,91.124862
783.55971,24,91.132372
777.09906,24,91.139957
755.576589,24,91.147526
766.28479,24,91.255549
772.72418,24,91.265935
782.179085,24,91.274721
766.893095,24,91.283048
779.364022,24,91.387179
765.673293,24,91.394566
764.811628,24,91.401934
777.438864,24,91.409394
789.17782,24,91.510995
752.717906,24,91.518482
765.921688,24,91.525965
780.814192,24,91.533587
766.195764,24,91.635706
761.941428,24,91.643127
792.249965,24,91.650463
768.074119,24,91.658197
770.452554,24,91.665516
773.481612,24,91.775443
769.768782,24,91.783646
773.975703,24,91.793157
779.504017,24,91.801994
773.830101,24,91.914757
760.679294,24,91.923429
781.309641,24,91.932201
760.513095,24,91.940084
789.935526,24,92.049754
772.383202,24,92.057978
765.86858,24,92.066058
788.013327,24,92.074106
754.375728,24,92.183517
774.220514,24,92.192314
777.101313,24,92.199963
755.755975,24,92.207297
779.772717,24,92.352247
758.437245,24,92.361416
777.736617,24,92.369827
784.064702,24,92.378699
757.449409,24,92.503326
766.398142,24,92.510668
758.947579,24,92.518019
776.089289,24,92.525456
780.802901,24,92.532922
780.569506,24,92.636181
773.198855,24,92.643566
781.476736,24,92.650923
771.123635,24,92.658371
794.649533,24,92.772594
779.903124,24,92.780569
775.700654,24,92.788306
763.66669,24,92.79571
781.654955,24,92.911886
786.090889,24,92.919421
777.96987,24,92.926727
763.907925,24,92.934659
776.321758,24,93.036741
781.232936,24,93.044215
759.655273,24,93.051939
780.564071,24,93.059405
756.761467,24,93.161057
793.993999,24,93.168481
780.742887,24,93.176091
778.250202,24,93.183752
773.724174,24,93.298706
758.17629,24,93.306105
770.375121,24,93.313449
772.718106,24,93.321447
787.636745,24,93.328801
774.743588,24,93.460282
766.588115,24,93.468322
785.153901,24,93.476211
776.926661,24,93.48377
777.724755,24,93.58558
766.905461,24,93.592969
771.028902,24,93.600538
763.957722,24,93.608052
780.190666,24,93.709333
787.953849,24,93.71727
794.398789,24,93.725826
757.69445,24,93.73701
775.752159,24,93.862521
755.800068,24,93.869887
756.146069,24,93.877337
785.418322,24,93.884775
780.441369,24,94.002702
780.718808,24,94.010035
758.865513,24,94.017394
767.449779,24,94.024959
761.350848,24,94.127248
770.130231,24,94.134971
775.789817,24,94.142534
780.172394,24,94.15008
778.583397,24,94.157692
758.035367,24,94.272389
773.785783,24,94.28036
783.620908,24,94.288365
764.459734,24,94.295801
789.185848,24,94.398363
798.871667,24,94.405736
776.374598,24,94.413137
778.903378,24,94.420755
775.778028,24,94.551541
778.18668,24,94.558992
776.630185,24,94.566338
758.845107,24,94.573943
765.853839,24,94.67525
772.767348,24,94.682619
774.615137,24,94.690395
783.017529,24,94.697751
789.955169,24,94.830646
772.044766,24,94.838165
764.502822,24,94.84551
782.796071,24,94.852988
749.487681,24,94.954221
779.499488,24,94.961599
762.702439,24,94.971965
788.387198,24,94.991675
766.146572,24,95.002689
777.442514,24,95.112324
766.980887,24,95.119813
756.973879,24,95.1273
781.507894,24,95.134802
799.678749,24,95.248309
779.172176,24,95.256519
769.189502,24,95.264738
758.48308,24,95.272918
764.084485,24,95.375273
783.436114,24,95.382618
782.683723,24,95.390104
772.384282,24,95.397588
782.802024,24,95.52879
767.552656,24,95.539056
747.812634,24,95.547515
784.385988,24,95.555712
755.9101,24,95.667376
770.439177,24,95.675036
785.653264,24,95.682365
761.755661,24,95.689795
774.927043,24,95.823094
767.46816,24,95.831231
762.94389,24,95.838687
765.64535,24,95.845974
788.245483,24,95.853294
775.556208,24,95.95488
769.353164,24,95.962387
761.830479,24,95.969676
776.383267,24,95.977046
778.923675,24,96.106915
773.934332,24,96.115146
779.840426,24,96.122895
797.400692,24,96.130762
762.103151,24,96.24016
768.287271,24,96.258537
772.214213,24,96.267677
761.84329,24,96.276101
758.060192,24,96.383241
766.739714,24,96.390553
769.180161,24,96.398223
762.388662,24,96.405575
786.711378,24,96.507223
776.159581,24,96.514624
762.920191,24,96.522077
759.171302,24,96.530141
776.881827,24,96.660587
757.77452,24,96.668422
783.480254,24,96.675715
777.59642,24,96.683006
760.364056,24,96.69034
783.055602,24,96.822678
762.633354,24,96.830854
773.757724,24,96.838227
765.776965,24,96.845586
759.895353,24,96.949608
780.595299,24,96.956985
767.039574,24,96.964937
764.739592,24,96.972333
763.591345,24,97.078327
782.746317,24,97.086579
792.978299,24,97.102648
789.622045,24,97.118695
767.626248,24,97.240931
761.27928,24,97.256651
765.022821,24,97.267464
771.501119,24,97.276687
758.233055,24,97.469208
754.716152,24,97.48039
767.18381,24,97.494197
766.511771,24,97.505892
776.287964,24,97.619375
742.009102,24,97.635384
768.511648,24,97.649386
756.443495,24,97.658233
772.515152,24,97.667068
766.007129,24,97.801255
779.413539,24,97.809313
768.800536,24,97.817134
783.622024,24,97.82477
780.221764,24,97.925885
779.3808,24,97.933664
776.854843,24,97.941058
787.159148,24,97.948731
777.552122,24,98.05054
778.339086,24,98.057957
776.166685,24,98.065377
772.247659,24,98.0727
773.41154,24,98.199589
767.035953,24,98.207865
775.124446,24,98.215941
779.354585,24,98.224049
752.949039,24,98.35718
747.254625,24,98.364674
774.773588,24,98.371986
752.761407,24,98.379676
775.959389,24,98.481926
743.494432,24,98.489331
749.075028,24,98.49689
758.361951,24,98.504243
759.208172,24,98.511592
760.250626,24,98.613244
764.621215,24,98.6206
768.246634,24,98.628016
777.713119,24,98.635508
787.40908,24,98.79738
751.813789,24,98.806106
784.5878,24,98.814733
778.039874,24,98.823232
757.361227,24,98.950419
782.211214,24,98.95928
774.466335,24,98.968208
777.373393,24,98.97737
774.502283,24,99.094993
776.618306,24,99.102498
770.042048,24,99.110131
776.298682,24,99.117411
775.688891,24,99.238941
772.684697,24,99.25735
762.748898,24,99.274517
777.095817,24,99.294222
763.683543,24,99.548337
772.277254,24,99.557113
768.906776,24,99.56611
771.398356,24,99.575473
775.918712,24,99.584181
777.200129,24,99.7022
771.959763,24,99.7097
775.73051,24,99.717038
768.269561,24,99.724585
788.860517,24,99.842293
752.804126,24,99.849833
777.044407,24,99.857692
763.089472,24,99.865253
768.994046,24,99.966562
769.097066,24,99.97391
778.364533,24,99.981275
778.577268,24,99.988721
771.276533,24,100.129593
778.710581,24,100.140544
762.061238,24,100.151436
764.01392,24,100.160568
765.575186,24,100.299769
777.572551,24,100.308873
776.878582,24,100.31754
747.800326,24,100.325625
781.6291,24,100.44276
782.468556,24,100.451543
772.262407,24,100.460775
748.333987,24,100.470019
778.302512,24,100.478942
758.454016,24,100.598656
765.892842,24,100.606547
797.178687,24,100.614214
767.965433,24,100.622985
779.506806,24,100.755724
780.368548,24,100.765875
787.213314,24,100.775707
764.131415,24,100.78562
755.918504,24,100.923526
770.499099,24,100.933219
772.054058,24,100.942875
751.001281,24,100.954026
773.089766,24,101.098161
785.532516,24,101.106749
769.33761,24,101.115013
766.713993,24,101.123601
773.026034,24,101.238474
767.179285,24,101.246484
763.758322,24,101.256124
773.951247,24,101.264185
790.048353,24,101.384147
780.558534,24,101.391579
765.047452,24,101.399044
757.054378,24,101.40677
760.186281,24,101.414269
768.089467,24,101.515886
781.023752,24,101.523299
784.042594,24,101.530752
769.901813,24,101.538245
775.965373,24,101.658521
776.516931,24,101.667231
768.60002,24,101.676864
784.961027,24,101.685485
764.465345,24,101.826488
780.817347,24,101.835188
770.787476,24,101.8443
760.44531,24,101.854282
774.188255,24,102.004626
769.629593,24,102.015038
765.411046,24,102.024448
784.8817,24,102.034181
782.494204,24,102.176011
788.889797,24,102.184248
781.98023,24,102.192623
778.188103,24,102.20101
766.884258,24,102.315878
782.593438,24,102.323217
783.772406,24,102.330593
774.613296,24,102.337882
767.259135,24,102.345344
757.456581,24,102.459716
766.481279,24,102.46721
774.639538,24,102.474526
788.006357,24,102.483502
778.769029,24,102.613151
760.467519,24,102.623722
769.840198,24,102.63418
775.260982,24,102.64364
772.720284,24,102.784222
770.162909,24,102.792535
765.391388,24,102.800767
749.532258,24,102.809464
767.939202,24,102.937616
765.448572,24,102.947054
778.133719,24,102.95533
771.769841,24,102.963225
787.612559,24,103.067068
777.212189,24,103.074417
783.521587,24,103.081897
770.16681,24,103.08936
763.853624,24,103.190282
770.496011,24,103.197668
765.716927,24,103.205163
788.603445,24,103.212788
765.027691,24,103.220263
787.895125,24,103.329854
778.399788,24,103.337335
791.596049,24,103.344646
768.097252,24,103.351973
777.171124,24,103.472758
775.220516,24,103.482862
763.957873,24,103.492081
763.604829,24,103.501643
792.909231,24,103.641244
761.265919,24,103.650201
774.154644,24,103.658318
768.927613,24,103.666222
761.401063,24,103.781218
773.492724,24,103.789293
772.105146,24,103.796841
759.745153,24,103.804329
771.172305,24,103.906358
760.192534,24,103.913714
776.740453,24,103.921027
781.816142,24,103.928532
769.033162,24,104.046389
755.266751,24,104.05444
766.627913,24,104.062447
787.200082,24,104.07055
783.851828,24,104.078726
773.238653,24,104.184663
770.216076,24,104.192018
777.023912,24,104.199495
765.835499,24,104.206886
759.766216,24,104.318684
763.598175,24,104.325991
778.008305,24,104.333291
737.761221,24,104.34066
769.634231,24,104.441539
763.136959,24,104.44893
764.335065,24,104.456352
783.157429,24,104.463957
765.265603,24,104.573709
763.67944,24,104.581638
768.548387,24,104.588951
760.19248,24,104.596841
793.941829,24,104.698736
777.926956,24,104.706199
790.477787,24,104.713642
772.919626,24,104.721235
773.837678,24,104.83075
762.718315,24,104.838214
792.067924,24,104.845534
773.915513,24,104.852867
763.042642,24,104.860232
793.239044,24,104.96138
771.196191,24,104.968953
795.807977,24,104.976352
773.022657,24,104.983661
775.185394,24,105.09429
751.160534,24,105.101692
770.311295,24,105.109321
765.953562,24,105.116667
778.008869,24,105.218261
768.731399,24,105.226546
765.023714,24,105.235288
770.958398,24,105.244484
763.752584,24,105.357755
752.782879,24,105.367069
768.714041,24,105.375213
786.74584,24,105.383603
779.188534,24,105.488194
778.076529,24,105.497378
776.446105,24,105.507064
784.734575,24,105.515881
775.16802,24,105.629619
781.651512,24,105.637231
751.650439,24,105.644629
768.664086,24,105.652458
779.039424,24,105.660111
757.791422,24,105.774062
787.204074,24,105.782171
771.209574,24,105.790177
788.442446,24,105.79753
780.482037,24,105.899714
770.376352,24,105.907275
785.244344,24,105.914595
791.523126,24,105.921901
759.978449,24,106.024002
762.497704,24,106.031351
778.803792,24,106.038883
782.515987,24,106.046304
773.645562,24,106.176008
776.977102,24,106.184528
779.188293,24,106.192586
754.455071,24,106.200579
791.114192,24,106.31532
771.582494,24,106.323155
793.663735,24,106.330527
771.524691,24,106.337936
777.337303,24,106.439877
763.912047,24,106.447203
755.563338,24,106.454499
754.823381,24,106.461859
775.339311,24,106.469322
759.924045,24,106.570811
757.110485,24,106.57842
764.367054,24,106.585832
785.496395,24,106.59313
778.94447,24,106.723329
762.653047,24,106.73483
794.468635,24,106.752406
774.125037,24,106.762378
780.494687,24,106.872257
747.998789,24,106.882071
774.90589,24,106.890201
758.657296,24,106.900808
779.546952,24,107.02145
773.69613,24,107.029367
760.851408,24,107.036998
767.301627,24,107.045084
771.518654,24,107.221244
781.02742,24,107.231575
780.485802,24,107.242303
776.162617,24,107.254288
774.979082,24,107.379225
764.01185,24,107.389027
752.243193,24,107.399501
759.416617,24,107.409668
782.130875,24,107.419285
750.678052,24,107.544863
761.700685,24,107.552486
777.070751,24,107.560554
780.036006,24,107.568306
758.375289,24,107.679828
761.853749,24,107.688655
755.883779,24,107.699478
783.410976,24,107.708524
759.589682,24,107.825298
777.572285,24,107.833443
765.653703,24,107.840987
767.308432,24,107.848283
777.403707,24,107.952994
757.319347,24,107.960954
780.237656,24,107.969245
770.124147,24,107.97749
778.457613,24,108.110977
781.115119,24,108.121205
776.249365,24,108.131458
760.629958,24,108.140787
758.096839,24,108.269729
789.778332,24,108.278417
764.433043,24,108.286538
765.986016,24,108.295094
765.894978,24,108.303203
777.502291,24,108.410248
773.520271,24,108.417706
771.559104,24,108.425066
782.86625,24,108.432438
772.160526,24,108.534152
770.668944,24,108.541798
766.544557,24,108.549158
776.991038,24,108.556538
764.113662,24,108.659806
770.721761,24,108.667231
760.025769,24,108.674679
762.686056,24,108.682053
780.034074,24,108.817902
781.301002,24,108.827539
773.489268,24,108.83743
773.648107,24,108.847833
772.280892,24,108.982123
793.303138,24,108.9908
778.341848,24,108.999247
774.615938,24,109.00727
752.74181,24,109.117185
777.623115,24,109.124827
778.652759,24,109.132284
775.248131,24,109.139788
779.414255,24,109.147258
769.196453,24,109.266378
786.881809,24,109.275898
755.276722,24,109.286138
756.309148,24,109.296963
784.000309,24,109.428524
761.4525,24,109.437241
760.416424,24,109.446268
751.784069,24,109.455248
767.34888,24,109.570388
754.767276,24,109.578554
776.634359,24,109.586257
774.653486,24,109.593689
778.608832,24,109.694847
783.082325,24,109.702192
779.273554,24,109.709571
758.072289,24,109.717111
794.805925,24,109.835496
782.691214,24,109.843945
778.08926,24,109.851721
764.249039,24,109.859242
772.783597,24,109.964436
767.830036,24,109.972061
763.803236,24,109.979869
757.226168,24,109.988792
772.442989,24,109.999637
766.905132,24,110.130779
780.282908,24,110.141169
769.110661,24,110.150977
750.853561,24,110.160859
767.78993,24,110.284803
760.834703,24,110.292219
766.550158,24,110.29996
758.266156,24,110.307589
770.497464,24,110.419044
758.728932,24,110.426355
775.93869,24,110.434191
784.616472,24,110.441754
764.742838,24,110.543127
778.293755,24,110.55053
769.947756,24,110.557899
772.75846,24,110.565339
785.531457,24,110.666908
773.390877,24,110.674268
764.613196,24,110.681641
780.187572,24,110.6891
766.479543,24,110.802254
783.762817,24,110.810469
766.287968,24,110.818809
777.118676,24,110.826697
765.474435,24,110.834705
764.11914,24,110.948136
789.626442,24,110.956005
778.406937,24,110.963295
781.938904,24,110.97061
768.196671,24,111.072749
757.954771,24,111.080123
767.307677,24,111.087672
780.104644,24,111.095147
777.219427,24,111.196168
764.966398,24,111.2035
762.081561,24,111.210885
802.937893,24,111.218345
784.487551,24,111.326647
791.5953,24,111.334162
760.882496,24,111.341481
755.040298,24,111.348961
770.923785,24,111.459307
764.936895,24,111.466675
755.572099,24,111.473988
790.462555,24,111.481495
770.046046,24,111.586872
770.678585,24,111.595363
776.873051,24,111.603481
768.64263,24,111.611653
759.44723,24,111.61955
771.492066,24,111.729492
759.114992,24,111.739589
764.915516,24,111.751919
754.410399,24,111.76104
772.835084,24,111.877332
751.243344,24,111.885702
782.214063,24,111.893732
784.137133,24,111.903323
