#{"t_start": 1620585861.411993, "env_id": "ElectricityMarketDiscreteDQN-v0"}
r,l,t
-428.001656,24,0.627252
-577.431519,24,0.637418
-650.031339,24,0.647362
-817.947369,24,0.657186
-297.001362,24,0.666659
-419.328981,24,0.675493
-639.504435,24,0.684198
-466.863847,24,0.692956
-408.737698,24,0.701654
-801.215253,24,0.710455
-653.911741,24,0.719049
-492.785528,24,0.727711
-588.955028,24,0.736361
-392.14015,24,0.74522
-746.817712,24,0.753961
-643.136258,24,0.76267
-533.903762,24,0.771502
-540.1772,24,0.780297
-695.546567,24,0.789118
-588.932275,24,0.797849
-936.628147,24,0.806639
-701.483545,24,0.815361
-457.965851,24,0.824154
-481.220613,24,0.832843
-523.530125,24,0.841928
-739.348409,24,0.851043
-498.12111,24,0.859985
-425.265992,24,0.868981
-310.278052,24,0.877936
-400.513928,24,0.887105
-532.551315,24,0.89602
-425.530692,24,0.904967
-390.273647,24,0.913936
-397.412392,24,0.922727
-423.870516,24,0.931653
-269.448306,24,0.940476
-373.23794,24,0.949175
-575.123692,24,0.957904
-643.153924,24,0.967634
-942.198603,24,0.977051
-497.535217,24,0.98627
-243.879228,24,1.160193
-568.536356,24,1.203655
-598.773745,24,1.250081
-297.706283,24,1.293656
-180.942542,24,1.338154
-965.477242,24,1.381132
-357.96713,24,1.42493
-273.470322,24,1.469456
-171.74229,24,1.512506
-162.441662,24,1.554312
-517.593042,24,1.596049
-347.41559,24,1.63908
-272.848335,24,1.685082
-364.912652,24,1.733262
-28.974255,24,1.780603
-246.140039,24,1.829915
95.648427,24,1.877209
-70.872372,24,1.919916
-78.493619,24,1.961979
-137.620494,24,2.003877
-388.927347,24,2.046564
-203.882761,24,2.089182
-342.402122,24,2.132026
-16.179695,24,2.179776
297.086651,24,2.228139
-134.458675,24,2.275342
-128.595222,24,2.321548
-156.80408,24,2.368848
-120.770581,24,2.413721
91.041911,24,2.456651
-16.321681,24,2.49895
-160.098775,24,2.541205
-63.521772,24,2.583207
-7.105353,24,2.625524
-244.860222,24,2.66747
79.099586,24,2.709887
-151.536247,24,2.752668
156.376297,24,2.794491
-84.548359,24,2.835617
-215.057362,24,2.87713
54.130719,24,2.922338
-100.638481,24,2.967215
-203.509692,24,3.012837
669.743577,24,3.057412
365.943773,24,3.102631
73.184786,24,3.146362
-307.261177,24,3.187241
-32.520181,24,3.228985
-271.608686,24,3.27117
260.741933,24,3.313839
-193.453811,24,3.357859
-198.545448,24,3.401703
28.372789,24,3.449812
-95.00204,24,3.496657
271.161583,24,3.540018
118.60494,24,3.583346
-141.285533,24,3.625905
-219.321644,24,3.668394
-469.001315,24,3.71916
175.612944,24,3.762557
-220.506417,24,3.80585
-133.582262,24,3.849622
86.944762,24,3.89262
-105.291388,24,3.936373
181.976069,24,3.9779
48.816188,24,4.019435
6.828308,24,4.061519
24.956377,24,4.104012
24.196025,24,4.171284
-6.570092,24,4.221495
106.887315,24,4.264108
-132.077665,24,4.307606
342.592503,24,4.349993
-336.226794,24,4.391903
64.373128,24,4.434815
50.092803,24,4.478137
18.718908,24,4.523065
122.124994,24,4.567502
89.640986,24,4.611693
-151.664569,24,4.655411
-61.12193,24,4.699339
-71.562447,24,4.74286
242.269391,24,4.786811
117.626587,24,4.829599
299.108033,24,4.872134
137.179214,24,4.914588
-292.410556,24,4.957502
194.947656,24,4.99991
228.281153,24,5.04268
107.016072,24,5.086134
183.340531,24,5.128604
454.605256,24,5.171057
299.086619,24,5.215448
414.825162,24,5.257663
332.570801,24,5.298787
338.973831,24,5.339985
363.892294,24,5.381078
176.400141,24,5.422509
189.955412,24,5.463912
340.109961,24,5.505301
169.200255,24,5.546592
438.147938,24,5.587637
222.708751,24,5.62912
189.517728,24,5.67082
156.454758,24,5.712877
234.563447,24,5.754984
233.965924,24,5.796805
104.279367,24,5.838414
50.653336,24,5.880807
437.318033,24,5.923365
466.182872,24,5.965891
-3.228289,24,6.008208
610.037597,24,6.049869
301.321406,24,6.091336
478.122023,24,6.133206
548.139444,24,6.176587
410.423478,24,6.218349
165.701339,24,6.260148
119.888944,24,6.302468
215.305936,24,6.346314
440.833039,24,6.39113
260.735308,24,6.435268
440.010292,24,6.478163
365.558619,24,6.522001
766.386428,24,6.563451
375.910294,24,6.605659
670.225067,24,6.648066
249.856714,24,6.693561
679.635128,24,6.735872
353.398678,24,6.778408
259.200089,24,6.820789
661.955208,24,6.86302
682.363833,24,6.907032
588.577049,24,6.949074
-51.456697,24,6.990969
50.022242,24,7.033151
305.392676,24,7.075723
519.664709,24,7.117777
640.511008,24,7.160483
680.996767,24,7.20288
669.584375,24,7.245475
590.341003,24,7.289277
456.629123,24,7.332909
179.695003,24,7.376463
623.832125,24,7.420099
257.91481,24,7.463409
390.237724,24,7.507931
190.816508,24,7.550438
577.107301,24,7.592323
525.122656,24,7.633863
382.739514,24,7.674946
548.363681,24,7.716071
394.332381,24,7.757174
106.463278,24,7.799188
369.587231,24,7.841253
765.905035,24,7.884317
673.763789,24,7.926707
566.926714,24,7.967889
175.891228,24,8.014958
798.42691,24,8.055898
713.307222,24,8.097464
411.495926,24,8.139562
623.918277,24,8.182751
603.475835,24,8.224028
699.358844,24,8.265818
671.907867,24,8.307908
397.865578,24,8.349909
439.411241,24,8.392358
669.255406,24,8.434709
631.924648,24,8.477115
729.914712,24,8.519595
438.894208,24,8.562078
573.077773,24,8.602993
637.496264,24,8.644328
435.305763,24,8.685748
705.27352,24,8.727793
727.47477,24,8.77176
699.810122,24,8.826696
782.830647,24,8.870879
751.007314,24,8.913119
675.661289,24,8.970105
766.734934,24,9.019271
600.854645,24,9.062742
797.430751,24,9.105337
407.171858,24,9.148507
467.062147,24,9.191716
624.053887,24,9.238166
244.378403,24,9.28421
418.165808,24,9.327872
430.205767,24,9.368881
605.830063,24,9.409842
396.528337,24,9.451766
-399.019233,24,9.494098
754.311958,24,9.536184
681.167258,24,9.579017
530.123466,24,9.624184
535.488439,24,9.666621
785.722362,24,9.709534
783.066525,24,9.750912
550.599831,24,9.792426
221.53073,24,9.833894
780.205664,24,9.876741
357.393998,24,9.919734
574.036456,24,9.963915
643.726086,24,10.008369
749.034492,24,10.052188
752.431992,24,10.094804
705.429006,24,10.137755
759.270603,24,10.181146
749.034492,24,10.224126
787.39316,24,10.265768
284.637247,24,10.308098
496.482939,24,10.350265
647.345439,24,10.392111
581.011242,24,10.434415
619.513899,24,10.476502
530.891016,24,10.518712
312.732725,24,10.560922
316.952525,24,10.603052
717.414484,24,10.645584
533.546972,24,10.688436
510.522544,24,10.731065
402.264791,24,10.773916
154.893566,24,10.816048
243.55503,24,10.858054
271.439783,24,10.900675
574.955358,24,10.942903
-61.196517,24,10.985576
608.682119,24,11.028375
29.949135,24,11.071612
14.215316,24,11.116414
786.284197,24,11.160135
720.842092,24,11.203188
714.952717,24,11.246991
783.684553,24,11.290497
539.616731,24,11.333011
709.503031,24,11.375375
722.935745,24,11.419058
736.79762,24,11.461911
650.709733,24,11.50457
489.119667,24,11.546883
393.460362,24,11.590125
-531.014977,24,11.633274
-757.717334,24,11.676306
50.288331,24,11.718388
358.326235,24,11.760556
660.145719,24,11.803542
698.533844,24,11.848699
743.424548,24,11.894568
808.831853,24,11.940489
704.571023,24,11.983509
774.326345,24,12.029221
675.122753,24,12.077168
773.767965,24,12.120905
632.406506,24,12.163551
560.055278,24,12.206599
684.625194,24,12.24952
234.884439,24,12.29484
219.549592,24,12.345344
798.445444,24,12.396311
289.062772,24,12.452904
586.834558,24,12.512216
687.747058,24,12.570382
709.701433,24,12.620032
114.056592,24,12.671485
72.233349,24,12.714121
575.066072,24,12.756552
553.097406,24,12.798588
429.677922,24,12.841095
646.425745,24,12.884621
409.075978,24,12.927592
336.158842,24,12.970417
601.625842,24,13.012786
526.649955,24,13.055753
661.263933,24,13.098603
727.644914,24,13.140892
-334.63204,24,13.183489
434.390061,24,13.22631
395.058153,24,13.268481
-181.643769,24,13.310585
531.338673,24,13.352316
-90.466253,24,13.395324
207.108431,24,13.445202
375.906173,24,13.499714
665.982047,24,13.545403
625.153158,24,13.59081
600.577881,24,13.635003
502.196264,24,13.678791
23.812869,24,13.722088
17.331919,24,13.7641
75.939419,24,13.80596
42.785844,24,13.847894
743.005299,24,13.89053
384.919853,24,13.934612
251.459853,24,13.980059
596.861928,24,14.024048
44.821583,24,14.067374
699.368456,24,14.112141
550.746651,24,14.156469
489.400445,24,14.199807
658.044614,24,14.243067
415.165181,24,14.287919
514.771669,24,14.332984
-96.066877,24,14.37813
408.113265,24,14.422078
631.837875,24,14.46645
-21.273767,24,14.511013
62.672424,24,14.554114
113.343258,24,14.597765
113.343258,24,14.640952
-17.093303,24,14.685369
234.98704,24,14.728476
250.544122,24,14.7715
15.317525,24,14.814367
237.380998,24,14.857766
347.764223,24,14.900617
527.724748,24,14.943103
583.500998,24,14.985403
562.429678,24,15.027921
581.494942,24,15.070117
681.742842,24,15.111986
610.358815,24,15.15364
464.143553,24,15.194863
704.360845,24,15.236139
458.641847,24,15.277575
625.813708,24,15.323733
239.903931,24,15.373847
141.824556,24,15.419682
163.184556,24,15.464702
21.727822,24,15.5095
69.321189,24,15.5539
-3.084075,24,15.598958
-2.501499,24,15.644259
-515.101019,24,15.68775
-409.226644,24,15.729726
316.240531,24,15.77413
589.306926,24,15.816393
749.413245,24,15.859422
466.589111,24,15.905416
466.021917,24,15.951537
650.179253,24,15.996276
514.663941,24,16.038631
93.80909,24,16.082025
46.104839,24,16.124882
174.368797,24,16.169594
162.296853,24,16.212002
469.624256,24,16.257463
302.449465,24,16.305617
414.765287,24,16.35238
276.655928,24,16.39892
4.593281,24,16.444844
476.59525,24,16.487842
-3.374872,24,16.532552
-10.007372,24,16.574857
374.096106,24,16.616946
-141.772105,24,16.658957
269.584717,24,16.701271
-136.895344,24,16.743122
-346.445519,24,16.796915
103.537681,24,16.84069
188.213306,24,16.890915
-302.029558,24,16.940317
-302.029558,24,16.98533
-330.420808,24,17.028973
-311.622433,24,17.07372
125.342631,24,17.117762
464.677631,24,17.162677
622.715745,24,17.207057
531.761933,24,17.251745
306.813599,24,17.295712
544.112841,24,17.339769
556.707216,24,17.383476
556.707216,24,17.427723
422.401034,24,17.471578
558.013623,24,17.516981
706.154831,24,17.563145
595.251873,24,17.608202
262.595348,24,17.654026
525.498692,24,17.698731
689.488345,24,17.743598
693.685845,24,17.789005
657.56772,24,17.834558
40.593892,24,17.87893
291.678553,24,17.923125
698.82147,24,17.967633
279.141881,24,18.011423
-320.632914,24,18.055451
-541.032383,24,18.09955
248.580011,24,18.143063
-66.5111,24,18.186734
269.04459,24,18.230425
202.035303,24,18.274862
180.273303,24,18.318936
-380.953989,24,18.36361
5.056967,24,18.407227
254.424231,24,18.450384
300.657356,24,18.493407
314.090481,24,18.535976
191.538178,24,18.578491
78.736208,24,18.621116
51.849947,24,18.664258
631.006697,24,18.707395
677.152322,24,18.750233
657.869822,24,18.79312
373.156644,24,18.836611
314.042897,24,18.880119
317.018562,24,18.92483
530.182381,24,18.969507
488.176131,24,19.014027
366.171487,24,19.059382
334.055537,24,19.104537
371.991381,24,19.148847
359.420223,24,19.192071
364.390212,24,19.234887
637.592892,24,19.277759
776.491358,24,19.321725
185.540647,24,19.364734
-872.809731,24,19.407727
207.093905,24,19.451357
38.419612,24,19.496904
-219.617888,24,19.54121
-168.602263,24,19.586433
107.002381,24,19.630818
370.285228,24,19.67557
663.096344,24,19.720059
689.619149,24,19.763675
543.272698,24,19.808776
764.989306,24,19.852512
592.130456,24,19.895235
345.940778,24,19.939434
-332.883853,24,19.984157
-22.540765,24,20.028487
275.592089,24,20.072613
290.198214,24,20.116301
237.054325,24,20.160226
334.878762,24,20.204247
687.507006,24,20.248224
545.281269,24,20.292637
415.0833,24,20.339538
490.579881,24,20.385958
237.503214,24,20.432269
269.087539,24,20.477049
222.69391,24,20.521669
-231.05825,24,20.566914
72.879458,24,20.611357
376.796883,24,20.65719
205.013,24,20.700799
29.274222,24,20.744122
179.883656,24,20.789304
373.22491,24,20.847222
421.66806,24,20.910474
421.66806,24,20.956978
428.8954,24,21.003044
453.712862,24,21.049072
566.112227,24,21.097069
370.415413,24,21.148935
478.041185,24,21.196124
779.343581,24,21.24109
460.33528,24,21.298006
772.966289,24,21.342206
757.918355,24,21.391179
658.282799,24,21.44212
638.695864,24,21.486853
629.566697,24,21.532434
568.592261,24,21.577998
425.622408,24,21.623393
290.141372,24,21.668423
487.822145,24,21.71379
588.200725,24,21.759036
535.296569,24,21.803991
547.968725,24,21.851154
278.681659,24,21.898205
294.145478,24,21.950908
413.725478,24,21.995494
426.425787,24,22.042439
-191.268788,24,22.087637
-525.984413,24,22.132076
-116.666644,24,22.196648
9.877635,24,22.255588
621.688044,24,22.307676
386.20905,24,22.353885
65.761425,24,22.398334
-588.805717,24,22.44747
-410.532422,24,22.494008
-110.103853,24,22.538975
309.993925,24,22.588127
306.256917,24,22.642832
541.233731,24,22.692871
411.828197,24,22.737704
276.733197,24,22.782911
-267.285767,24,22.828574
-800.257333,24,22.879612
96.995697,24,22.928565
323.743197,24,22.973907
15.738775,24,23.018911
27.589876,24,23.064382
282.541301,24,23.112027
630.031856,24,23.15701
523.224287,24,23.203776
539.968731,24,23.249426
592.174981,24,23.295189
267.015653,24,23.340069
229.971653,24,23.384735
-33.813442,24,23.430452
-506.204375,24,23.475971
-460.609583,24,23.522829
22.801281,24,23.568046
183.557114,24,23.613263
316.218303,24,23.657814
-71.699594,24,23.703647
193.3032,24,23.754593
237.882367,24,23.800655
88.551994,24,23.848565
291.43945,24,23.904559
421.559381,24,23.962868
494.143825,24,24.008929
448.177736,24,24.053695
763.059708,24,24.098594
595.346333,24,24.143951
355.359292,24,24.189167
-211.579108,24,24.242327
-475.083062,24,24.291698
-315.169056,24,24.335586
-413.924215,24,24.380165
-722.919594,24,24.424908
-630.084819,24,24.47609
-1310.400642,24,24.527324
-1668.506797,24,24.578497
-290.334547,24,24.630917
-330.454251,24,24.681949
-131.211769,24,24.731679
13.264064,24,24.781959
125.492008,24,24.83236
394.710259,24,24.877715
729.768472,24,24.922604
698.726231,24,24.967185
581.209856,24,25.012217
550.451592,24,25.061393
509.741592,24,25.113057
413.249856,24,25.163454
371.115203,24,25.213681
371.115203,24,25.264436
332.687078,24,25.314261
373.597703,24,25.362617
362.529578,24,25.409753
320.454717,24,25.461533
403.101444,24,25.511991
350.939152,24,25.561303
190.867208,24,25.609775
-43.920497,24,25.654244
-30.032903,24,25.703184
-40.746458,24,25.755398
-367.191934,24,25.806622
-361.516795,24,25.856081
12.487167,24,25.904469
162.707403,24,25.954136
-634.884712,24,26.002007
-1191.657142,24,26.046476
-1007.316169,24,26.09723
-797.520269,24,26.146324
-298.793047,24,26.198431
-90.31968,24,26.251756
114.403506,24,26.303639
126.674576,24,26.354334
-308.299558,24,26.400372
-354.47191,24,26.445124
-539.638694,24,26.489265
-1485.782653,24,26.533275
-1525.41925,24,26.577508
-657.376249,24,26.621626
-166.910222,24,26.665884
-309.792759,24,26.709676
-166.115835,24,26.753109
-294.237748,24,26.796551
-960.32567,24,26.840152
-770.008042,24,26.895809
-147.581976,24,26.947068
532.24547,24,26.996275
500.764706,24,27.046469
424.055401,24,27.09807
335.587901,24,27.145542
275.264547,24,27.191062
234.328506,24,27.235907
353.458619,24,27.280365
377.864605,24,27.325125
567.589647,24,27.37034
517.772283,24,27.41581
-455.469894,24,27.461054
-493.732814,24,27.506487
112.609592,24,27.552429
410.316814,24,27.598145
395.196814,24,27.642352
404.393689,24,27.686574
353.999078,24,27.732569
-338.667319,24,27.779765
-590.791752,24,27.825835
-358.076325,24,27.870621
-327.174206,24,27.915963
-330.00195,24,27.960968
-483.686394,24,28.005678
-591.0983,24,28.050728
-363.524564,24,28.095397
-1941.584402,24,28.145616
-1764.766278,24,28.190464
-653.51466,24,28.235995
-612.343055,24,28.280028
-255.758865,24,28.32385
283.478927,24,28.368006
-163.481308,24,28.414936
-350.016569,24,28.463028
-363.719959,24,28.510544
-476.56264,24,28.557649
649.434092,24,28.605446
642.543467,24,28.650116
687.393467,24,28.695256
717.202344,24,28.739864
769.831578,24,28.784537
-239.639,24,28.8288
-271.063375,24,28.873341
-371.660875,24,28.918238
109.392683,24,28.962612
612.959642,24,29.006286
657.499009,24,29.049913
545.956517,24,29.09375
65.158906,24,29.137272
-42.709219,24,29.181948
-96.656719,24,29.229689
-621.765736,24,29.276739
-343.075485,24,29.324281
-266.965863,24,29.371101
-314.910794,24,29.417402
-337.431594,24,29.463376
-178.597827,24,29.507926
-505.97295,24,29.551585
-1158.591128,24,29.595199
-91.303175,24,29.638405
39.628366,24,29.683125
424.59166,24,29.734201
649.09332,24,29.795273
647.278684,24,29.849273
479.924248,24,29.915327
665.490442,24,29.984478
291.74298,24,30.054872
-711.053609,24,30.118404
-740.018609,24,30.171235
-823.544417,24,30.225701
-37.704314,24,30.277421
674.468017,24,30.332609
-146.117133,24,30.389132
-585.280088,24,30.45577
-951.267588,24,30.516267
177.600225,24,30.582542
177.600225,24,30.662642
-206.400412,24,30.731318
-378.926801,24,30.798005
-324.926686,24,30.861886
-167.907281,24,30.93018
-402.431381,24,31.005343
-335.08815,24,31.078457
-850.724406,24,31.147336
-854.097184,24,31.272651
-814.65517,24,31.346185
-137.079726,24,31.425774
1.900119,24,31.492482
-13.213958,24,31.558182
558.905012,24,31.630435
226.806995,24,31.704455
223.664581,24,31.778757
503.96465,24,31.846212
506.920094,24,31.963718
185.932358,24,32.029663
86.421303,24,32.098298
772.820431,24,32.161313
750.814089,24,32.225316
491.568267,24,32.290412
90.269339,24,32.347857
-542.903908,24,32.396777
-247.0459,24,32.449112
232.731317,24,32.501479
275.334903,24,32.559306
502.582581,24,32.610112
88.048885,24,32.660171
-84.570402,24,32.709957
-253.800184,24,32.757814
-289.54699,24,32.803353
347.222719,24,32.848599
55.410266,24,32.893708
-89.659734,24,32.938187
-145.266401,24,32.984061
-181.823276,24,33.032231
-164.65522,24,33.077607
-469.19667,24,33.121577
-752.397434,24,33.1658
-596.95542,24,33.210382
-4.841995,24,33.255357
-25.061258,24,33.306127
9.617822,24,33.36194
-179.028484,24,33.412374
-325.951233,24,33.463316
-403.081133,24,33.518849
-177.623217,24,33.571223
15.607131,24,33.636658
277.764355,24,33.699421
746.701958,24,33.77113
742.045013,24,33.838886
743.13471,24,33.897799
652.530402,24,33.951408
731.13521,24,34.005076
752.025444,24,34.063536
673.177569,24,34.116453
293.548648,24,34.173219
293.548648,24,34.218772
416.429606,24,34.264452
39.437267,24,34.310151
-2.553567,24,34.35528
-210.036564,24,34.399151
-409.232231,24,34.443281
-265.49221,24,34.487151
-328.825647,24,34.535508
624.256206,24,34.593274
451.391781,24,34.64312
566.674262,24,34.693008
689.135835,24,34.742527
707.953335,24,34.792755
682.341535,24,34.83751
-136.455266,24,34.882888
-1096.217902,24,34.92831
-1232.080402,24,34.973778
-77.682008,24,35.01978
89.669647,24,35.065117
-40.595197,24,35.110656
-229.645806,24,35.156102
128.792319,24,35.202477
70.931244,24,35.248311
250.103153,24,35.293919
485.80106,24,35.339311
278.721908,24,35.384887
288.731169,24,35.43062
548.650463,24,35.4775
319.937352,24,35.523966
499.946456,24,35.570186
158.988473,24,35.616376
-168.53451,24,35.662523
404.661581,24,35.707993
116.558517,24,35.752938
238.463308,24,35.798016
358.170094,24,35.843999
136.585878,24,35.888501
-68.75086,24,35.93252
-108.787974,24,35.976254
318.267826,24,36.021659
613.725348,24,36.067824
74.874842,24,36.11692
29.187639,24,36.163635
-109.473611,24,36.22507
364.330569,24,36.281051
-296.720922,24,36.327805
365.889736,24,36.373209
134.442847,24,36.425326
-137.012267,24,36.469744
-183.506642,24,36.515641
395.109328,24,36.559442
338.451844,24,36.603842
419.206297,24,36.648743
416.4155,24,36.693298
462.894667,24,36.738595
58.986458,24,36.784149
478.113,24,36.831627
471.709389,24,36.877832
347.449561,24,36.9236
489.458819,24,36.968236
515.887499,24,37.01224
457.196041,24,37.056343
519.517847,24,37.101564
578.938472,24,37.175109
575.080124,24,37.22187
594.698055,24,37.269925
590.757499,24,37.316103
485.969985,24,37.362751
-114.174792,24,37.408633
-104.477826,24,37.456181
-91.21484,24,37.507658
42.140142,24,37.558527
171.111081,24,37.610118
523.532469,24,37.661788
449.424414,24,37.711833
355.505039,24,37.762775
519.470742,24,37.809829
373.194292,24,37.855408
265.862347,24,37.899712
226.331158,24,37.94435
62.925067,24,37.988647
763.44441,24,38.032964
743.39595,24,38.077072
339.758189,24,38.123893
107.985203,24,38.168344
291.484617,24,38.212984
545.292483,24,38.256992
770.583525,24,38.302927
394.42599,24,38.350729
320.478259,24,38.399203
-50.344149,24,38.447169
631.091798,24,38.495033
163.083572,24,38.542605
362.102453,24,38.586462
780.772978,24,38.681377
649.826503,24,38.726907
535.258503,24,38.771395
447.394992,24,38.815077
725.363831,24,38.859448
543.583533,24,38.903428
538.860656,24,38.946922
538.860656,24,38.991126
657.531989,24,39.035262
638.389419,24,39.078923
639.151503,24,39.123163
482.530387,24,39.169072
447.284367,24,39.212965
312.211762,24,39.256459
74.536258,24,39.300514
146.183211,24,39.344927
400.266031,24,39.38835
438.384544,24,39.432063
87.339058,24,39.475746
19.711091,24,39.519092
-11.018265,24,39.562743
280.829405,24,39.613966
65.289635,24,39.688191
265.666072,24,39.731574
293.219583,24,39.775518
296.491683,24,39.819363
252.986265,24,39.86312
385.736228,24,39.906628
60.939113,24,39.950027
123.071613,24,39.993699
123.071613,24,40.037193
169.470872,24,40.081571
-99.530684,24,40.125241
-32.624772,24,40.168745
-71.611133,24,40.212484
124.146159,24,40.256306
-311.905716,24,40.300479
-129.350238,24,40.344586
-106.479935,24,40.388513
-4.953685,24,40.432255
89.605098,24,40.475671
-364.54636,24,40.519458
-542.913819,24,40.56281
-430.015527,24,40.606453
-77.361627,24,40.650428
305.433965,24,40.69385
-161.486822,24,40.737467
-851.481624,24,40.781418
-501.455131,24,40.824711
-287.979808,24,40.868726
401.200867,24,40.912361
494.416576,24,40.955775
542.904865,24,40.999598
660.520826,24,41.055263
614.276034,24,41.100863
695.804139,24,41.14911
700.897472,24,41.192947
340.942197,24,41.23658
344.174906,24,41.280156
324.089906,24,41.324414
742.210962,24,41.367822
84.94104,24,41.411901
297.014011,24,41.456813
92.286194,24,41.500074
402.162244,24,41.543744
441.015883,24,41.587353
87.502589,24,41.631373
102.963839,24,41.67533
58.555075,24,41.718696
-185.915328,24,41.762207
-885.599636,24,41.806521
-191.676581,24,41.850382
467.320742,24,41.894844
531.956047,24,41.939244
323.227336,24,41.983243
566.062392,24,42.027268
457.735728,24,42.077523
618.338306,24,42.122037
578.569139,24,42.165815
658.804972,24,42.209463
633.089208,24,42.252866
650.594347,24,42.296234
635.333861,24,42.340319
649.976083,24,42.384307
640.406083,24,42.428292
162.203561,24,42.472014
96.969887,24,42.515717
185.057387,24,42.559418
460.456275,24,42.604346
-77.946094,24,42.652913
390.225978,24,42.699137
-39.061514,24,42.743176
-471.443722,24,42.786926
-34.998397,24,42.830975
-213.442583,24,42.87473
297.574428,24,42.918665
-117.227181,24,42.962387
214.815978,24,43.00583
-3.345458,24,43.049692
-103.23525,24,43.09342
269.190892,24,43.137002
-483.959542,24,43.180305
-429.669137,24,43.224564
-347.806765,24,43.268302
-607.52489,24,43.312222
-644.711278,24,43.356315
-460.24482,24,43.400289
-825.972284,24,43.444117
-825.972284,24,43.488286
-825.972284,24,43.535173
-722.090306,24,43.585408
-1020.520622,24,43.630229
-954.093608,24,43.674376
-928.557365,24,43.718334
167.464036,24,43.762975
530.524627,24,43.807561
577.605322,24,43.852708
531.400877,24,43.898591
251.722586,24,43.944238
261.49546,24,43.988897
115.848674,24,44.033367
623.920947,24,44.077461
382.401799,24,44.124021
622.125774,24,44.169952
690.671841,24,44.21465
779.352397,24,44.258366
654.05993,24,44.302031
529.003055,24,44.346032
682.283208,24,44.390335
650.457916,24,44.434727
757.356624,24,44.478811
290.821319,24,44.522281
578.780783,24,44.566501
678.567124,24,44.610521
499.520786,24,44.654101
386.974603,24,44.697903
480.462589,24,44.74085
575.000519,24,44.784424
581.322742,24,44.828073
753.914458,24,44.871658
714.200058,24,44.91535
601.283041,24,44.958923
610.961605,24,45.002703
490.904599,24,45.045979
650.785333,24,45.090081
327.780256,24,45.134037
322.460044,24,45.177572
322.460044,24,45.221043
336.732544,24,45.264456
422.824069,24,45.307858
445.666631,24,45.351607
420.215124,24,45.395388
455.658405,24,45.438702
577.289222,24,45.493667
560.169222,24,45.538164
617.806097,24,45.589218
617.806097,24,45.64068
623.19541,24,45.687584
627.587216,24,45.730961
540.245381,24,45.775422
230.404756,24,45.81938
292.720367,24,45.865208
341.182631,24,45.90932
305.466644,24,45.952681
560.208328,24,45.996361
225.077658,24,46.040151
287.590272,24,46.083581
516.015828,24,46.128463
421.420272,24,46.172126
497.201872,24,46.216374
347.217564,24,46.260413
476.820272,24,46.303676
13.894356,24,46.347189
16.607256,24,46.390378
-156.052281,24,46.43421
101.017794,24,46.477817
-328.265336,24,46.527474
-186.875767,24,46.571374
-120.691708,24,46.614858
-109.051708,24,46.658925
-93.346739,24,46.703436
320.245694,24,46.746968
452.8477,24,46.79019
314.984922,24,46.834464
431.961178,24,46.878413
446.647283,24,46.925011
262.427886,24,46.96866
134.142301,24,47.024368
-420.752855,24,47.072827
-382.766441,24,47.126392
-230.830122,24,47.173948
66.806781,24,47.22045
500.858208,24,47.266759
380.808286,24,47.313276
326.053277,24,47.358609
130.8227,24,47.402529
-83.458936,24,47.446863
-89.563533,24,47.491937
160.200758,24,47.540139
252.128592,24,47.58939
281.456084,24,47.639658
328.968803,24,47.688194
283.263503,24,47.73448
509.604742,24,47.779658
354.043794,24,47.825374
373.442156,24,47.871169
237.25129,24,47.917023
192.37029,24,47.962772
222.075956,24,48.006721
331.264805,24,48.050816
-290.138386,24,48.095871
123.918992,24,48.165603
266.383842,24,48.21605
-217.177242,24,48.26154
274.114401,24,48.306484
324.03829,24,48.351711
212.616751,24,48.396028
-622.439597,24,48.440271
-724.634267,24,48.485533
153.769353,24,48.530401
191.124944,24,48.578298
82.105338,24,48.627752
171.329674,24,48.676344
403.893386,24,48.723424
425.127485,24,48.769069
395.733672,24,48.814076
490.108185,24,48.860155
342.840627,24,48.905535
38.731383,24,48.951108
222.509227,24,48.99711
131.082634,24,49.044106
186.367055,24,49.090686
315.419785,24,49.135628
154.97346,24,49.180628
180.185335,24,49.226946
180.696724,24,49.271365
192.527349,24,49.317646
164.252349,24,49.365388
360.056863,24,49.412409
328.740127,24,49.458554
-44.04934,24,49.50565
-139.357795,24,49.551555
-159.204062,24,49.597168
159.082783,24,49.6419
79.208624,24,49.689361
225.654097,24,49.734584
478.654969,24,49.779892
404.257631,24,49.825354
525.110114,24,49.870986
497.646481,24,49.916707
532.272314,24,49.961186
-281.984631,24,50.006292
413.414106,24,50.051451
413.414106,24,50.102184
394.482314,24,50.148057
-485.794076,24,50.195861
326.00785,24,50.241166
461.627858,24,50.286556
327.90008,24,50.331642
274.796816,24,50.377085
130.157716,24,50.422411
-204.310965,24,50.467394
235.51186,24,50.512465
107.426914,24,50.55773
231.701883,24,50.602678
496.126738,24,50.647525
-661.125381,24,50.692009
69.876205,24,50.736135
423.05331,24,50.780159
28.828047,24,50.825344
360.78672,24,50.870369
291.692838,24,50.915915
77.306124,24,50.960753
111.141874,24,51.005114
-45.415001,24,51.049197
45.297433,24,51.09354
-86.838751,24,51.142902
-116.598551,24,51.196494
-134.671884,24,51.253393
517.150597,24,51.30914
532.450597,24,51.365515
686.838375,24,51.412723
-367.28195,24,51.456536
335.472284,24,51.501872
358.024898,24,51.54752
385.662701,24,51.594684
484.164923,24,51.639435
487.553673,24,51.68824
493.133673,24,51.744481
337.178048,24,51.789487
449.764367,24,51.834173
450.543117,24,51.87847
432.661776,24,51.923091
457.233162,24,51.969995
436.086981,24,52.014864
441.571126,24,52.06163
476.251244,24,52.109986
544.714856,24,52.165363
626.047772,24,52.253641
704.142564,24,52.318639
552.597008,24,52.391677
667.796731,24,52.44777
667.796731,24,52.503452
513.544712,24,52.571859
312.545017,24,52.626696
316.408559,24,52.688712
747.506239,24,52.744843
755.234597,24,52.791341
743.806819,24,52.839754
412.591383,24,52.897454
4.403087,24,52.945896
39.289698,24,52.992738
56.627431,24,53.041075
67.804653,24,53.095137
-144.108083,24,53.142986
-24.026027,24,53.199351
-134.320583,24,53.259635
-523.518336,24,53.322932
511.36467,24,53.378124
-109.017998,24,53.434864
-168.285822,24,53.479203
-306.019353,24,53.523959
265.438369,24,53.568143
252.790869,24,53.612937
-331.18207,24,53.658216
93.920956,24,53.701967
-214.619576,24,53.750376
347.166028,24,53.799287
477.904292,24,53.84392
646.289894,24,53.888262
602.178222,24,53.932495
559.678617,24,53.978245
558.757206,24,54.022847
650.230103,24,54.069232
663.910103,24,54.11611
666.045728,24,54.162709
29.315708,24,54.209309
307.25717,24,54.256914
664.704811,24,54.313648
493.262,24,54.370747
399.686967,24,54.422954
534.906561,24,54.471436
358.951794,24,54.521218
544.275658,24,54.572528
597.008569,24,54.628113
660.238714,24,54.672971
354.245338,24,54.723535
595.525381,24,54.772114
399.387263,24,54.815947
-94.515951,24,54.861079
-432.236188,24,54.906866
-349.634576,24,54.952672
-428.553951,24,54.997205
346.559213,24,55.047905
471.417213,24,55.093828
346.340463,24,55.138579
459.442838,24,55.183608
555.972838,24,55.228929
542.055547,24,55.273536
551.850847,24,55.318229
608.289655,24,55.361536
633.369328,24,55.40549
559.74513,24,55.449837
408.971469,24,55.494246
138.968374,24,55.538113
67.250527,24,55.581897
143.719485,24,55.625481
-92.088598,24,55.669115
-74.706348,24,55.71298
-36.130792,24,55.756438
-101.807387,24,55.800248
1.874208,24,55.843717
-17.016417,24,55.887584
102.637958,24,55.93176
112.930458,24,55.975469
30.466039,24,56.019534
-165.675489,24,56.064763
96.358735,24,56.114449
274.204865,24,56.162215
300.136923,24,56.207171
65.437333,24,56.25174
251.201027,24,56.296139
-446.200402,24,56.339531
-221.51339,24,56.38323
105.993603,24,56.427089
-153.802102,24,56.470549
-178.768044,24,56.514137
-417.251444,24,56.557629
-438.696652,24,56.601178
-415.167347,24,56.645236
-495.283319,24,56.689929
-51.175955,24,56.73556
137.181919,24,56.778965
298.481974,24,56.822581
317.867991,24,56.866157
215.165447,24,56.912163
127.414251,24,56.956764
-31.287449,24,57.000547
-333.366538,24,57.044266
-392.118691,24,57.088157
-157.131099,24,57.131791
38.464426,24,57.175759
280.198472,24,57.220646
677.277447,24,57.266543
-43.862842,24,57.31183
-3.943458,24,57.356216
-8.345333,24,57.39978
-184.787939,24,57.443346
-578.748972,24,57.487041
-999.038797,24,57.530595
-927.421922,24,57.574022
273.841442,24,57.617329
195.04429,24,57.661267
110.432008,24,57.704566
122.185903,24,57.747945
198.800873,24,57.791209
-40.388453,24,57.834584
-717.749953,24,57.878731
-18.241953,24,57.9222
352.218109,24,57.965258
395.758387,24,58.008747
515.10047,24,58.05236
467.957375,24,58.095756
611.560242,24,58.140214
586.480923,24,58.185769
630.079812,24,58.22893
566.019575,24,58.272326
314.242956,24,58.315955
252.250842,24,58.359248
231.168881,24,58.402633
251.008103,24,58.446104
184.124436,24,58.489466
8.095967,24,58.537909
201.470537,24,58.581293
339.649631,24,58.624785
478.985894,24,58.668996
463.782558,24,58.712281
283.885856,24,58.755363
148.355612,24,58.798825
212.394403,24,58.842103
286.43294,24,58.885316
70.118769,24,58.928749
-461.007397,24,58.972271
-303.044922,24,59.017036
-613.322758,24,59.062989
-270.923963,24,59.106643
-515.437844,24,59.150232
-455.94701,24,59.193696
-857.125158,24,59.237081
-1499.997497,24,59.280075
-1541.870552,24,59.32379
-1499.997497,24,59.367097
-844.64208,24,59.410797
-417.817761,24,59.466525
-515.568697,24,59.510197
-375.147069,24,59.553664
-875.364336,24,59.597017
-503.772769,24,59.64042
-371.771481,24,59.683973
-9.079903,24,59.72758
-125.963244,24,59.771052
-494.725539,24,59.81461
-509.205539,24,59.857834
-375.266708,24,59.901302
238.919153,24,59.945013
311.454014,24,59.988556
-70.737489,24,60.032374
208.755701,24,60.075621
-580.372011,24,60.119187
139.4616,24,60.16279
-43.110225,24,60.205771
279.196359,24,60.249023
218.567645,24,60.292937
193.652362,24,60.336568
-127.058822,24,60.380414
-197.709958,24,60.426582
-168.337306,24,60.472271
-605.89385,24,60.515701
-20.643058,24,60.559148
-608.0501,24,60.602846
-133.914806,24,60.646895
-202.495097,24,60.690568
-214.810722,24,60.733827
-427.36635,24,60.777237
-193.640111,24,60.820821
-456.0501,24,60.864499
-173.157356,24,60.908134
-694.57635,24,60.951769
-174.538883,24,60.995453
-163.037008,24,61.038773
-108.910586,24,61.08275
-184.709508,24,61.132837
-372.737122,24,61.176511
-380.604247,24,61.226465
-237.447935,24,61.270053
-230.935535,24,61.31352
-268.135991,24,61.356977
-256.780574,24,61.400606
-289.338074,24,61.445339
-246.186103,24,61.488742
-336.26885,24,61.532089
-294.796294,24,61.575501
-507.651925,24,61.61903
-48.6888,24,61.662903
-434.121023,24,61.706823
-318.214028,24,61.750985
30.048783,24,61.79466
-141.489731,24,61.838095
-73.923701,24,61.882558
-2.876028,24,61.926121
-200.885437,24,61.969567
-138.112603,24,62.013122
-199.740367,24,62.057291
-38.22237,24,62.100677
-41.984117,24,62.145053
-90.125217,24,62.188696
-302.804087,24,62.232066
46.972472,24,62.275568
284.632108,24,62.319079
567.086505,24,62.362507
670.033523,24,62.406082
704.087134,24,62.449894
695.829426,24,62.493758
683.154842,24,62.537372
686.206809,24,62.580954
629.019709,24,62.62443
536.470023,24,62.668663
566.349067,24,62.712473
581.42997,24,62.756082
543.397817,24,62.799983
627.121731,24,62.843429
757.626805,24,62.887181
634.919944,24,62.930917
483.329963,24,62.974763
497.720151,24,63.019114
551.649324,24,63.062822
725.203972,24,63.106206
617.265391,24,63.149693
560.798512,24,63.193508
640.550942,24,63.237135
354.33174,24,63.280701
635.826776,24,63.324065
610.766715,24,63.367853
491.230109,24,63.411685
667.613401,24,63.455443
516.044505,24,63.499436
570.828773,24,63.542931
402.335709,24,63.58666
531.462159,24,63.630184
563.330742,24,63.675001
537.549631,24,63.718104
562.088867,24,63.761811
574.415742,24,63.805576
-171.078874,24,63.861365
523.446597,24,63.905062
479.761195,24,63.948989
82.401526,24,63.992416
-36.359375,24,64.03614
-367.437626,24,64.080041
-312.692603,24,64.123727
-246.311116,24,64.167986
-278.934739,24,64.211376
-225.422441,24,64.254905
-261.939941,24,64.299098
-229.215774,24,64.342693
34.721512,24,64.386681
91.405965,24,64.430386
394.180583,24,64.473883
407.830583,24,64.517581
178.469722,24,64.561116
304.427735,24,64.605165
316.492283,24,64.648914
356.600708,24,64.692481
18.037288,24,64.735952
301.563441,24,64.779516
51.841205,24,64.823269
281.280066,24,64.866725
-113.15509,24,64.910606
228.93006,24,64.954216
453.934012,24,64.997799
380.084792,24,65.041542
139.728455,24,65.085872
472.606483,24,65.129436
205.553752,24,65.172934
501.710691,24,65.21655
208.402936,24,65.260183
315.286449,24,65.303645
337.344239,24,65.347312
-80.908998,24,65.391202
-88.434258,24,65.435077
-338.543681,24,65.478646
-330.884306,24,65.52229
-514.422125,24,65.56608
-711.714403,24,65.609572
-192.108153,24,65.653074
-248.811175,24,65.69702
-981.070653,24,65.740364
-1148.849403,24,65.784055
-1148.849403,24,65.828216
-1148.849403,24,65.872202
-688.851314,24,65.916274
-182.137403,24,65.9602
-675.709403,24,66.003954
-1022.551592,24,66.047658
-205.141314,24,66.091173
-557.113847,24,66.140025
50.999788,24,66.190852
-120.690591,24,66.24155
87.580331,24,66.286014
0.448209,24,66.329844
83.693248,24,66.37331
112.159348,24,66.417172
200.436462,24,66.460832
262.903059,24,66.504389
157.861473,24,66.548102
260.07512,24,66.591796
241.622573,24,66.635514
383.978695,24,66.680053
479.205965,24,66.723378
622.039992,24,66.76688
561.653186,24,66.810305
503.4564,24,66.853451
585.510956,24,66.900698
612.641103,24,66.944557
599.319984,24,66.988152
300.559417,24,67.031799
534.278187,24,67.075223
525.939298,24,67.118655
525.939298,24,67.16461
509.101798,24,67.209238
501.014923,24,67.261882
502.338673,24,67.309141
476.096173,24,67.356164
549.802449,24,67.400994
608.649047,24,67.445106
289.352881,24,67.489117
246.989756,24,67.532738
451.099206,24,67.600473
417.941301,24,67.684767
404.332134,24,67.72839
392.59644,24,67.77222
302.319773,24,67.81587
208.319773,24,67.859869
171.441334,24,67.903175
72.327967,24,67.947029
200.614917,24,67.990965
-660.905472,24,68.034602
-177.774811,24,68.077982
-507.629197,24,68.121772
-876.572611,24,68.165561
-773.103375,24,68.209637
-4.469152,24,68.253127
-455.701489,24,68.297302
-378.972319,24,68.352745
-558.065239,24,68.39671
-729.055528,24,68.440635
-455.986639,24,68.484105
-251.941772,24,68.527463
-283.767086,24,68.570874
-697.531189,24,68.614421
-311.311397,24,68.657682
-150.262692,24,68.701279
-111.82814,24,68.744634
-106.08182,24,68.788417
-58.000113,24,68.832083
-215.687724,24,68.875603
-57.242335,24,68.919208
-29.154701,24,68.963174
-86.114136,24,69.00642
295.044663,24,69.049812
400.104663,24,69.096747
468.437492,24,69.140314
535.221697,24,69.183913
480.851613,24,69.227118
525.78571,24,69.270514
-18.077637,24,69.314094
548.233091,24,69.357506
414.967488,24,69.401407
100.641635,24,69.444863
162.149177,24,69.488261
-79.468349,24,69.531742
272.297276,24,69.575629
71.742162,24,69.627662
188.638565,24,69.672018
165.262726,24,69.717463
-35.819492,24,69.763122
122.952177,24,69.807979
-120.896026,24,69.852781
32.404886,24,69.898952
-263.901239,24,69.94393
-97.339281,24,69.988901
-104.265531,24,70.034046
42.837275,24,70.078119
351.332795,24,70.123229
361.468981,24,70.166845
357.055092,24,70.210606
380.284017,24,70.254126
552.114697,24,70.297708
438.746836,24,70.341479
411.781906,24,70.384824
386.057947,24,70.428775
400.311558,24,70.472158
13.278009,24,70.515381
-145.397091,24,70.55878
-256.393897,24,70.602357
-177.171937,24,70.645835
89.417514,24,70.692231
141.480897,24,70.735607
174.757422,24,70.779135
-160.096953,24,70.822911
101.227164,24,70.86624
273.524906,24,70.909527
194.397336,24,70.952908
238.587961,24,70.996227
206.149975,24,71.039715
223.57185,24,71.082906
158.417892,24,71.13205
222.132892,24,71.176182
11.520864,24,71.219481
-16.429128,24,71.26266
267.610219,24,71.306349
361.885564,24,71.349779
270.179106,24,71.393167
-570.585124,24,71.436873
316.153689,24,71.480833
445.732578,24,71.524081
455.635356,24,71.567586
472.468689,24,71.610734
173.948606,24,71.654199
265.164108,24,71.698518
-297.304617,24,71.74187
-3.920242,24,71.785521
-93.905048,24,71.828981
-7.851923,24,71.872565
-54.757612,24,71.91661
-648.637886,24,71.961268
23.832533,24,72.005147
552.778417,24,72.049484
-212.145322,24,72.092886
-154.988308,24,72.136706
450.726003,24,72.182611
-1.647942,24,72.226737
473.315944,24,72.272515
463.837889,24,72.316799
334.145983,24,72.360698
-112.056494,24,72.404416
-183.063128,24,72.44805
-466.464314,24,72.492798
-187.683556,24,72.537705
-388.444623,24,72.581883
-120.631742,24,72.629603
-152.344548,24,72.676806
6.58566,24,72.720661
56.747216,24,72.770738
-26.805006,24,72.815507
-69.521701,24,72.859469
-206.681909,24,72.903375
-162.040115,24,72.947178
-18.325102,24,72.99103
-5.877992,24,73.034382
216.583363,24,73.078507
-4.628314,24,73.122194
522.499781,24,73.166085
418.542362,24,73.210245
219.667565,24,73.253685
292.996414,24,73.296904
488.44125,24,73.340571
413.49125,24,73.384699
517.971619,24,73.428614
350.757064,24,73.471863
380.070372,24,73.51559
535.983694,24,73.558784
427.965119,24,73.601957
482.871994,24,73.646115
405.034842,24,73.689663
408.701369,24,73.733061
434.462619,24,73.777044
492.066506,24,73.820817
368.39891,24,73.864379
467.033573,24,73.908199
430.105747,24,73.952152
325.473247,24,73.995348
458.680405,24,74.039211
343.109919,24,74.082613
388.925019,24,74.126168
373.265613,24,74.169879
407.170722,24,74.214027
616.964008,24,74.257625
619.393955,24,74.3009
665.10873,24,74.345031
285.499636,24,74.388706
228.840433,24,74.432517
167.697517,24,74.475901
386.540499,24,74.519793
-193.818903,24,74.563593
-105.116023,24,74.60675
317.443772,24,74.650649
-260.168973,24,74.69581
-323.209923,24,74.739687
-225.469298,24,74.78349
215.556428,24,74.827119
423.551377,24,74.870591
387.278622,24,74.914124
330.356166,24,74.957799
277.123752,24,75.001377
266.437413,24,75.044924
193.311955,24,75.088423
192.94424,24,75.131742
187.00174,24,75.175861
243.317819,24,75.219672
165.304137,24,75.263203
-216.901106,24,75.306734
-431.368145,24,75.350218
-344.534978,24,75.393893
-422.566089,24,75.438155
-286.686714,24,75.482033
-231.374669,24,75.52534
-355.961019,24,75.569001
-125.489114,24,75.612882
-241.4122,24,75.656321
396.976675,24,75.699979
404.5923,24,75.7441
478.558133,24,75.787536
425.097092,24,75.834134
417.593342,24,75.877657
-318.459217,24,75.921509
-232.803659,24,75.96506
-125.383034,24,76.008712
-288.611715,24,76.052139
-246.542228,24,76.097534
-577.190784,24,76.143621
-597.949492,24,76.188462
-604.273312,24,76.237883
-77.591717,24,76.282365
-537.066576,24,76.325693
150.350586,24,76.369529
97.320933,24,76.413599
-748.047653,24,76.457696
158.225689,24,76.501298
117.22695,24,76.54472
-29.182359,24,76.588117
-144.015606,24,76.631924
227.945826,24,76.675301
306.257353,24,76.718987
-52.110585,24,76.762471
3.762974,24,76.806651
92.887451,24,76.852984
266.788701,24,76.896776
230.155581,24,76.940563
498.85197,24,76.983764
449.760859,24,77.026874
291.260159,24,77.070692
247.392937,24,77.114321
-12.253142,24,77.169553
-76.685467,24,77.213295
-183.640661,24,77.256782
-416.558833,24,77.300196
7.878155,24,77.343765
-200.047887,24,77.387196
234.836213,24,77.43047
103.219098,24,77.473478
160.066784,24,77.516866
115.150201,24,77.560291
387.872105,24,77.603818
368.748355,24,77.647308
418.112174,24,77.690733
367.938841,24,77.734178
297.476549,24,77.777521
373.788355,24,77.821065
387.50773,24,77.864915
312.235855,24,77.908166
311.493355,24,77.951993
369.592174,24,78.002492
248.700316,24,78.045744
322.103424,24,78.089115
320.974674,24,78.135143
420.66831,24,78.178786
392.634958,24,78.223086
-191.295838,24,78.26652
-63.281645,24,78.309701
-384.018891,24,78.353146
-267.703124,24,78.396612
-93.898894,24,78.440833
-168.950416,24,78.486452
-51.11691,24,78.530146
-92.707888,24,78.57358
-115.801772,24,78.6191
-190.705883,24,78.663417
-239.607977,24,78.706965
-220.298938,24,78.750492
-245.605813,24,78.793708
86.292878,24,78.836694
-328.713472,24,78.879896
-238.685558,24,78.922995
4.482451,24,78.96694
135.252399,24,79.01135
186.479284,24,79.057596
333.280487,24,79.101303
274.540994,24,79.147045
226.867827,24,79.192715
230.904315,24,79.238192
15.420544,24,79.281864
233.143617,24,79.32592
299.236503,24,79.369735
359.131433,24,79.413666
335.459242,24,79.457662
210.175364,24,79.502617
148.729731,24,79.546085
118.881867,24,79.589747
337.697897,24,79.633368
253.396426,24,79.67653
336.568556,24,79.720559
243.149242,24,79.763949
166.204894,24,79.807394
-163.903925,24,79.850811
376.683805,24,79.894218
456.79943,24,79.937923
524.435055,24,79.981564
629.413917,24,80.025386
563.169003,24,80.068715
514.942748,24,80.11189
-13.962617,24,80.155527
396.072953,24,80.1993
431.044945,24,80.243066
579.435599,24,80.288006
664.601567,24,80.332041
639.053233,24,80.375807
343.037277,24,80.419097
268.831356,24,80.462641
325.354648,24,80.506138
186.533153,24,80.549604
201.463894,24,80.592686
128.258824,24,80.636199
-55.080684,24,80.679338
-141.51547,24,80.722764
-86.33014,24,80.766126
-243.564148,24,80.809742
-211.475445,24,80.853043
-142.174867,24,80.896892
31.236262,24,80.94052
258.562365,24,80.984199
303.06595,24,81.027755
217.506453,24,81.071522
209.940687,24,81.120024
247.811951,24,81.165931
115.844798,24,81.210165
119.536103,24,81.26221
-132.404137,24,81.305691
-161.032887,24,81.349273
-2.70607,24,81.392543
-400.110701,24,81.436455
-290.076926,24,81.479796
-375.803028,24,81.523333
-238.727056,24,81.586001
71.14901,24,81.630847
-54.178873,24,81.674182
404.579519,24,81.718142
428.679519,24,81.761843
-93.620678,24,81.804828
557.877106,24,81.848091
563.877106,24,81.892172
559.692106,24,81.935806
559.692106,24,81.979169
559.692106,24,82.024309
509.908825,24,82.072056
334.697613,24,82.115481
419.469844,24,82.159871
406.356036,24,82.203757
107.810116,24,82.249853
-50.985981,24,82.300369
-9.177648,24,82.344718
227.826677,24,82.388311
227.433424,24,82.431809
125.349999,24,82.475406
46.777374,24,82.518623
-198.796606,24,82.56252
135.525563,24,82.605975
-98.916259,24,82.649375
81.631397,24,82.693588
73.986316,24,82.737362
-9.390206,24,82.780979
-263.438945,24,82.82437
-129.275359,24,82.868085
-164.702226,24,82.911361
-166.623406,24,82.955036
-123.052801,24,82.998788
95.681248,24,83.042581
349.715026,24,83.092329
289.864748,24,83.135965
283.984456,24,83.179264
243.857353,24,83.222997
233.672726,24,83.266367
50.092373,24,83.30962
90.788539,24,83.352932
151.596594,24,83.396265
263.522594,24,83.440089
377.470828,24,83.484226
392.140362,24,83.527312
103.078051,24,83.57091
492.806264,24,83.614393
90.679917,24,83.657498
-142.805563,24,83.700752
13.496984,24,83.743917
109.035947,24,83.787315
303.704637,24,83.830816
351.858734,24,83.873872
227.083873,24,83.917319
279.483387,24,83.960896
225.981667,24,84.00446
272.669761,24,84.047352
442.252262,24,84.090673
254.029519,24,84.13512
-105.647533,24,84.17971
243.615106,24,84.225078
240.763685,24,84.269205
122.800386,24,84.313313
182.636561,24,84.356543
37.477772,24,84.399929
-45.523478,24,84.44326
5.092258,24,84.486255
-22.862742,24,84.529418
-89.025628,24,84.572908
-60.812533,24,84.616437
475.268719,24,84.660301
97.619909,24,84.70385
-138.361213,24,84.747156
-583.388517,24,84.790608
-734.741294,24,84.834117
31.300172,24,84.877491
31.300172,24,84.921154
-98.579181,24,84.964586
-218.932217,24,85.008483
-529.6681,24,85.056315
-640.594628,24,85.100446
-26.259917,24,85.143935
-594.824514,24,85.187392
218.227167,24,85.230909
134.02895,24,85.274258
131.501787,24,85.317834
-284.964128,24,85.361116
-407.099076,24,85.404505
-270.06677,24,85.447849
259.178711,24,85.491453
441.102222,24,85.534846
521.99875,24,85.578609
66.871231,24,85.622432
15.648801,24,85.666052
8.440494,24,85.709983
-290.784056,24,85.753653
-417.479056,24,85.797384
-401.56993,24,85.841057
-901.656123,24,85.886082
328.770053,24,85.932017
354.177665,24,85.9859
505.030231,24,86.030082
158.770248,24,86.074301
511.978559,24,86.118087
609.954295,24,86.162925
454.35877,24,86.206909
544.533947,24,86.250556
604.186767,24,86.293926
565.442183,24,86.337155
540.353225,24,86.381065
422.708964,24,86.424596
399.766692,24,86.468252
520.17988,24,86.511489
471.687358,24,86.555114
443.389262,24,86.598697
171.722131,24,86.642597
421.378428,24,86.68703
377.115805,24,86.731092
242.590817,24,86.774543
507.76424,24,86.818133
485.452488,24,86.861458
451.770403,24,86.907499
473.902528,24,86.952844
567.748791,24,87.00483
551.818166,24,87.048379
399.504569,24,87.091686
446.705583,24,87.13522
449.249819,24,87.178908
378.242784,24,87.22301
320.707106,24,87.266467
326.384142,24,87.309576
371.479737,24,87.353081
409.775577,24,87.396365
455.799748,24,87.440088
425.908012,24,87.484281
371.149283,24,87.527762
429.30197,24,87.571879
416.655442,24,87.615512
488.175165,24,87.659124
347.108177,24,87.702716
426.961276,24,87.746338
386.467431,24,87.789913
414.357165,24,87.833195
284.915359,24,87.876509
250.948692,24,87.919908
323.310915,24,87.96353
325.696056,24,88.007734
265.775709,24,88.051254
291.535431,24,88.094627
368.804181,24,88.138202
156.319598,24,88.181656
301.448209,24,88.225485
293.5878,24,88.269528
318.645626,24,88.313183
369.749181,24,88.356691
230.895714,24,88.400127
-17.912574,24,88.443852
52.417537,24,88.487531
35.489853,24,88.530792
131.362028,24,88.574382
300.846612,24,88.617494
307.490292,24,88.660852
369.576334,24,88.704389
356.142533,24,88.747964
310.19422,24,88.791357
265.205637,24,88.83448
250.494356,24,88.877936
121.884962,24,88.921408
-0.921322,24,88.965312
-54.855194,24,89.00891
27.835988,24,89.05241
192.519192,24,89.096519
-137.749119,24,89.14024
15.197142,24,89.18372
53.480458,24,89.227377
31.542164,24,89.271027
378.268592,24,89.314387
396.924842,24,89.358025
369.716092,24,89.401969
230.379178,24,89.445582
325.853912,24,89.489077
288.90162,24,89.532374
305.658078,24,89.575822
360.140687,24,89.619125
406.624828,24,89.662593
337.816547,24,89.706129
324.076547,24,89.749124
207.388951,24,89.792615
118.353195,24,89.835837
241.703244,24,89.879589
191.137006,24,89.923202
280.731835,24,89.96704
276.499358,24,90.010483
245.512856,24,90.053833
318.69028,24,90.097236
354.188391,24,90.141149
345.692188,24,90.184668
281.913559,24,90.2283
290.102224,24,90.271699
365.437849,24,90.315104
55.363097,24,90.368126
111.628033,24,90.412118
62.905337,24,90.45561
-61.855913,24,90.498905
-63.706094,24,90.542402
-77.593805,24,90.585928
280.040884,24,90.629377
309.338072,24,90.672939
263.21255,24,90.716559
46.617634,24,90.760005
163.918667,24,90.804282
236.459278,24,90.847607
261.510665,24,90.89205
230.431081,24,90.935345
200.498651,24,90.978647
70.969378,24,91.022035
461.200781,24,91.065772
149.994987,24,91.112071
224.554108,24,91.158748
236.606513,24,91.201977
258.421158,24,91.245499
259.877381,24,91.289072
341.437986,24,91.332533
243.590142,24,91.377689
223.041231,24,91.427508
191.559494,24,91.471399
175.9564,24,91.515018
308.046614,24,91.558734
190.651481,24,91.602424
200.098575,24,91.646064
135.541075,24,91.689269
104.103497,24,91.732634
91.107358,24,91.775822
-78.257353,24,91.81913
-186.065686,24,91.862191
80.085206,24,91.905141
224.816658,24,91.948393
102.926273,24,91.992434
103.819287,24,92.03604
205.215744,24,92.079979
152.959745,24,92.12341
184.507278,24,92.166797
224.310167,24,92.210851
171.713397,24,92.253903
109.710275,24,92.297976
67.825031,24,92.341581
-47.510214,24,92.385446
43.624003,24,92.428963
103.675586,24,92.472187
228.000008,24,92.515758
-94.039408,24,92.559816
-78.83243,24,92.603295
-170.924722,24,92.646706
-136.001642,24,92.689816
-275.809547,24,92.733107
-359.079872,24,92.776462
130.818408,24,92.819806
-125.418622,24,92.863457
-115.747372,24,92.906933
-115.747372,24,92.950391
-163.369872,24,92.99421
-121.184872,24,93.037534
-213.95405,24,93.081554
-41.142928,24,93.125016
-85.711747,24,93.16858
-51.984247,24,93.211917
26.497244,24,93.255367
119.568853,24,93.298759
167.247572,24,93.342319
65.638197,24,93.385903
260.890906,24,93.429593
283.596114,24,93.472943
202.716317,24,93.516248
237.731739,24,93.559463
245.546183,24,93.602832
97.200014,24,93.64652
127.936808,24,93.690078
121.381183,24,93.733567
97.051194,24,93.777043
104.691264,24,93.820126
-205.841728,24,93.863683
-104.828681,24,93.907494
-24.737983,24,93.950824
181.683767,24,93.994562
