#{"t_start": 1620614959.621707, "env_id": "ElectricityMarketDiscreteDQN-v0"}
r,l,t
-635.379345,24,0.78838
-686.990815,24,0.798704
-574.464858,24,0.808825
-754.882994,24,0.818781
-198.157253,24,0.828385
-565.171185,24,0.83714
-850.023253,24,0.845433
-567.987489,24,0.853713
-398.868431,24,0.862113
-221.985508,24,0.870336
-658.352722,24,0.878783
-1160.046376,24,0.887368
-620.598025,24,0.895783
-231.15071,24,0.904746
-828.700158,24,0.913117
-726.008444,24,0.921414
-845.88275,24,0.929698
-799.314742,24,0.93817
-494.232639,24,0.946607
-747.767088,24,0.955144
-745.605172,24,0.963716
-481.065147,24,0.972236
-505.797924,24,0.980764
-711.320639,24,0.989405
-909.981734,24,0.997679
-803.601503,24,1.006056
-686.607717,24,1.014545
-970.022703,24,1.025572
-485.808891,24,1.038362
-680.096824,24,1.048552
-786.020242,24,1.059938
-581.248941,24,1.069174
-518.49376,24,1.077605
-771.105569,24,1.085972
-525.931714,24,1.094657
-720.34809,24,1.103164
-689.849458,24,1.111486
-622.601372,24,1.119817
-819.540828,24,1.128318
-714.535888,24,1.136849
-671.582024,24,1.145192
-366.723039,24,1.305909
-689.227931,24,1.34952
-348.594036,24,1.391808
-294.050628,24,1.434032
-606.155128,24,1.476935
-320.328085,24,1.51849
-378.340897,24,1.559308
31.275814,24,1.600791
-198.156406,24,1.641869
-346.759602,24,1.682922
-652.48733,24,1.724548
-374.442048,24,1.771694
-398.012719,24,1.817512
38.471156,24,1.858388
206.610506,24,1.89934
-129.53695,24,1.940306
-561.133447,24,1.981394
-230.638192,24,2.022322
-219.807186,24,2.063183
315.231078,24,2.109078
-257.207575,24,2.150425
114.590303,24,2.191734
-40.95148,24,2.232478
-146.006481,24,2.273474
-69.104389,24,2.314054
-551.978312,24,2.354885
-370.993828,24,2.396003
-98.790911,24,2.436953
-375.164258,24,2.478371
-264.070347,24,2.520045
-267.176273,24,2.562294
283.769942,24,2.605845
-373.662078,24,2.666948
-259.171839,24,2.715292
-256.611851,24,2.764408
-111.102197,24,2.812687
-335.335839,24,2.859356
-244.93332,24,2.902669
197.549826,24,2.951508
-248.892686,24,3.002843
-69.856531,24,3.051595
250.479439,24,3.100338
18.24017,24,3.150123
-205.203542,24,3.199803
-337.142072,24,3.248538
-194.474528,24,3.295573
-117.087389,24,3.34152
-139.893406,24,3.384206
172.539794,24,3.426543
-85.504965,24,3.473101
-93.118492,24,3.53272
-87.158192,24,3.603524
116.019436,24,3.655404
142.835798,24,3.699981
-43.788,24,3.743085
200.365142,24,3.789352
563.011116,24,3.831016
131.597558,24,3.873312
175.31332,24,3.919768
-70.526489,24,3.969371
-428.629519,24,4.024934
7.092398,24,4.078226
184.69982,24,4.126587
-207.296022,24,4.177508
124.438878,24,4.221061
161.531992,24,4.265373
366.319806,24,4.314968
340.362066,24,4.374302
-198.506264,24,4.435572
-118.570333,24,4.492196
103.927824,24,4.534535
88.125222,24,4.576964
177.760287,24,4.623702
379.722445,24,4.666207
-155.311551,24,4.708934
402.65717,24,4.751083
-359.202972,24,4.794304
160.689536,24,4.838288
-64.097703,24,4.881793
346.017217,24,4.924454
565.040812,24,4.966539
345.331747,24,5.009183
65.449911,24,5.051666
525.449192,24,5.094357
-91.100283,24,5.140523
79.684347,24,5.183154
289.76735,24,5.225714
-27.796347,24,5.268043
217.6958,24,5.310636
94.161728,24,5.354784
211.675747,24,5.397465
68.586551,24,5.439339
341.909552,24,5.481913
339.186325,24,5.526776
315.395498,24,5.568882
320.868161,24,5.611311
190.724652,24,5.653544
58.515485,24,5.695882
381.696478,24,5.737711
226.039589,24,5.779713
294.397144,24,5.821866
27.364942,24,5.863918
432.171267,24,5.906118
360.303089,24,5.94826
178.700972,24,5.990305
437.289659,24,6.032857
537.319576,24,6.075606
395.097994,24,6.117708
11.250519,24,6.160365
458.144578,24,6.202766
329.416486,24,6.24499
33.814573,24,6.287147
107.514972,24,6.329918
230.93679,24,6.372149
295.695247,24,6.414381
42.177788,24,6.456161
379.820315,24,6.498179
447.109006,24,6.540924
176.387867,24,6.586533
436.015256,24,6.629241
84.189878,24,6.67116
97.644048,24,6.713727
564.676703,24,6.756707
508.929008,24,6.799162
412.117834,24,6.841376
425.886497,24,6.883345
439.434025,24,6.924877
411.755678,24,6.966649
273.041678,24,7.009606
341.407106,24,7.052017
779.016733,24,7.095494
213.78327,24,7.137739
534.925947,24,7.179654
350.732103,24,7.221674
453.944494,24,7.264873
560.089406,24,7.307135
306.313503,24,7.349653
722.962697,24,7.391274
554.493048,24,7.4337
445.781089,24,7.475449
490.699261,24,7.517651
593.217723,24,7.559505
431.849308,24,7.602416
452.619289,24,7.644377
384.309713,24,7.686038
810.627189,24,7.727672
812.252119,24,7.769629
851.148439,24,7.811597
536.185739,24,7.853719
663.006695,24,7.895804
477.251912,24,7.937763
545.68934,24,7.979678
190.816226,24,8.021326
-48.310519,24,8.063984
632.017636,24,8.105814
477.64525,24,8.147539
578.996749,24,8.188991
407.412895,24,8.230908
507.794942,24,8.275895
582.074358,24,8.317697
736.257497,24,8.359557
640.150663,24,8.401062
733.181847,24,8.443738
783.249906,24,8.48745
813.850392,24,8.5301
621.084628,24,8.572248
752.702469,24,8.614433
311.015311,24,8.65604
444.712761,24,8.698008
195.882083,24,8.739399
430.524923,24,8.781149
493.530826,24,8.822565
348.852452,24,8.864365
280.009969,24,8.905664
422.379005,24,8.947001
517.546922,24,8.989279
756.960294,24,9.036001
779.163369,24,9.087365
765.077003,24,9.167747
770.817544,24,9.260459
811.702706,24,9.337832
832.927328,24,9.42668
558.553864,24,9.5476
330.816623,24,9.613787
638.811498,24,9.674832
763.125592,24,9.772986
827.97955,24,9.847465
805.796703,24,9.942898
708.415206,24,10.010012
629.810258,24,10.062168
613.833731,24,10.152838
657.154547,24,10.216596
796.67507,24,10.280727
423.896272,24,10.351869
650.117644,24,10.415155
641.411435,24,10.469841
762.950584,24,10.539899
672.260106,24,10.617118
502.725531,24,10.679647
605.065916,24,10.73828
537.421161,24,10.802941
523.936462,24,10.87254
700.163034,24,10.935126
511.948414,24,11.012605
364.93195,24,11.094412
385.645845,24,11.171053
610.575991,24,11.236296
821.303669,24,11.303966
775.522974,24,11.373736
774.771022,24,11.451606
696.19367,24,11.529025
644.694385,24,11.610479
626.071452,24,11.688814
516.21136,24,11.762748
557.994391,24,11.824914
595.71953,24,11.88491
703.517736,24,11.946837
404.444706,24,12.008692
346.762506,24,12.078348
691.843251,24,12.165159
657.184351,24,12.243359
604.969495,24,12.454508
703.921331,24,12.533914
701.785151,24,12.611517
273.351747,24,12.705059
359.819706,24,12.813418
614.329322,24,12.901301
651.772283,24,12.999009
536.080874,24,13.07146
324.587249,24,13.14125
594.610184,24,13.268208
684.398473,24,13.342275
407.016042,24,13.435778
387.112627,24,13.547047
605.652539,24,13.638593
611.359019,24,13.74315
586.456428,24,13.920025
634.37822,24,14.035992
447.746642,24,14.147363
641.526628,24,14.334559
674.086869,24,14.419644
644.627072,24,14.503843
696.972886,24,14.587795
657.675039,24,14.687003
557.925436,24,14.802828
433.64381,24,14.907784
653.813116,24,15.006145
751.260633,24,15.088283
473.212997,24,15.156215
613.431397,24,15.229391
619.277406,24,15.324016
691.105144,24,15.411034
653.451881,24,15.516902
558.899336,24,15.589471
663.4792,24,15.653445
714.785892,24,15.721807
662.149644,24,15.780373
606.016228,24,15.854922
525.440806,24,15.918582
551.279337,24,15.97699
504.188848,24,16.043451
734.486624,24,16.117617
726.901072,24,16.180613
496.910475,24,16.246872
479.16608,24,16.317379
263.827083,24,16.392534
445.129378,24,16.468728
526.361862,24,16.530192
409.644044,24,16.589905
557.16316,24,16.643942
416.79368,24,16.711747
478.698606,24,16.767462
687.481217,24,16.82349
701.540934,24,16.878234
612.78442,24,16.932215
614.397105,24,16.989548
592.004581,24,17.048935
554.214103,24,17.105224
564.129506,24,17.164225
416.653974,24,17.219591
305.230788,24,17.274517
463.020256,24,17.32528
391.702851,24,17.371622
90.933703,24,17.42034
162.413523,24,17.46601
386.908873,24,17.511419
420.930603,24,17.561819
374.068367,24,17.630724
450.295256,24,17.677695
631.198664,24,17.722634
488.658848,24,17.766926
460.905062,24,17.813597
527.612542,24,17.860467
432.872213,24,17.906333
438.942005,24,17.954069
457.562642,24,17.999692
656.721606,24,18.043776
403.37991,24,18.0917
405.44376,24,18.139173
483.529202,24,18.188484
579.62679,24,18.238206
588.121236,24,18.28376
350.812487,24,18.331646
453.909859,24,18.382395
496.02269,24,18.428379
536.697264,24,18.47776
595.36563,24,18.522221
692.790111,24,18.569155
683.752528,24,18.625903
565.17658,24,18.677268
301.294598,24,18.735394
475.777899,24,18.787474
414.928733,24,18.83474
625.414905,24,18.87925
593.833959,24,18.926831
557.064469,24,18.971722
591.461744,24,19.015896
328.606463,24,19.063245
243.872135,24,19.108633
173.389622,24,19.155422
315.50556,24,19.204967
221.248878,24,19.249752
344.763531,24,19.295577
406.964569,24,19.347168
325.588433,24,19.390789
302.262288,24,19.434409
290.140344,24,19.483878
500.440997,24,19.556586
292.525388,24,19.611649
399.260913,24,19.654844
544.612631,24,19.697828
479.904019,24,19.746174
560.427892,24,19.789319
673.323306,24,19.839239
656.995806,24,19.889284
652.420431,24,19.935042
576.592064,24,19.985467
657.1015,24,20.039672
604.503861,24,20.090304
583.253375,24,20.144119
454.517756,24,20.191502
505.329303,24,20.238115
652.397708,24,20.288872
630.540553,24,20.348387
497.395377,24,20.407936
488.052805,24,20.459192
414.893031,24,20.503765
469.756094,24,20.550972
474.107553,24,20.596433
430.535122,24,20.643096
547.849613,24,20.697247
691.06051,24,20.747485
649.195458,24,20.798406
642.476778,24,20.86404
661.759903,24,20.949455
455.815436,24,21.019968
279.855111,24,21.073788
364.310303,24,21.12795
478.442664,24,21.175765
543.176406,24,21.229077
617.959917,24,21.27987
561.009862,24,21.334002
512.300867,24,21.381281
488.757599,24,21.425951
462.024258,24,21.47751
412.878233,24,21.527322
493.752999,24,21.596587
601.063658,24,21.655939
254.948008,24,21.711936
250.941116,24,21.774642
78.163444,24,21.824946
244.178147,24,21.874976
682.492794,24,21.928698
594.904461,24,21.975135
587.203764,24,22.027198
518.96556,24,22.074967
459.272519,24,22.12341
561.973708,24,22.173163
481.60428,24,22.224532
349.927992,24,22.276116
396.836231,24,22.337347
432.334495,24,22.388948
179.908211,24,22.440145
233.366183,24,22.489127
189.124639,24,22.539564
206.926542,24,22.587972
501.174713,24,22.635785
538.992027,24,22.684012
463.290847,24,22.729941
356.873797,24,22.778495
272.593449,24,22.827219
382.507874,24,22.874574
229.031314,24,22.921531
294.107456,24,22.970636
210.909114,24,23.018644
446.570026,24,23.067773
550.892565,24,23.12106
544.841622,24,23.169714
361.681917,24,23.22756
567.68335,24,23.279308
651.939733,24,23.333236
497.386491,24,23.379685
465.725705,24,23.426132
649.620025,24,23.478687
491.195216,24,23.523835
103.419217,24,23.574542
-44.008317,24,23.622422
122.621219,24,23.667649
139.486033,24,23.715021
232.368272,24,23.765278
354.064517,24,23.820736
672.463561,24,23.885481
563.643683,24,23.958193
423.625939,24,24.028751
594.73542,24,24.087701
675.942006,24,24.154888
288.679377,24,24.216918
276.546103,24,24.28551
692.685511,24,24.339045
633.408714,24,24.384845
696.8711,24,24.429874
653.489506,24,24.477197
567.294738,24,24.522527
669.809922,24,24.571628
279.858744,24,24.623719
392.495658,24,24.672811
658.851311,24,24.726101
291.503147,24,24.777399
312.696406,24,24.826592
641.981661,24,24.883515
574.258536,24,24.947014
432.475411,24,25.012544
511.277277,24,25.068933
211.041631,24,25.117081
62.341006,24,25.163965
41.365072,24,25.211482
280.240439,24,25.259708
406.593756,24,25.308829
491.190145,24,25.354624
514.063242,24,25.403843
479.628509,24,25.452016
505.865378,24,25.500477
428.722039,24,25.555273
292.766337,24,25.608447
399.892562,24,25.662069
82.071031,24,25.739915
493.292908,24,25.79009
512.262956,24,25.840696
478.968897,24,25.887219
345.287817,24,25.936481
385.636983,24,25.985059
308.785589,24,26.031427
603.875097,24,26.088526
510.835703,24,26.139821
471.456986,24,26.188645
556.565242,24,26.244244
534.580589,24,26.295463
601.338361,24,26.35173
589.412217,24,26.416608
602.502667,24,26.47295
533.966978,24,26.535722
616.210861,24,26.59474
631.189472,24,26.650125
610.817111,24,26.706021
597.016133,24,26.760203
298.387017,24,26.814998
465.962617,24,26.868556
299.196853,24,26.923189
149.637156,24,26.970269
77.163617,24,27.018493
100.863247,24,27.075037
569.400411,24,27.130184
607.536939,24,27.18813
283.886508,24,27.256137
511.223675,24,27.323303
415.868185,24,27.391412
104.12925,24,27.453196
422.233489,24,27.520848
60.01979,24,27.58326
99.616464,24,27.640667
31.360389,24,27.689474
-210.620556,24,27.734285
50.914886,24,27.782354
117.23962,24,27.829219
321.705126,24,27.878057
140.26844,24,27.928459
593.191167,24,27.975035
629.87104,24,28.025034
481.059667,24,28.078861
612.083975,24,28.13083
560.658844,24,28.188304
350.214803,24,28.246014
297.656053,24,28.30939
271.268622,24,28.370785
526.756506,24,28.418295
516.679006,24,28.465645
-161.276699,24,28.519058
34.799406,24,28.568012
535.638775,24,28.614168
520.003175,24,28.662327
547.662306,24,28.709675
417.387188,24,28.757025
476.015902,24,28.803358
529.275256,24,28.852505
526.146284,24,28.903904
580.465087,24,28.961427
453.759419,24,29.031779
367.312839,24,29.099898
352.607483,24,29.160411
422.153312,24,29.208837
189.253055,24,29.256753
428.144123,24,29.303812
393.600026,24,29.353739
373.804176,24,29.396457
171.751438,24,29.441775
296.015853,24,29.486833
394.810714,24,29.531345
388.773669,24,29.578763
352.446781,24,29.624052
441.403322,24,29.670836
346.443703,24,29.725142
396.484151,24,29.777867
-10.135142,24,29.832274
51.141319,24,29.908929
-38.568344,24,29.969314
-186.593617,24,30.016602
538.872259,24,30.063319
429.138448,24,30.110409
-16.73203,24,30.160337
213.000731,24,30.207097
419.549133,24,30.255083
559.778903,24,30.302313
645.959431,24,30.346458
565.550209,24,30.393859
660.105487,24,30.438323
523.135551,24,30.484622
414.324945,24,30.533077
572.707236,24,30.582325
558.853817,24,30.628227
213.711125,24,30.678362
424.528881,24,30.723772
435.91897,24,30.769258
588.434234,24,30.817845
519.130162,24,30.874399
544.656092,24,30.926765
528.628956,24,30.979051
504.040537,24,31.03102
355.402098,24,31.080286
334.903001,24,31.124947
378.562628,24,31.171875
541.706595,24,31.219016
237.236512,24,31.262962
478.554858,24,31.309489
346.008836,24,31.354986
402.899769,24,31.397309
567.817764,24,31.440951
196.620108,24,31.485799
-165.665331,24,31.553206
-21.323908,24,31.603592
245.908117,24,31.64867
294.744075,24,31.694928
440.5915,24,31.743952
433.794256,24,31.789301
485.825605,24,31.837167
2.224897,24,31.884776
72.870431,24,31.930887
40.332097,24,31.979098
387.0862,24,32.026032
177.459006,24,32.07086
218.319242,24,32.118962
205.390983,24,32.165949
540.947111,24,32.213644
339.503836,24,32.279612
123.786344,24,32.336539
404.202356,24,32.387467
430.147775,24,32.440726
409.411328,24,32.49669
222.071614,24,32.544946
373.783733,24,32.591668
229.659013,24,32.639203
285.052527,24,32.685701
517.411177,24,32.729664
472.932206,24,32.775925
542.753219,24,32.822669
308.455339,24,32.867465
429.172952,24,32.912683
593.774,24,32.959575
562.953375,24,33.004755
581.336736,24,33.053485
377.061627,24,33.102706
438.913205,24,33.154945
596.619392,24,33.211191
463.029786,24,33.265794
575.688467,24,33.320663
594.893258,24,33.377588
577.359389,24,33.428689
586.124389,24,33.475777
374.185056,24,33.520667
83.443513,24,33.566321
178.541106,24,33.612031
171.562681,24,33.656403
171.514089,24,33.700771
448.783989,24,33.748165
347.829055,24,33.792436
558.682553,24,33.839804
538.931511,24,33.89115
559.599119,24,33.938162
492.832522,24,33.987613
492.461133,24,34.044329
484.394967,24,34.098287
514.630539,24,34.150052
-24.136253,24,34.202479
103.526825,24,34.257717
100.991767,24,34.309089
-100.750808,24,34.356011
-58.826744,24,34.402104
-69.831258,24,34.474991
205.774286,24,34.520046
259.360727,24,34.56703
443.705325,24,34.610685
501.322031,24,34.657029
516.308719,24,34.701366
417.062178,24,34.747629
253.356428,24,34.793202
470.525808,24,34.841654
372.665386,24,34.892615
535.964761,24,34.942441
730.305999,24,34.995278
615.608808,24,35.048315
742.781508,24,35.102247
560.032163,24,35.157827
651.354141,24,35.216049
509.41803,24,35.266009
373.159011,24,35.312705
544.637369,24,35.357772
622.184036,24,35.402107
639.529383,24,35.44593
641.348828,24,35.489755
668.196258,24,35.532865
437.447739,24,35.576681
403.903822,24,35.620233
311.216878,24,35.663811
564.183589,24,35.708002
542.327908,24,35.751835
585.203172,24,35.798098
346.472547,24,35.852852
396.556367,24,35.899769
620.051397,24,35.946355
615.229869,24,35.994208
584.215147,24,36.039363
523.39591,24,36.089291
668.366585,24,36.142271
488.214153,24,36.194745
518.77637,24,36.245002
278.777714,24,36.298659
522.546878,24,36.343376
607.327103,24,36.386906
561.223878,24,36.431281
513.421364,24,36.475748
486.055501,24,36.518326
29.657497,24,36.561067
616.47343,24,36.604174
471.004123,24,36.646303
496.027822,24,36.688714
425.817367,24,36.731374
330.576847,24,36.773837
296.961781,24,36.817879
396.749906,24,36.86523
-468.551875,24,36.91349
51.80195,24,36.967097
92.970283,24,37.021159
184.570456,24,37.072006
287.824636,24,37.131814
263.436844,24,37.187215
368.288226,24,37.241063
568.414059,24,37.28689
492.354473,24,37.331637
690.686455,24,37.374196
771.632527,24,37.417055
819.116416,24,37.45955
652.075169,24,37.501826
579.725794,24,37.544343
705.116138,24,37.587528
565.767874,24,37.630292
-252.700742,24,37.672429
101.651692,24,37.715272
28.589469,24,37.760345
734.396485,24,37.805511
545.435177,24,37.852114
597.072052,24,37.89819
734.559541,24,37.945073
684.557819,24,37.990027
764.50461,24,38.034044
642.098044,24,38.077442
484.527805,24,38.121961
627.021169,24,38.166122
642.135022,24,38.210022
642.129363,24,38.255181
591.453738,24,38.300386
46.912058,24,38.346773
751.811208,24,38.396041
63.124872,24,38.445643
-58.191428,24,38.494297
-185.284956,24,38.546431
-366.690934,24,38.593932
-273.113226,24,38.637415
-259.274259,24,38.681479
-139.555752,24,38.725966
-34.240822,24,38.771278
-213.621438,24,38.8167
319.908653,24,38.860998
149.855709,24,38.904926
473.535544,24,38.949287
466.274155,24,38.992799
510.826672,24,39.037158
505.162644,24,39.082766
170.331258,24,39.131651
-849.161961,24,39.185135
-544.171742,24,39.235388
114.264097,24,39.289372
146.277738,24,39.347145
-32.977299,24,39.405226
59.8796,24,39.457268
-27.954744,24,39.501921
224.882276,24,39.547178
-22.665813,24,39.592434
603.005405,24,39.634453
-13.313222,24,39.677417
-48.361448,24,39.719762
419.407305,24,39.765106
498.36763,24,39.809853
477.304835,24,39.854563
-282.372291,24,39.899153
476.29873,24,39.944257
481.919447,24,39.990933
452.720835,24,40.038092
500.402294,24,40.085436
174.318437,24,40.131947
150.849867,24,40.178439
4.312098,24,40.223592
-17.802066,24,40.27567
-58.000747,24,40.327668
340.91063,24,40.410462
107.404945,24,40.483573
290.934703,24,40.528327
445.118325,24,40.576904
506.682803,24,40.622162
601.045969,24,40.666203
618.930642,24,40.709901
-19.484369,24,40.753141
-275.236697,24,40.79668
70.308809,24,40.842133
-203.606835,24,40.888576
-194.396697,24,40.936123
454.32826,24,40.986858
544.901035,24,41.038535
534.694511,24,41.090727
524.01548,24,41.144663
438.117011,24,41.198723
227.550342,24,41.245387
280.239514,24,41.291177
135.666583,24,41.33595
135.641733,24,41.379838
-174.445869,24,41.42332
164.53158,24,41.46658
117.526094,24,41.509132
-3.275242,24,41.552765
54.291997,24,41.595255
-12.913158,24,41.637885
-75.932822,24,41.681883
-20.351072,24,41.729053
-364.597619,24,41.776271
-159.134864,24,41.827661
-128.17526,24,41.87798
340.368627,24,41.929904
199.635937,24,41.988439
-158.810616,24,42.043801
50.352267,24,42.093893
49.151623,24,42.145183
116.366956,24,42.191544
187.134961,24,42.236904
33.969336,24,42.283072
-134.362758,24,42.328072
97.406983,24,42.373649
281.258056,24,42.418537
218.539067,24,42.472094
219.731289,24,42.519808
145.458164,24,42.570511
71.038625,24,42.620603
162.847678,24,42.673217
205.846011,24,42.718446
62.988094,24,42.763323
134.720317,24,42.809584
158.815431,24,42.856327
82.924458,24,42.902103
166.013556,24,42.946598
219.959983,24,42.992957
-78.490622,24,43.037964
-201.139511,24,43.084613
-260.021355,24,43.130788
-155.832986,24,43.182445
-180.569349,24,43.236729
-451.333697,24,43.287925
329.476677,24,43.340777
350.207522,24,43.397355
423.3829,24,43.445738
302.790178,24,43.499543
551.402097,24,43.55172
516.886074,24,43.597904
377.864252,24,43.642826
-222.873819,24,43.68694
542.600761,24,43.730474
274.034075,24,43.774184
261.120453,24,43.820652
94.399261,24,43.865983
1.778744,24,43.913022
11.785411,24,43.966805
658.575652,24,44.027147
528.577484,24,44.07818
556.690299,24,44.131402
647.618508,24,44.194173
412.283742,24,44.241923
465.563664,24,44.288544
492.163117,24,44.33344
303.7685,24,44.376846
223.088911,24,44.420599
363.116325,24,44.466298
360.081047,24,44.51148
-161.117064,24,44.560561
-81.651739,24,44.612814
391.377092,24,44.664695
564.344492,24,44.71854
679.778719,24,44.768951
675.02925,24,44.816022
481.541969,24,44.863255
487.148581,24,44.909395
472.890147,24,44.958899
461.687609,24,45.006499
477.052017,24,45.052162
-53.533022,24,45.096593
370.011542,24,45.142369
503.549276,24,45.186387
283.525053,24,45.230151
463.039284,24,45.274256
456.135117,24,45.320646
200.086998,24,45.366699
216.653248,24,45.418192
225.749776,24,45.470358
19.886906,24,45.517044
161.404103,24,45.567516
192.995075,24,45.61807
279.148442,24,45.668628
224.712081,24,45.718832
93.088464,24,45.769322
111.102714,24,45.819355
151.955997,24,45.865348
-26.151306,24,45.910065
502.018558,24,45.956022
458.946533,24,46.001879
93.995283,24,46.045772
-51.842492,24,46.090263
106.860962,24,46.135363
614.398447,24,46.179575
629.253655,24,46.223565
478.124483,24,46.269203
470.456372,24,46.315769
606.802683,24,46.367321
432.553848,24,46.413818
264.700908,24,46.463347
449.225908,24,46.512867
381.50438,24,46.566411
269.84195,24,46.610166
-152.530459,24,46.654167
259.295484,24,46.697857
158.413401,24,46.740623
310.995067,24,46.783546
433.854699,24,46.827488
482.863219,24,46.871538
538.406088,24,46.914946
478.212614,24,46.958194
463.506192,24,47.003076
643.723789,24,47.046202
404.241928,24,47.091283
414.653547,24,47.138151
415.545313,24,47.18669
123.905188,24,47.233687
295.302827,24,47.280815
223.554077,24,47.327381
267.13231,24,47.369409
229.763313,24,47.411333
370.531017,24,47.453084
459.956956,24,47.495136
319.080719,24,47.537283
58.407244,24,47.580465
129.173417,24,47.622544
469.829228,24,47.664457
243.907455,24,47.707108
268.381622,24,47.749096
220.767419,24,47.791379
170.821864,24,47.835231
141.340347,24,47.879064
70.500919,24,47.923906
-70.499636,24,47.967898
138.581197,24,48.011787
-4.214414,24,48.055202
570.968372,24,48.099371
327.859161,24,48.143257
299.776106,24,48.188563
222.021731,24,48.233916
151.839055,24,48.280913
333.633442,24,48.333574
339.340108,24,48.379572
340.830942,24,48.43111
233.41365,24,48.48478
233.41365,24,48.532396
150.022278,24,48.577183
157.628494,24,48.632879
242.594222,24,48.693085
170.766722,24,48.737297
147.092431,24,48.779616
-334.440169,24,48.823127
-459.869558,24,48.86672
59.29078,24,48.91041
-9.859697,24,48.954987
-286.156585,24,48.998517
108.749886,24,49.04389
-313.579755,24,49.090722
-252.675972,24,49.136753
-3.133838,24,49.182459
-236.476161,24,49.228746
163.452748,24,49.275201
260.773558,24,49.319897
251.07324,24,49.366684
90.421811,24,49.417458
-470.127014,24,49.468318
-175.837147,24,49.515075
347.871642,24,49.560546
295.441142,24,49.603423
-329.462289,24,49.646108
476.676525,24,49.688683
439.826008,24,49.731666
495.520031,24,49.775077
294.366674,24,49.82698
480.202683,24,49.878776
524.484072,24,49.931774
640.131811,24,49.984179
655.850144,24,50.031728
564.692739,24,50.077643
494.877367,24,50.1229
618.845528,24,50.170308
642.876533,24,50.217506
468.797197,24,50.276179
-18.547853,24,50.328207
46.418744,24,50.380997
331.724091,24,50.4314
305.320815,24,50.482838
321.594148,24,50.532743
318.852342,24,50.584541
293.041086,24,50.638315
395.599806,24,50.691362
390.242081,24,50.74183
556.578192,24,50.792471
231.854209,24,50.845084
586.591797,24,50.900328
-50.478851,24,50.956483
562.055739,24,51.009369
476.064494,24,51.05839
542.521156,24,51.106165
-314.128803,24,51.154418
251.156842,24,51.207355
516.034024,24,51.263212
-159.749931,24,51.324921
-108.960031,24,51.377859
-353.351559,24,51.422402
-365.125934,24,51.46727
401.113814,24,51.512024
-556.801928,24,51.561706
-583.067831,24,51.608806
3.050883,24,51.655117
366.686628,24,51.701689
603.163308,24,51.747488
427.278342,24,51.800176
203.712147,24,51.862552
123.195433,24,51.921397
346.5435,24,51.979476
382.61975,24,52.027913
340.705861,24,52.075473
276.143769,24,52.127137
318.169742,24,52.177669
221.888908,24,52.224641
-34.13867,24,52.270701
-191.876203,24,52.317005
-467.687109,24,52.361156
211.532235,24,52.40624
-485.020747,24,52.450157
-233.87791,24,52.495042
-502.385053,24,52.544286
-55.952476,24,52.59669
-243.35729,24,52.645384
-151.012092,24,52.695892
-169.806814,24,52.748108
-146.878608,24,52.798404
-137.777358,24,52.844536
-190.45605,24,52.890869
-271.215969,24,52.936144
-2.091,24,52.983367
-87.3813,24,53.029375
-234.291278,24,53.074826
-2.17563,24,53.120567
-309.639111,24,53.166696
34.474258,24,53.220907
476.297544,24,53.295453
352.436797,24,53.348534
216.31863,24,53.418612
239.58456,24,53.468729
516.336341,24,53.516614
528.439119,24,53.562213
489.394397,24,53.60559
404.821469,24,53.649049
347.198805,24,53.691396
333.267113,24,53.733723
404.542083,24,53.777504
486.774208,24,53.822901
290.421435,24,53.873314
516.322094,24,53.924533
348.208902,24,53.976263
65.905392,24,54.032415
104.754569,24,54.086096
363.95246,24,54.131999
433.609158,24,54.178359
675.777392,24,54.223645
389.493441,24,54.26761
396.325799,24,54.310687
415.636208,24,54.353367
343.034869,24,54.397378
702.838828,24,54.44357
349.751128,24,54.493673
483.832652,24,54.543122
650.580169,24,54.593403
651.340722,24,54.644024
638.815702,24,54.694956
639.202758,24,54.740421
481.144677,24,54.783715
554.528886,24,54.830261
671.345286,24,54.875287
602.908764,24,54.940896
566.260872,24,54.984915
438.089766,24,55.02904
403.480924,24,55.074372
585.021647,24,55.118309
472.757344,24,55.162924
549.433206,24,55.207022
559.245461,24,55.253474
497.988378,24,55.299811
352.287711,24,55.345605
469.289289,24,55.391032
511.952692,24,55.435711
518.830767,24,55.480343
505.411461,24,55.523687
556.562067,24,55.567045
538.973317,24,55.610416
480.061094,24,55.654637
307.438214,24,55.705159
-81.294994,24,55.756244
-308.673375,24,55.806674
40.604192,24,55.858114
211.773788,24,55.912586
114.094722,24,55.962922
319.038963,24,56.010639
350.090213,24,56.057891
13.134519,24,56.103541
-248.460959,24,56.149596
16.84993,24,56.194998
-607.321058,24,56.239423
-419.633792,24,56.283005
-363.759392,24,56.325883
-698.860642,24,56.369398
-637.785781,24,56.413031
-646.655503,24,56.457984
-467.036197,24,56.509228
20.32223,24,56.558787
-315.866592,24,56.609497
-467.072856,24,56.661838
232.360122,24,56.71356
167.56651,24,56.757342
406.363822,24,56.802805
339.994517,24,56.848124
516.177322,24,56.89272
598.608933,24,56.936611
410.97642,24,56.980716
597.60131,24,57.024803
574.395685,24,57.068553
518.123863,24,57.112518
496.43258,24,57.15627
551.26698,24,57.199921
569.363647,24,57.245652
396.090362,24,57.291918
559.744133,24,57.337003
533.932474,24,57.383668
538.721433,24,57.428741
582.887049,24,57.474321
460.886983,24,57.517548
507.319953,24,57.561701
642.910749,24,57.605472
610.102091,24,57.648799
342.965802,24,57.692848
238.919413,24,57.73619
186.841131,24,57.77934
23.472703,24,57.82454
4.296547,24,57.869875
532.643364,24,57.914705
513.177694,24,57.960147
527.743034,24,58.005416
518.410723,24,58.049637
399.454853,24,58.100301
450.678903,24,58.147642
292.861378,24,58.192723
273.439858,24,58.238085
243.820066,24,58.282382
122.242653,24,58.327326
179.175714,24,58.370971
373.331061,24,58.414596
293.904117,24,58.458947
411.316808,24,58.501326
424.046163,24,58.545019
226.169856,24,58.587712
-90.092322,24,58.630002
377.000364,24,58.672367
294.351435,24,58.714816
94.686539,24,58.756971
-375.185994,24,58.799491
-261.647628,24,58.843551
-467.510064,24,58.887169
-533.699519,24,58.931249
4.556476,24,58.975547
-223.580658,24,59.019514
-325.347602,24,59.063677
-432.990588,24,59.107812
-407.392398,24,59.151827
-67.620945,24,59.197242
285.930462,24,59.242436
372.779062,24,59.287029
405.922676,24,59.333289
431.684094,24,59.37795
369.042183,24,59.42389
299.744531,24,59.469252
238.558608,24,59.512816
339.00083,24,59.557077
22.675966,24,59.600688
174.626462,24,59.646453
385.578672,24,59.691507
74.184472,24,59.736803
443.750291,24,59.780946
292.297994,24,59.82712
399.59225,24,59.873225
367.144986,24,59.91768
304.739403,24,59.962887
246.493015,24,60.008679
387.356933,24,60.055807
225.873095,24,60.100304
350.011217,24,60.14714
280.81719,24,60.194705
397.227695,24,60.240298
370.47134,24,60.284488
356.589159,24,60.328081
425.339659,24,60.372658
505.360186,24,60.417138
239.992856,24,60.462144
572.963369,24,60.506701
239.373125,24,60.552504
146.476736,24,60.597061
339.730437,24,60.642033
435.32002,24,60.686651
374.84759,24,60.731468
323.70274,24,60.77604
202.534178,24,60.821936
410.383984,24,60.868734
535.335165,24,60.916606
509.598553,24,60.962679
478.540612,24,61.008978
-114.237969,24,61.056622
77.523394,24,61.103266
172.558253,24,61.149963
261.58119,24,61.196209
212.421889,24,61.243537
-248.064525,24,61.296325
-370.907858,24,61.342825
-326.741817,24,61.390279
-302.037511,24,61.435403
-305.699733,24,61.481816
-267.122858,24,61.527472
-434.429525,24,61.574491
-274.228414,24,61.620053
-257.984552,24,61.66552
122.622973,24,61.710338
102.049078,24,61.756153
344.102685,24,61.802588
520.17642,24,61.849471
354.182197,24,61.896616
485.588637,24,61.942966
328.093653,24,61.990866
442.674903,24,62.038252
359.336012,24,62.085129
428.273584,24,62.13197
450.824487,24,62.18019
372.776931,24,62.228711
437.549487,24,62.292803
454.158098,24,62.358657
470.871778,24,62.421019
479.222126,24,62.474953
480.91094,24,62.522277
427.148028,24,62.567936
309.913549,24,62.614446
366.267959,24,62.660313
400.531292,24,62.707615
438.966362,24,62.754462
420.354695,24,62.802012
451.655181,24,62.849689
166.698723,24,62.896566
304.280713,24,62.942341
360.502163,24,62.988862
282.279363,24,63.035089
330.316044,24,63.082293
315.019641,24,63.137438
287.566377,24,63.192313
335.980544,24,63.270214
272.730924,24,63.352061
452.162542,24,63.427657
440.508762,24,63.510017
474.262959,24,63.581597
213.261628,24,63.644405
564.100185,24,63.699094
407.579413,24,63.758119
551.259774,24,63.82766
547.904908,24,63.900203
330.784858,24,63.969627
435.262905,24,64.036906
405.438677,24,64.092896
509.26283,24,64.151764
528.573108,24,64.207489
469.631869,24,64.261466
518.18916,24,64.313778
496.18491,24,64.361654
522.689997,24,64.407399
388.517149,24,64.452861
471.732966,24,64.49826
478.923722,24,64.543205
344.631416,24,64.591395
450.276299,24,64.641427
557.669076,24,64.692694
476.901299,24,64.745043
507.133147,24,64.801807
554.923694,24,64.868215
438.809508,24,64.940419
485.623935,24,65.004717
462.743241,24,65.068697
442.075533,24,65.129986
442.454005,24,65.191632
520.295858,24,65.247837
445.221991,24,65.294516
406.551991,24,65.340172
429.734685,24,65.384607
401.059894,24,65.429311
365.990241,24,65.47421
344.503574,24,65.521482
372.871094,24,65.569937
434.938524,24,65.617764
387.446144,24,65.666281
401.581769,24,65.716
426.470519,24,65.762102
380.711352,24,65.808871
363.981074,24,65.855628
232.67781,24,65.902866
205.512602,24,65.960189
466.326619,24,66.023351
283.408435,24,66.089483
281.82163,24,66.148701
176.886866,24,66.202087
254.053764,24,66.255757
260.485836,24,66.308739
267.158633,24,66.360876
290.994944,24,66.406595
67.085319,24,66.45779
178.429278,24,66.512435
199.793236,24,66.565836
223.946778,24,66.61722
59.122917,24,66.667372
158.925278,24,66.719043
273.879653,24,66.767945
299.877778,24,66.815788
407.149631,24,66.864306
345.909514,24,66.911306
417.157986,24,66.956745
322.94,24,67.001606
307.751319,24,67.047398
428.012153,24,67.094283
451.997431,24,67.163017
221.543333,24,67.242634
288.197778,24,67.309555
136.007497,24,67.362815
290.466944,24,67.415722
285.725278,24,67.470766
141.564163,24,67.52824
294.08235,24,67.583861
352.934247,24,67.637656
332.712997,24,67.719453
323.901528,24,67.801391
160.386736,24,67.873852
251.474653,24,67.948254
127.787361,24,68.046604
263.212778,24,68.1372
245.059653,24,68.224863
170.925139,24,68.304915
-94.216659,24,68.39807
-15.749367,24,68.476423
127.788769,24,68.544262
95.745208,24,68.653446
107.743264,24,68.742926
152.196992,24,68.881113
438.399631,24,68.978852
390.341431,24,69.053746
306.460806,24,69.120708
289.575181,24,69.197987
271.543839,24,69.270249
360.254208,24,69.344443
366.774833,24,69.420557
406.925962,24,69.503733
305.388458,24,69.605482
557.810542,24,69.696843
-241.03245,24,69.793303
-442.707436,24,69.894598
-104.484356,24,70.001083
-144.142089,24,70.14947
-48.323759,24,70.24199
156.188756,24,70.32278
568.315269,24,70.388818
558.873117,24,70.463286
529.215894,24,70.53593
533.095547,24,70.59899
395.264297,24,70.686974
311.227908,24,70.810352
405.428928,24,70.927426
446.086428,24,71.022707
462.456589,24,71.104539
457.096878,24,71.195813
427.078025,24,71.276323
444.175542,24,71.377782
336.810819,24,71.457878
429.565542,24,71.524477
368.53518,24,71.580492
256.570065,24,71.634177
224.700886,24,71.726262
359.318894,24,71.78366
462.669988,24,71.84271
214.144588,24,71.900055
-96.933428,24,71.970762
224.955213,24,72.026945
362.777366,24,72.091701
574.661222,24,72.154557
528.150249,24,72.213068
491.76649,24,72.27687
502.012813,24,72.331029
431.755934,24,72.383142
421.204358,24,72.438382
474.131859,24,72.489248
496.064153,24,72.540322
407.299365,24,72.588819
421.346422,24,72.64404
322.91722,24,72.693717
271.77552,24,72.749671
330.12039,24,72.801024
272.060915,24,72.856416
272.607681,24,72.909137
381.604278,24,72.963519
260.991084,24,73.028243
342.089197,24,73.099687
393.889873,24,73.162531
351.134524,24,73.217061
267.223628,24,73.275075
349.179373,24,73.34206
493.047161,24,73.394088
214.107098,24,73.444352
121.364903,24,73.495896
41.61592,24,73.542754
-55.463802,24,73.596772
-17.565747,24,73.656622
352.736748,24,73.710423
544.955109,24,73.768898
486.031306,24,73.838968
61.178219,24,73.935894
17.100094,24,74.032336
303.294667,24,74.086098
173.290333,24,74.136797
234.87997,24,74.186525
145.940081,24,74.234405
188.70897,24,74.281074
245.742506,24,74.32704
324.19222,24,74.3713
253.757465,24,74.418296
212.16634,24,74.465195
242.393209,24,74.512022
324.553317,24,74.559155
460.748231,24,74.60647
94.529572,24,74.649587
101.123794,24,74.694727
-283.741886,24,74.739072
-256.851469,24,74.782616
62.224744,24,74.831217
382.324328,24,74.878408
354.638078,24,74.928001
38.134602,24,74.981093
68.460881,24,75.042692
305.582094,24,75.095886
342.112424,24,75.152397
445.844467,24,75.218165
346.362106,24,75.281672
481.752244,24,75.355361
426.666203,24,75.412463
403.473469,24,75.462994
336.944094,24,75.515563
534.382292,24,75.56893
513.712292,24,75.61435
252.771717,24,75.657057
510.72456,24,75.701417
318.71832,24,75.74589
278.68937,24,75.796726
447.798817,24,75.843799
514.870233,24,75.890896
526.023635,24,75.938186
556.911135,24,75.985546
400.416158,24,76.03262
489.586922,24,76.080389
570.828983,24,76.150877
367.447977,24,76.200116
228.581102,24,76.246099
205.252678,24,76.290939
298.770233,24,76.334426
546.989955,24,76.377995
166.891706,24,76.421405
229.842053,24,76.48772
11.918736,24,76.532044
64.976583,24,76.57762
-55.869783,24,76.622707
503.983333,24,76.683135
453.89017,24,76.734986
21.818481,24,76.788294
23.330286,24,76.837907
244.24025,24,76.888107
247.537708,24,76.939239
119.714733,24,76.989982
163.295011,24,77.040388
-8.328517,24,77.089383
550.520555,24,77.135851
245.229672,24,77.205778
514.927847,24,77.253802
507.794583,24,77.30098
574.323124,24,77.34754
532.517847,24,77.393085
572.654513,24,77.441605
486.103287,24,77.487926
490.376263,24,77.53505
487.273138,24,77.58
414.040892,24,77.623444
461.922908,24,77.666624
473.70168,24,77.710728
498.81918,24,77.754353
506.386902,24,77.800908
556.040691,24,77.853673
568.733547,24,77.903321
357.983672,24,77.957683
311.805283,24,78.010169
482.676255,24,78.069091
353.543997,24,78.117575
406.674964,24,78.169351
403.215273,24,78.218865
368.214528,24,78.267831
399.255545,24,78.311976
220.594599,24,78.354623
274.120038,24,78.39712
116.100355,24,78.441986
205.097022,24,78.48623
332.803488,24,78.536221
253.927013,24,78.587397
368.094119,24,78.637046
516.486041,24,78.68802
556.41243,24,78.74803
-171.830739,24,78.801916
-210.210392,24,78.869528
-346.091694,24,78.929764
-324.638639,24,78.987592
396.744942,24,79.037536
588.184166,24,79.084475
409.457339,24,79.137446
579.232444,24,79.191573
437.838553,24,79.247752
573.609666,24,79.303471
423.715916,24,79.363071
583.687453,24,79.417149
280.103281,24,79.467339
355.183142,24,79.519878
323.688902,24,79.571733
407.472384,24,79.622873
299.953935,24,79.671088
463.56655,24,79.720819
-72.189775,24,79.76511
552.87868,24,79.814226
537.22493,24,79.864686
578.067222,24,79.917544
-5.387633,24,79.972399
79.875228,24,80.029832
-133.843872,24,80.085154
188.120797,24,80.14522
389.232751,24,80.201197
610.903055,24,80.256229
520.754831,24,80.312443
606.424484,24,80.363895
603.679485,24,80.410048
620.600902,24,80.5055
624.683597,24,80.597428
567.533749,24,80.68007
605.794999,24,80.742927
387.363281,24,80.803413
263.076637,24,80.864901
236.252956,24,80.936229
363.447745,24,81.00575
265.79212,24,81.068845
297.848162,24,81.130913
538.47251,24,81.193534
256.217587,24,81.257654
386.211538,24,81.320022
-10.339583,24,81.382604
446.874453,24,81.444622
509.783717,24,81.50689
601.200509,24,81.604184
621.326551,24,81.667376
375.349522,24,81.731085
399.92986,24,81.803124
577.209724,24,81.869329
419.15494,24,81.929439
558.213888,24,81.991038
560.575208,24,82.051337
556.968263,24,82.112178
459.519513,24,82.17322
14.596541,24,82.235988
517.704944,24,82.296259
537.86293,24,82.353106
482.093345,24,82.410673
338.96462,24,82.470075
-81.388283,24,82.538106
486.883553,24,82.599196
598.502777,24,82.656426
424.011041,24,82.713048
570.391692,24,82.769741
590.172152,24,82.827135
331.46668,24,82.884217
595.791953,24,82.942271
546.565347,24,83.003922
486.636644,24,83.061441
351.705566,24,83.120572
567.303199,24,83.178472
614.361533,24,83.236938
496.215838,24,83.296497
585.632366,24,83.35554
571.577991,24,83.412854
562.962505,24,83.469217
591.006602,24,83.516952
517.83918,24,83.564704
533.853417,24,83.612963
540.619733,24,83.661029
534.145385,24,83.723179
620.580083,24,83.778465
600.078541,24,83.829559
613.573749,24,83.879168
600.737916,24,83.926645
604.344166,24,83.97474
593.527833,24,84.024568
577.001861,24,84.071319
593.430611,24,84.118149
504.672972,24,84.167557
347.642553,24,84.221621
480.752401,24,84.270568
438.910734,24,84.319347
458.224484,24,84.367491
479.762851,24,84.414898
273.563492,24,84.463387
393.414744,24,84.511936
115.825714,24,84.559746
162.521564,24,84.6078
363.349706,24,84.653536
385.320642,24,84.700051
389.08342,24,84.744496
413.736892,24,84.789865
362.125503,24,84.835527
370.786406,24,84.881922
382.125426,24,84.927296
211.70493,24,84.977425
204.038747,24,85.023887
494.313519,24,85.066743
528.093797,24,85.109201
470.64758,24,85.152995
259.30912,24,85.196887
539.913347,24,85.241787
520.443069,24,85.286836
307.234533,24,85.332086
301.405185,24,85.377414
467.212616,24,85.421519
435.881644,24,85.46732
545.025222,24,85.512438
138.229381,24,85.55806
37.582503,24,85.603071
594.521472,24,85.647935
31.803475,24,85.691002
395.99263,24,85.734376
371.563385,24,85.779076
349.974358,24,85.823346
530.961602,24,85.876427
519.896949,24,85.926578
545.15026,24,85.973893
561.753733,24,86.019053
601.685608,24,86.062645
573.989983,24,86.10646
629.590919,24,86.149713
593.900816,24,86.193543
570.39901,24,86.23686
597.711845,24,86.280528
525.240776,24,86.324396
478.313414,24,86.368667
393.227369,24,86.412755
396.669592,24,86.455898
549.152887,24,86.499415
515.722219,24,86.543124
513.319309,24,86.586243
417.399475,24,86.631159
452.556728,24,86.675001
400.642283,24,86.720196
353.542222,24,86.76746
334.407469,24,86.814233
263.093675,24,86.858173
433.081706,24,86.901055
300.763037,24,86.944363
272.504381,24,86.988903
307.168433,24,87.035619
268.8954,24,87.084115
266.825739,24,87.128836
482.343942,24,87.172745
480.181442,24,87.217005
551.480244,24,87.262147
384.428687,24,87.308104
332.544242,24,87.353261
317.621117,24,87.399473
-273.187006,24,87.446102
-211.504158,24,87.49186
-196.897908,24,87.539674
-182.23335,24,87.591863
-146.051892,24,87.644134
-225.850894,24,87.694928
-269.439019,24,87.739486
-190.141961,24,87.786887
-199.59085,24,87.836084
-299.262061,24,87.883406
248.921619,24,87.931668
401.197038,24,87.979324
589.562019,24,88.028834
569.042019,24,88.076961
517.669588,24,88.125204
479.201788,24,88.175122
328.876508,24,88.226146
240.054519,24,88.276005
319.535031,24,88.326389
330.717627,24,88.377052
286.425487,24,88.427261
297.845527,24,88.479039
301.980458,24,88.528667
40.797508,24,88.578902
303.043722,24,88.631609
53.852341,24,88.6811
257.39631,24,88.726255
154.638451,24,88.797402
73.436955,24,88.873286
131.132273,24,88.929035
227.055583,24,88.977465
246.544516,24,89.027706
153.638702,24,89.076986
116.422969,24,89.128575
406.629517,24,89.180207
410.708961,24,89.230203
373.290358,24,89.280062
192.892669,24,89.326834
246.359933,24,89.391446
21.665074,24,89.44533
260.382016,24,89.5077
247.47136,24,89.562961
104.023838,24,89.611671
128.055222,24,89.660387
134.906635,24,89.709885
148.462845,24,89.759505
426.933905,24,89.812913
316.214427,24,89.861883
101.747105,24,89.90691
169.067847,24,89.952537
372.86625,24,89.996722
403.6696,24,90.059234
427.997264,24,90.103499
380.623203,24,90.146832
191.000922,24,90.189745
233.788002,24,90.232858
288.327899,24,90.275979
224.591581,24,90.318975
176.450122,24,90.361705
254.929914,24,90.404674
108.143319,24,90.448133
46.851636,24,90.490844
77.597558,24,90.535255
82.962761,24,90.579868
159.567722,24,90.625394
185.910189,24,90.672349
358.628569,24,90.722481
146.07175,24,90.774343
124.343785,24,90.82705
123.419472,24,90.877779
379.631391,24,90.927348
359.415155,24,90.977059
102.832375,24,91.027773
267.510956,24,91.07877
413.859983,24,91.129238
240.908317,24,91.18101
414.285608,24,91.233229
278.658317,24,91.28391
257.843525,24,91.333119
325.203733,24,91.382411
213.916883,24,91.430897
350.341822,24,91.480366
356.631231,24,91.528609
358.543731,24,91.579967
238.320367,24,91.631067
231.077797,24,91.680803
360.636981,24,91.725838
70.148706,24,91.769997
453.601088,24,91.813828
368.242697,24,91.859133
411.405592,24,91.903425
418.62455,24,91.949598
391.948249,24,91.998571
341.3233,24,92.043861
184.883577,24,92.088464
57.651108,24,92.132374
348.024967,24,92.1772
181.572676,24,92.222732
204.861705,24,92.323267
426.308027,24,92.395721
85.740425,24,92.452184
230.108876,24,92.507271
19.053292,24,92.565301
14.204678,24,92.620144
-72.550128,24,92.673045
266.352367,24,92.729603
169.553723,24,92.797877
329.102247,24,92.863914
251.136053,24,92.931886
219.955885,24,92.998397
7.117036,24,93.065644
76.111055,24,93.134106
163.180047,24,93.196665
118.583177,24,93.261115
305.827226,24,93.322781
302.921319,24,93.387429
559.329122,24,93.454538
295.573684,24,93.516257
480.881019,24,93.572076
343.7801,24,93.622468
444.431281,24,93.670525
398.096211,24,93.718599
351.594267,24,93.766807
384.586981,24,93.815295
319.173503,24,93.865381
461.944587,24,93.916575
377.114128,24,93.968795
371.263156,24,94.019728
512.316542,24,94.073091
544.301483,24,94.122486
561.820759,24,94.1727
473.453417,24,94.223018
523.261274,24,94.272986
-29.628153,24,94.321802
-26.149958,24,94.369944
476.993676,24,94.415888
328.958476,24,94.462006
598.358797,24,94.509805
560.746019,24,94.564164
520.131073,24,94.619789
587.398774,24,94.67784
-116.262458,24,94.734723
390.192801,24,94.800237
401.591238,24,94.858496
548.340926,24,94.918057
410.207617,24,94.969737
526.504177,24,95.021456
413.401853,24,95.07029
361.968401,24,95.118953
530.014455,24,95.167063
339.381727,24,95.216543
507.018185,24,95.264607
563.837213,24,95.311851
416.537384,24,95.360606
537.751866,24,95.414069
403.597731,24,95.465321
341.886126,24,95.516955
383.568626,24,95.570582
491.666677,24,95.63009
419.847024,24,95.681381
395.942717,24,95.73171
215.357347,24,95.782751
306.737092,24,95.833345
346.911119,24,95.88129
376.926744,24,95.927602
526.213065,24,95.974352
454.823356,24,96.020169
382.797764,24,96.067512
475.838736,24,96.11433
388.179842,24,96.162669
533.363078,24,96.211513
531.440926,24,96.260313
503.277092,24,96.308195
557.29405,24,96.355071
523.431065,24,96.400678
549.526272,24,96.444125
428.490292,24,96.487764
354.034644,24,96.531811
474.999328,24,96.581056
420.94206,24,96.624554
466.893287,24,96.668488
416.384027,24,96.712092
422.91412,24,96.75528
479.72669,24,96.7981
184.59882,24,96.842588
339.893967,24,96.886564
391.13169,24,96.930496
173.548959,24,96.975225
232.658563,24,97.020375
457.83405,24,97.067049
482.170092,24,97.113118
494.209675,24,97.165641
400.583564,24,97.225728
462.295161,24,97.288526
372.653506,24,97.346726
365.969647,24,97.403539
396.163506,24,97.45077
387.635381,24,97.501649
247.959422,24,97.556488
460.863036,24,97.600525
366.837973,24,97.643207
545.774516,24,97.685293
452.249009,24,97.728209
386.964005,24,97.770735
329.530116,24,97.815791
491.518555,24,97.86225
509.984305,24,97.909267
324.099111,24,97.958781
196.087533,24,98.015506
196.087533,24,98.073464
275.161611,24,98.128687
192.995353,24,98.184332
-320.715416,24,98.239757
533.043997,24,98.294882
427.869344,24,98.353765
268.795835,24,98.411821
266.911841,24,98.475744
284.79384,24,98.566898
56.633847,24,98.635887
242.275044,24,98.702373
-450.245183,24,98.771321
-332.382058,24,98.832663
-110.581088,24,98.894119
-462.050256,24,98.955348
-464.467822,24,99.040014
-237.735203,24,99.112858
69.566969,24,99.17632
-355.291717,24,99.237952
-693.823297,24,99.298711
-70.267467,24,99.351287
-60.668194,24,99.399038
29.57625,24,99.448273
85.940486,24,99.496997
14.026492,24,99.54542
-694.865256,24,99.599747
-543.749931,24,99.648393
-499.173153,24,99.695599
-396.769695,24,99.744203
-129.293589,24,99.794489
-157.657719,24,99.8686
195.4238,24,99.932464
107.314947,24,99.991572
-122.760308,24,100.045229
-69.403203,24,100.099328
-69.084708,24,100.153257
152.800142,24,100.20197
-24.733498,24,100.251375
353.513464,24,100.304259
38.385075,24,100.353188
68.535422,24,100.411533
-195.89362,24,100.463734
378.325144,24,100.511055
400.017158,24,100.561384
324.465803,24,100.610255
419.096428,24,100.660566
300.770247,24,100.716098
136.445908,24,100.775707
476.722511,24,100.864385
267.954761,24,100.918869
-75.102633,24,100.975896
-67.439439,24,101.035307
-365.875859,24,101.096607
499.097942,24,101.150399
503.403372,24,101.199024
514.508372,24,101.249571
264.567689,24,101.306449
44.099661,24,101.35728
466.528844,24,101.411255
271.459308,24,101.467152
346.30535,24,101.526814
378.185978,24,101.590363
254.603208,24,101.656441
522.702319,24,101.71781
368.128049,24,101.781909
127.0127,24,101.834888
34.427319,24,101.886389
95.096978,24,101.938305
103.052056,24,101.989357
70.682872,24,102.037597
31.486172,24,102.088264
353.960894,24,102.140887
335.516047,24,102.190437
284.730839,24,102.241764
266.973614,24,102.303926
374.757436,24,102.363406
62.947094,24,102.415246
400.52695,24,102.472735
178.306067,24,102.533658
291.361874,24,102.585844
244.712736,24,102.639045
127.642044,24,102.694958
168.506725,24,102.750232
172.115058,24,102.808152
225.926803,24,102.860069
210.634231,24,102.93761
188.068425,24,102.999127
229.951897,24,103.05818
0.2413,24,103.117577
58.093286,24,103.176752
73.663175,24,103.247959
-184.806448,24,103.303589
-230.114592,24,103.352828
-130.611695,24,103.398259
-361.516745,24,103.451272
-322.385287,24,103.499198
33.574739,24,103.545343
-57.651392,24,103.595899
35.410697,24,103.647279
-67.006122,24,103.7014
-2.715699,24,103.761126
68.973745,24,103.820672
105.701358,24,103.880127
421.087538,24,103.938124
463.666635,24,103.99957
416.939205,24,104.056182
646.584119,24,104.109207
409.501211,24,104.161362
173.561378,24,104.212636
402.605999,24,104.265526
419.879378,24,104.31812
468.534613,24,104.37251
466.706617,24,104.435091
488.312455,24,104.498985
283.301535,24,104.558797
371.642437,24,104.616545
503.032662,24,104.674833
507.007662,24,104.72898
415.913773,24,104.774705
106.041973,24,104.82596
427.912847,24,104.875012
378.323824,24,104.930259
111.356075,24,104.989734
403.235052,24,105.044085
507.712122,24,105.101428
208.754728,24,105.15496
336.159969,24,105.209379
334.664784,24,105.266623
513.446914,24,105.318973
232.699036,24,105.376789
113.895988,24,105.435415
207.051722,24,105.49299
180.523388,24,105.548896
238.1766,24,105.611679
199.150836,24,105.671836
166.123322,24,105.73073
295.393524,24,105.787046
306.824913,24,105.841533
266.102808,24,105.897829
258.649336,24,105.955338
202.429472,24,106.006327
236.488663,24,106.055909
235.745266,24,106.106819
228.680191,24,106.157113
473.232678,24,106.208891
353.147028,24,106.267553
492.12908,24,106.319551
464.415783,24,106.371369
373.572615,24,106.422029
471.740158,24,106.469997
430.599569,24,106.519838
508.65306,24,106.568636
510.423755,24,106.614053
437.472919,24,106.663064
168.62516,24,106.709134
456.778758,24,106.757096
616.663413,24,106.805052
603.501052,24,106.85335
515.694385,24,106.902285
447.235058,24,106.948968
317.683063,24,106.995138
437.525663,24,107.047044
413.146183,24,107.095168
463.319542,24,107.143151
479.746197,24,107.193683
482.92837,24,107.241754
383.530703,24,107.292743
358.72392,24,107.346534
309.518851,24,107.415665
258.224826,24,107.484743
223.817951,24,107.535738
250.148576,24,107.59156
159.42962,24,107.647613
317.727194,24,107.69851
150.242378,24,107.748723
419.358756,24,107.800658
332.545645,24,107.850471
483.498087,24,107.898879
167.889473,24,107.947653
383.479059,24,108.018309
423.693506,24,108.07317
508.895598,24,108.142427
509.918723,24,108.22336
