#{"t_start": 1667874172.648705, "env_id": "ElectricityMarket-v0"}
r,l,t
-4683.841739,24,0.765476
-4784.427701,24,0.785927
-5932.876983,24,0.804696
-4423.618016,24,0.824259
-5062.055553,24,0.843554
-6222.13209,24,0.862216
-5904.679177,24,0.881257
-4537.921695,24,0.899871
-5214.606896,24,1.104112
-4773.207565,24,1.123072
-5181.099788,24,1.141322
-4793.730824,24,1.158194
-6109.587835,24,1.290882
-7048.254566,24,1.308707
-5600.331056,24,1.328458
-5262.196438,24,1.350554
-5251.603771,24,1.490059
-5236.862767,24,1.50905
-5385.604015,24,1.528774
-5143.21865,24,1.547459
-4565.523456,24,1.676309
-4310.41742,24,1.69369
-3859.284454,24,1.711103
-3147.095229,24,1.728224
-3125.350042,24,1.745962
-3923.790659,24,1.885695
-3475.01701,24,1.906097
-4567.715745,24,1.925735
-3630.277744,24,1.946013
-4657.812774,24,2.075605
-3449.377856,24,2.09302
-3906.681411,24,2.10976
-4682.881657,24,2.126833
-4180.550359,24,2.250086
-4206.442449,24,2.267654
-5669.137727,24,2.284721
-4555.949742,24,2.301228
-5264.030925,24,2.423379
-5312.330759,24,2.440312
-4446.861295,24,2.45635
-3646.410333,24,2.473686
-4353.710855,24,2.625801
-4708.802613,24,2.644592
-3006.685106,24,2.664507
-3350.186129,24,2.68574
-3446.776535,24,2.827221
-3116.191471,24,2.844632
-4836.583358,24,2.862849
-4002.129975,24,2.88153
-3611.192095,24,2.90106
-2023.449991,24,3.024417
-2313.767457,24,3.043205
-3507.414893,24,3.062807
-3041.659692,24,3.079934
-784.496245,24,3.206398
-1316.933425,24,3.223588
-748.373256,24,3.241235
-340.908847,24,3.258806
-392.011925,24,3.390253
-7.205773,24,3.411135
257.276999,24,3.429708
200.171415,24,3.448941
-357.411272,24,3.588444
181.421433,24,3.607517
91.290299,24,3.62665
-13.031103,24,3.645319
529.43484,24,3.782452
-534.631755,24,3.800986
109.503257,24,3.818196
-498.670102,24,3.834271
-1.947075,24,3.960024
717.176786,24,3.978143
70.308979,24,3.995801
-226.62746,24,4.013825
353.801613,24,4.036479
672.674055,24,4.185628
120.169576,24,4.210233
510.946999,24,4.227958
-661.287584,24,4.245257
-46.943373,24,4.375625
352.10897,24,4.392369
415.678225,24,4.409226
681.342745,24,4.426923
-302.410797,24,4.551875
281.070362,24,4.568974
118.714247,24,4.585492
-612.884345,24,4.601456
726.060169,24,4.730983
250.34565,24,4.751722
1747.078186,24,4.769853
834.745878,24,4.792667
2064.523884,24,4.929858
1575.804562,24,4.948938
2515.062779,24,4.965988
1493.978991,24,4.982942
948.826649,24,5.103366
2868.333226,24,5.119054
2266.652133,24,5.135066
3009.585646,24,5.150547
2076.245424,24,5.167156
1797.768522,24,5.28995
1971.495571,24,5.305427
2812.653759,24,5.321023
1916.742502,24,5.336501
2246.580407,24,5.456624
2003.8632,24,5.472402
1889.357601,24,5.488091
1645.092564,24,5.503662
1847.90909,24,5.622097
2250.132063,24,5.637621
2323.915961,24,5.6532
2366.93448,24,5.668753
2093.278295,24,5.784329
1969.469597,24,5.799934
2672.042825,24,5.81545
2516.637286,24,5.830904
1442.393042,24,5.949371
2229.001371,24,5.965065
2672.096268,24,5.980747
1519.512842,24,5.996173
1578.950179,24,6.114497
1696.114972,24,6.12985
1460.304924,24,6.14548
1051.649729,24,6.160963
1685.892009,24,6.176433
2163.720707,24,6.295747
2079.93571,24,6.311253
2074.621896,24,6.326759
1762.0358,24,6.342179
1043.449959,24,6.46009
1403.303342,24,6.475774
2405.712178,24,6.491241
1327.671275,24,6.506962
1433.79962,24,6.623563
2105.962168,24,6.639312
1354.611335,24,6.654876
1935.930361,24,6.67059
2691.758737,24,6.789985
2863.45024,24,6.805571
2332.512277,24,6.821066
2689.657914,24,6.836601
2560.239227,24,6.952812
3101.197561,24,6.968367
2359.054702,24,6.983875
2973.531111,24,6.99937
2323.767385,24,7.120405
2938.895553,24,7.136451
2528.867543,24,7.151889
2007.818806,24,7.167496
3102.610135,24,7.183028
3773.367748,24,7.301005
3519.997795,24,7.316611
3977.254468,24,7.332091
4070.988572,24,7.347569
3850.16692,24,7.482913
3716.458676,24,7.498489
3808.723557,24,7.51418
3572.438046,24,7.529727
3959.343712,24,7.652507
3075.947737,24,7.668066
3187.923847,24,7.683486
3319.57138,24,7.699052
3432.655992,24,7.820956
2919.33357,24,7.836659
3218.462711,24,7.852579
3622.277452,24,7.868489
3717.85537,24,7.990153
3468.59253,24,8.005731
3474.907068,24,8.021241
3393.019844,24,8.036853
2919.148173,24,8.162493
3506.329947,24,8.179049
2650.785023,24,8.195142
3365.647501,24,8.210632
3366.88705,24,8.226104
2810.581745,24,8.346222
3590.660999,24,8.361773
2879.069407,24,8.377474
3976.688647,24,8.393112
4038.574951,24,8.515814
3522.326591,24,8.531295
3111.875581,24,8.547004
3425.337733,24,8.563435
3271.746473,24,8.686635
3488.091769,24,8.702835
3824.254584,24,8.718304
3510.823974,24,8.733958
3872.858153,24,8.853087
4077.031183,24,8.869089
3482.611831,24,8.884652
3469.329357,24,8.900146
3588.253249,24,9.028359
3199.225523,24,9.044561
3614.905422,24,9.059901
2702.318084,24,9.075383
3241.589429,24,9.199004
3716.852747,24,9.217672
3019.121671,24,9.233913
2699.634825,24,9.24944
3332.333526,24,9.264996
3626.759114,24,9.388325
3716.56627,24,9.403848
2643.309752,24,9.419734
3432.777926,24,9.435302
2768.475598,24,9.558456
3406.346942,24,9.574061
4062.021829,24,9.589543
3271.280213,24,9.605118
3382.790414,24,9.730679
3580.847989,24,9.746455
3608.425924,24,9.762201
3580.908901,24,9.777729
3628.93778,24,9.900581
3480.258193,24,9.917
2812.7067,24,9.940618
2992.215977,24,9.956689
3649.702516,24,10.089175
3281.007799,24,10.104771
2919.154422,24,10.120361
3862.307198,24,10.142148
2970.729625,24,10.273026
3717.259286,24,10.288479
3327.31491,24,10.304
3780.455146,24,10.319485
4080.517247,24,10.335575
3939.053571,24,10.460966
3573.699647,24,10.476561
3938.595913,24,10.492102
3534.337218,24,10.507676
2458.265678,24,10.63504
3104.521819,24,10.651368
3693.500567,24,10.667217
4327.414997,24,10.682751
3100.283336,24,10.816131
3602.73263,24,10.831616
3811.385312,24,10.847201
3035.405376,24,10.862785
3668.884049,24,10.985834
3554.709689,24,11.001617
3612.245843,24,11.017798
3344.122207,24,11.033496
4158.298286,24,11.161383
3462.402012,24,11.176994
2689.459788,24,11.192522
3558.950748,24,11.208167
3109.646169,24,11.332162
3379.776791,24,11.347691
3387.773387,24,11.363155
3026.636904,24,11.393608
2415.178433,24,11.412206
4083.51877,24,11.550954
3844.79986,24,11.569636
3232.577667,24,11.608026
3430.456737,24,11.625226
3681.156095,24,11.748556
4094.912625,24,11.764323
4371.096553,24,11.779857
3724.960445,24,11.795265
3708.429101,24,11.916883
2826.059289,24,11.932317
3395.993224,24,11.948744
2721.140899,24,11.964464
3750.982523,24,12.089141
3170.044884,24,12.104849
2868.8888,24,12.120501
3174.432059,24,12.136078
3426.81341,24,12.262294
2999.160262,24,12.281824
3507.047173,24,12.298477
4022.908572,24,12.314114
3448.152862,24,12.435921
2523.517867,24,12.451416
3004.450317,24,12.467216
3314.031597,24,12.482953
4550.822583,24,12.498368
4307.818393,24,12.620378
4802.541946,24,12.636223
4324.019673,24,12.651855
4111.286927,24,12.667289
3836.202166,24,12.793491
4531.838564,24,12.809515
4677.230812,24,12.824879
4706.265674,24,12.840394
4032.582552,24,12.959638
4111.366123,24,12.975762
4071.256407,24,12.991964
4491.332528,24,13.007827
4274.72212,24,13.149993
4268.061602,24,13.165681
3494.373361,24,13.181706
4328.40661,24,13.19813
4820.355078,24,13.318919
3819.435609,24,13.334477
4792.011927,24,13.350051
4359.90399,24,13.365547
4151.511732,24,13.488064
4003.090118,24,13.504174
4441.986553,24,13.519826
3975.937229,24,13.536224
4704.3642,24,13.552673
3611.561689,24,13.677531
3745.321261,24,13.693134
4048.515775,24,13.708791
4128.837712,24,13.72432
4326.904299,24,13.846373
4043.685306,24,13.86192
3395.173429,24,13.877404
3460.087864,24,13.892914
3544.869041,24,14.01582
3220.425705,24,14.031372
4539.237573,24,14.046953
4373.784146,24,14.062415
4526.326565,24,14.182968
3868.485525,24,14.19967
3422.584111,24,14.216056
4280.419624,24,14.232398
3745.436329,24,14.358468
3793.771946,24,14.373981
3418.020301,24,14.389728
4348.518106,24,14.405473
4784.194178,24,14.529948
5065.215552,24,14.545471
3313.784558,24,14.560999
3640.777501,24,14.576979
4242.548818,24,14.59249
4503.138923,24,14.716942
4109.509761,24,14.733219
4582.894601,24,14.750899
5118.007076,24,14.774462
4298.301687,24,14.901862
3746.796631,24,14.917422
4035.158088,24,14.933043
3439.404379,24,14.948476
4125.463278,24,15.07669
4096.871345,24,15.092448
3600.003957,24,15.107942
4422.519528,24,15.123488
4624.686537,24,15.256566
4542.424128,24,15.273257
3755.641719,24,15.290061
4175.166438,24,15.305556
4409.644565,24,15.433773
3844.039683,24,15.450414
4460.675903,24,15.467487
5163.936905,24,15.483024
4440.772644,24,15.61832
4347.27069,24,15.63392
4484.004997,24,15.650179
4085.529038,24,15.666193
3874.039076,24,15.681632
4353.516872,24,15.805966
4552.91586,24,15.822399
4932.277973,24,15.838111
3807.200666,24,15.853692
4083.891898,24,15.982532
4338.379438,24,15.998132
3975.992445,24,16.013927
3821.612949,24,16.029459
4239.513052,24,16.156774
4119.167954,24,16.172354
4605.963269,24,16.188382
3615.316641,24,16.203762
4163.813235,24,16.332619
3178.634306,24,16.348181
4108.101051,24,16.363769
4536.209304,24,16.38046
3915.567572,24,16.508155
3302.978044,24,16.524745
3684.706773,24,16.540505
3802.047956,24,16.556027
4062.462538,24,16.686095
3845.304331,24,16.701656
5289.937873,24,16.717051
3855.576525,24,16.732787
4156.602518,24,16.74832
4389.667027,24,16.877947
4347.143522,24,16.893472
3740.289354,24,16.908881
5240.967978,24,16.924324
3221.144223,24,17.059486
4041.419962,24,17.075254
3864.066952,24,17.090935
4586.761933,24,17.106448
4354.359359,24,17.232953
3777.589461,24,17.248695
4149.99785,24,17.26436
4627.737349,24,17.279869
4472.400264,24,17.408284
2951.159411,24,17.427115
4022.997056,24,17.443357
3196.426613,24,17.459018
4586.953327,24,17.593106
3553.912813,24,17.608593
4839.011138,24,17.624093
4320.338522,24,17.639663
4802.564258,24,17.770606
3650.090929,24,17.786133
4055.161477,24,17.801675
3850.403502,24,17.817097
3720.326191,24,17.832565
3799.285758,24,17.965334
3510.615121,24,17.981057
4227.57133,24,17.996859
4089.873275,24,18.012433
4503.229694,24,18.143887
4276.195795,24,18.167081
4322.000521,24,18.184063
4417.212841,24,18.199904
4291.439498,24,18.329225
4195.091411,24,18.345137
4277.102596,24,18.36067
4473.532076,24,18.375991
4110.080287,24,18.509013
3413.060573,24,18.524639
3826.520978,24,18.540043
5047.569669,24,18.555489
3864.05007,24,18.710894
5177.766109,24,18.736531
4660.842305,24,18.756813
4085.752136,24,18.774295
4921.768784,24,18.902406
3668.103571,24,18.91849
4445.270592,24,18.933983
4816.993151,24,18.949538
3889.323046,24,18.96541
3312.681009,24,19.105001
4841.036084,24,19.122991
3880.654746,24,19.142362
3855.71535,24,19.159625
3933.770844,24,19.292367
4026.207673,24,19.308094
3985.205158,24,19.323842
3676.550325,24,19.339292
3969.209157,24,19.472695
4331.250784,24,19.488446
4436.163059,24,19.504103
4045.328258,24,19.520017
3190.532145,24,19.646768
4471.878979,24,19.663375
4769.111866,24,19.678748
5209.657493,24,19.694369
3758.573078,24,19.823973
4392.658677,24,19.839879
3711.812132,24,19.855359
3828.933886,24,19.870873
4284.333185,24,19.999461
4946.603818,24,20.015217
4421.295071,24,20.030702
4883.629633,24,20.046308
4165.064584,24,20.062027
4033.739754,24,20.198465
4210.654713,24,20.215925
4232.477763,24,20.232382
4947.902431,24,20.24836
4224.649269,24,20.376702
3992.100169,24,20.392207
4878.462431,24,20.40808
4065.31937,24,20.423464
4060.248575,24,20.558766
4394.209015,24,20.57477
4417.926124,24,20.591455
3587.186244,24,20.60688
4056.409622,24,20.737073
3971.048968,24,20.752701
4594.083111,24,20.769128
3659.338213,24,20.785351
3632.808608,24,20.911481
4851.403921,24,20.927113
4719.699391,24,20.94266
4503.181203,24,20.95861
4417.689882,24,21.091579
4328.93217,24,21.106977
3713.125612,24,21.122451
3200.347466,24,21.138137
5609.676351,24,21.153649
3584.155845,24,21.283096
4187.838477,24,21.298687
4823.600634,24,21.314079
4865.12873,24,21.329495
4640.559997,24,21.477676
3416.120646,24,21.493439
3836.216116,24,21.509346
4603.676188,24,21.524964
5231.545101,24,21.651533
4562.783608,24,21.667072
4863.769867,24,21.682504
3684.810445,24,21.697917
4491.838051,24,21.828081
3526.529373,24,21.843872
3266.232587,24,21.859363
4673.820292,24,21.875018
4130.392882,24,22.008115
3243.791424,24,22.023799
3810.978267,24,22.039281
3770.351503,24,22.055141
4655.921448,24,22.180609
4398.8678,24,22.195989
4406.501228,24,22.212205
3975.717999,24,22.25723
3952.020783,24,22.273181
3999.560487,24,22.414897
4853.843605,24,22.430354
3863.987506,24,22.44585
4097.247203,24,22.461423
4251.99946,24,22.59181
4328.989909,24,22.607433
3476.893184,24,22.622865
3377.883521,24,22.638353
4677.957696,24,22.765101
3652.667387,24,22.780746
3873.567631,24,22.796163
3975.833356,24,22.811578
4006.491047,24,22.943988
4248.643132,24,22.959503
4121.532385,24,22.975044
3109.223145,24,22.990727
4490.547141,24,23.129861
4515.350225,24,23.146928
4397.597102,24,23.162642
3287.474095,24,23.178095
4888.026532,24,23.303657
3949.073187,24,23.318873
3697.649736,24,23.334804
3722.943257,24,23.35268
4467.936107,24,23.368229
4125.389703,24,23.496495
4708.076257,24,23.512142
3642.097754,24,23.527734
3922.690783,24,23.544497
4132.296275,24,23.679555
3908.411213,24,23.695101
3837.171673,24,23.710473
4324.378529,24,23.72595
4009.761356,24,23.859511
4250.238137,24,23.875877
4298.069796,24,23.892123
3984.025927,24,23.907756
4156.831621,24,24.035757
3997.42996,24,24.051352
4300.403004,24,24.066904
4388.264443,24,24.082377
4223.542486,24,24.210165
3988.406662,24,24.226279
3936.099386,24,24.241838
3869.09801,24,24.259374
2951.226477,24,24.395809
4659.996232,24,24.411456
3919.489276,24,24.426866
4552.549024,24,24.442373
3713.947056,24,24.457828
4379.38633,24,24.593613
4911.945904,24,24.609167
4480.687225,24,24.625199
3830.902117,24,24.640979
3869.727952,24,24.776553
3769.459262,24,24.792165
4030.657082,24,24.807626
4174.636111,24,24.82304
4211.189561,24,24.947387
4722.423207,24,24.962958
4231.946616,24,24.978414
4366.517895,24,24.994006
3870.913161,24,25.120894
4222.806264,24,25.1366
4093.033874,24,25.152087
3386.648414,24,25.167522
3980.086642,24,25.301469
4413.426959,24,25.317097
4604.152234,24,25.332694
5015.810182,24,25.34862
4520.835599,24,25.479396
4557.810626,24,25.494941
3710.672334,24,25.510682
4596.478291,24,25.526148
4406.936464,24,25.541807
3985.553351,24,25.669855
3388.550816,24,25.685271
4073.327454,24,25.700737
3712.294073,24,25.716259
4153.16735,24,25.846808
4731.646836,24,25.862311
4555.828977,24,25.877916
3487.647498,24,25.893458
4875.38515,24,26.022389
4437.915503,24,26.037964
4646.851935,24,26.053364
3488.050721,24,26.069623
4666.01793,24,26.197751
4616.883592,24,26.21383
4382.377614,24,26.229617
4382.55173,24,26.245515
4221.028087,24,26.377961
4702.345833,24,26.393789
4568.384246,24,26.409261
3894.72552,24,26.424794
4439.821961,24,26.55596
4645.010992,24,26.571339
3725.170947,24,26.587313
4008.625215,24,26.602821
4453.943333,24,26.618165
4466.131403,24,26.750226
4114.69127,24,26.766096
4776.944991,24,26.781814
4856.855405,24,26.797245
4339.963478,24,26.929155
4697.542719,24,26.944582
4216.088163,24,26.960033
4047.18823,24,26.975714
4579.219535,24,27.102786
3828.279283,24,27.118249
5121.046681,24,27.133776
4256.925259,24,27.149265
3747.742383,24,27.279337
4126.856794,24,27.294935
4302.265944,24,27.310432
4316.247812,24,27.325881
3893.125355,24,27.45745
3584.740443,24,27.473062
4026.830269,24,27.488583
3305.067528,24,27.504057
4403.776333,24,27.633515
3793.913785,24,27.648935
4680.217805,24,27.664547
3825.400463,24,27.680521
3887.394559,24,27.696089
4451.296656,24,27.830976
4316.951089,24,27.846569
4440.023442,24,27.862226
3681.119986,24,27.877787
3293.792299,24,28.007226
4010.160257,24,28.023106
3775.983355,24,28.038703
4564.465682,24,28.054178
3464.091643,24,28.19117
3356.412908,24,28.207437
4043.061205,24,28.222936
4662.003782,24,28.238556
4134.770312,24,28.369047
4574.034483,24,28.384862
4045.782397,24,28.400382
4938.517039,24,28.415825
4143.371694,24,28.544977
3883.373564,24,28.560443
4407.027374,24,28.575914
5077.513102,24,28.591457
4482.278866,24,28.722757
4783.675352,24,28.738269
4561.724624,24,28.753782
4230.701687,24,28.769628
3783.349419,24,28.785378
3527.126284,24,28.914044
3809.299893,24,28.92983
4322.381869,24,28.945301
3799.03327,24,28.960873
4077.482688,24,29.095721
3878.513705,24,29.111156
3818.189005,24,29.126668
3978.860786,24,29.142565
3837.950725,24,29.28027
4840.538407,24,29.295802
4043.914221,24,29.311498
4282.852522,24,29.326964
4137.615496,24,29.455618
4018.049714,24,29.471245
4174.84846,24,29.486974
4316.385255,24,29.50251
4286.624167,24,29.63491
4011.445418,24,29.650571
3937.825438,24,29.666565
3948.961134,24,29.682174
3994.947254,24,29.809092
4196.630503,24,29.824759
4194.678523,24,29.840251
4013.481436,24,29.855803
3790.722435,24,29.871522
4153.893391,24,30.002621
4165.038391,24,30.018504
3740.520434,24,30.033996
4426.7455,24,30.049433
4651.116293,24,30.184781
3969.213296,24,30.200252
4209.022944,24,30.216466
3719.603612,24,30.232836
3869.196066,24,30.369079
4463.404597,24,30.384725
4175.924425,24,30.400252
5167.121603,24,30.415842
3696.299883,24,30.55048
4329.898939,24,30.568966
4899.840414,24,30.585255
3860.816734,24,30.60081
4468.341075,24,30.734609
3650.611412,24,30.750338
3756.254461,24,30.766271
3652.184218,24,30.781924
4782.930234,24,30.914407
4072.381033,24,30.929899
4142.331873,24,30.945378
4207.840808,24,30.961043
3567.429337,24,30.976402
3637.997755,24,31.109844
3693.459819,24,31.13922
4637.679022,24,31.155051
5114.097667,24,31.170559
3456.655742,24,31.302685
4290.35847,24,31.318145
3975.892577,24,31.333556
3782.493604,24,31.34899
3551.138344,24,31.498087
4006.984301,24,31.513866
4418.739995,24,31.529614
4593.089129,24,31.54509
4169.150682,24,31.677406
3861.326979,24,31.693591
3678.679577,24,31.709198
4216.803171,24,31.724624
4596.642712,24,31.857852
3486.052067,24,31.873573
4344.089558,24,31.889318
3588.798375,24,31.90478
4081.105489,24,32.041231
5189.54046,24,32.05699
3813.627188,24,32.072745
3586.723519,24,32.088471
4749.08301,24,32.104025
3823.606768,24,32.238252
4900.282242,24,32.253873
4485.461354,24,32.269452
4159.315552,24,32.286622
3840.228283,24,32.420893
3881.907348,24,32.436382
4948.105088,24,32.451848
4522.19741,24,32.467431
3641.083354,24,32.601077
4509.780994,24,32.617699
3959.690036,24,32.634289
3786.953346,24,32.649944
3560.651732,24,32.781218
4721.059823,24,32.796992
3539.83396,24,32.812389
4344.362317,24,32.827978
3337.246741,24,32.962143
3940.864555,24,32.977738
4424.86734,24,32.993183
3198.421772,24,33.008838
3476.534243,24,33.147337
3971.842285,24,33.163159
3755.161486,24,33.178685
4324.121943,24,33.194242
3712.247792,24,33.209621
3526.19525,24,33.362087
4283.992374,24,33.381018
4247.941792,24,33.399729
3326.870281,24,33.419835
4715.55587,24,33.576664
3934.125623,24,33.594929
3819.30024,24,33.6135
3703.896151,24,33.634733
3428.445418,24,33.791653
3803.357253,24,33.809288
4423.045438,24,33.826395
3592.099469,24,33.843473
3409.642209,24,33.999601
3874.228758,24,34.020127
3767.959774,24,34.04025
4097.121071,24,34.059294
3911.096963,24,34.209324
3464.10558,24,34.228406
3516.630355,24,34.246725
4627.190576,24,34.264708
4383.730437,24,34.407751
4665.187422,24,34.427417
4132.530013,24,34.447686
3611.271194,24,34.468005
3680.462231,24,34.488778
3720.784903,24,34.6356
4018.871687,24,34.652738
3543.018927,24,34.669542
4367.457425,24,34.686926
4661.589484,24,34.822939
3721.810115,24,34.841936
4011.22168,24,34.862265
3473.484598,24,34.882488
4325.2082,24,35.035827
3561.608468,24,35.056245
3800.939313,24,35.074377
4714.250676,24,35.092128
3894.410649,24,35.227146
3639.232237,24,35.244821
4302.950651,24,35.264864
3899.13576,24,35.282852
4089.201571,24,35.437331
4716.352432,24,35.457164
3968.135251,24,35.475516
3959.939519,24,35.49254
4374.56073,24,35.624322
4604.004924,24,35.639834
4937.457957,24,35.655231
4330.760806,24,35.670779
4216.2527,24,35.68677
4470.371067,24,35.822141
4541.961261,24,35.838144
4096.190334,24,35.853675
3884.450361,24,35.869477
3691.355186,24,36.011714
4939.430518,24,36.032056
3693.60065,24,36.052867
4830.104899,24,36.07246
4142.53124,24,36.225763
4161.245862,24,36.244407
4160.717393,24,36.261498
3943.88921,24,36.277448
3839.876554,24,36.407303
4160.141344,24,36.42281
3849.213096,24,36.438427
3719.918235,24,36.454249
3877.622561,24,36.588956
4636.162803,24,36.604503
4391.839073,24,36.620322
3904.306904,24,36.636229
4440.131135,24,36.766902
4445.33451,24,36.782398
4673.269018,24,36.798197
4199.13799,24,36.813923
3621.52326,24,36.829393
3763.665571,24,36.96264
4327.344758,24,36.978206
4434.904565,24,36.993664
4036.939993,24,37.009221
4215.729477,24,37.14465
3454.976278,24,37.1605
4071.521353,24,37.175968
4590.897785,24,37.191407
3909.781186,24,37.350376
4808.810736,24,37.376519
4702.895288,24,37.394564
4605.632621,24,37.411742
4536.881467,24,37.545817
4572.868607,24,37.561869
3419.302982,24,37.577469
4922.244893,24,37.593026
4445.633989,24,37.728155
4267.031586,24,37.74479
3880.366448,24,37.76079
3131.259122,24,37.777199
3992.517011,24,37.928692
4390.110009,24,37.94694
4423.252116,24,37.965743
4224.606084,24,37.985273
3951.463317,24,38.003564
3668.249854,24,38.150189
3554.680517,24,38.168623
3740.212501,24,38.188463
3656.687802,24,38.206869
4314.544885,24,38.350596
4270.430505,24,38.368661
3942.228042,24,38.386279
4946.275815,24,38.403942
4266.015838,24,38.554163
4351.922088,24,38.571756
4459.815362,24,38.589356
4132.683827,24,38.607152
4386.619016,24,38.765082
4442.11853,24,38.783767
3773.44668,24,38.803129
4518.066315,24,38.823156
4558.195923,24,38.974376
4188.911599,24,38.99155
4468.179373,24,39.007803
4552.121878,24,39.023794
4844.312544,24,39.154733
4207.387387,24,39.170842
4841.813937,24,39.189634
4367.944606,24,39.206747
4264.57049,24,39.222992
3908.63895,24,39.360551
3729.887088,24,39.376888
4390.519929,24,39.392496
4116.781971,24,39.408175
3734.603174,24,39.562997
3950.23356,24,39.581622
4872.394094,24,39.600423
4738.127862,24,39.618681
4541.329721,24,39.764374
3799.629471,24,39.780879
3923.131208,24,39.796568
3874.819049,24,39.813264
4213.159417,24,39.942818
4715.917757,24,39.958429
4439.360599,24,39.973899
3755.535214,24,39.989375
4548.036739,24,40.118216
3778.101442,24,40.133901
4074.960764,24,40.149347
4090.427192,24,40.164847
4206.922983,24,40.307444
4881.266033,24,40.325667
4666.339672,24,40.34462
4190.145999,24,40.362899
3802.763708,24,40.381826
5009.439664,24,40.530575
4575.952539,24,40.549368
4049.269782,24,40.568341
4301.170394,24,40.586887
4412.315742,24,40.733956
4941.195039,24,40.751547
3684.471972,24,40.76822
4226.353231,24,40.784188
4218.953882,24,40.933297
4004.808823,24,40.970069
4614.057678,24,40.990708
3781.116496,24,41.009847
4195.0632,24,41.151484
4451.452204,24,41.167218
4887.583593,24,41.183073
3801.898895,24,41.19991
3933.839866,24,41.3383
4428.238689,24,41.356932
4043.759573,24,41.375953
3892.756747,24,41.400876
3934.329976,24,41.565035
4027.122035,24,41.586914
3914.803661,24,41.606158
4488.260458,24,41.624801
4063.101582,24,41.644543
3537.324737,24,41.788741
3467.31939,24,41.806831
3841.867016,24,41.824542
4079.256848,24,41.840553
4350.768509,24,41.983698
4319.991129,24,42.000198
4997.462171,24,42.016358
3613.435813,24,42.032084
4277.938146,24,42.168836
4131.933171,24,42.184405
4623.497194,24,42.199835
3782.842155,24,42.21573
3638.717975,24,42.353692
4244.099923,24,42.369275
4172.776881,24,42.384954
3573.041893,24,42.400543
4207.452076,24,42.534982
3698.988679,24,42.550553
4114.700262,24,42.566275
4116.156997,24,42.581965
4019.915013,24,42.714685
4027.555862,24,42.730331
4867.965055,24,42.745805
3612.622638,24,42.761575
4788.405775,24,42.77703
4346.121245,24,42.91336
4491.904426,24,42.928844
4484.00615,24,42.94456
4403.346741,24,42.960936
3737.767472,24,43.109961
4793.893401,24,43.127635
3772.132309,24,43.144578
4770.589346,24,43.16028
3679.019034,24,43.297876
4272.309012,24,43.313547
4208.920247,24,43.329105
4241.066723,24,43.344547
4042.439708,24,43.478936
4455.266179,24,43.49512
4116.634454,24,43.510687
3254.008853,24,43.52618
3879.151602,24,43.663057
3690.355902,24,43.679193
4030.152928,24,43.694739
2751.420227,24,43.711306
4397.274581,24,43.847807
4474.556709,24,43.863555
4180.725002,24,43.879307
4017.833423,24,43.895063
4155.681516,24,43.910622
4129.381825,24,44.046111
4251.668677,24,44.061881
4391.284402,24,44.077663
4168.219034,24,44.093207
4024.8106,24,44.225236
4654.132826,24,44.241144
4097.367623,24,44.257547
4498.272111,24,44.273101
3402.081995,24,44.40951
5091.82147,24,44.425197
4492.931172,24,44.440808
4031.226489,24,44.4564
4241.274977,24,44.595834
4129.393693,24,44.611825
2839.61026,24,44.628847
4325.609393,24,44.644772
4567.910414,24,44.783654
3290.955025,24,44.799168
4174.943417,24,44.814936
4797.497033,24,44.830539
4253.831187,24,44.964174
4272.744738,24,44.979919
3682.498786,24,44.995371
3832.545556,24,45.010987
3987.514076,24,45.026582
3884.906787,24,45.164184
4411.338261,24,45.179912
3280.045877,24,45.195513
4775.231702,24,45.211034
4453.119514,24,45.344914
4957.378789,24,45.360388
3960.657524,24,45.376096
4121.969415,24,45.391582
3981.499606,24,45.528551
3933.749906,24,45.544285
4771.109321,24,45.559825
3330.086545,24,45.575511
4822.837592,24,45.707402
4432.729231,24,45.722939
4574.586258,24,45.738539
4045.745968,24,45.754021
3451.975941,24,45.89126
4095.015205,24,45.906921
3623.138724,24,45.922665
3895.323425,24,45.938345
3532.557977,24,46.073735
3648.171463,24,46.08979
4318.949305,24,46.105416
4428.536833,24,46.120983
4312.791424,24,46.13682
3619.157882,24,46.26794
4439.240512,24,46.283588
3944.840132,24,46.299544
4146.235666,24,46.315236
3884.02414,24,46.449479
3505.438922,24,46.464947
4532.650412,24,46.480427
4207.428881,24,46.495828
3904.167195,24,46.671679
4385.370827,24,46.688623
4535.993461,24,46.704259
4554.015968,24,46.719871
4094.470686,24,46.855213
3587.216033,24,46.871171
4639.670131,24,46.886771
4512.028288,24,46.902306
4425.723996,24,47.036928
3530.514774,24,47.052641
4370.10599,24,47.068935
5068.719903,24,47.084735
5024.456054,24,47.221675
4157.934185,24,47.237119
4479.75629,24,47.25262
3500.935401,24,47.268486
5163.050441,24,47.283981
4237.099212,24,47.413787
3941.360819,24,47.429418
4067.531187,24,47.44762
4352.382404,24,47.463894
4197.021867,24,47.614676
4289.645606,24,47.636658
4212.316509,24,47.65409
4451.02192,24,47.671096
4282.454588,24,47.814858
4138.562026,24,47.831547
4441.017513,24,47.847371
4741.936879,24,47.86301
4697.627604,24,48.000512
4368.441701,24,48.016954
3984.337644,24,48.03364
4371.324477,24,48.04981
3716.11247,24,48.191911
4225.643732,24,48.209027
4598.178954,24,48.22558
4694.268525,24,48.242074
4077.845349,24,48.38977
4352.40875,24,48.407448
4373.147443,24,48.425355
3656.790737,24,48.44313
3911.774247,24,48.461133
4284.283532,24,48.607936
3736.407495,24,48.627103
4629.887513,24,48.647302
3821.105134,24,48.665677
4703.2354,24,48.811911
4061.189019,24,48.830045
4401.01572,24,48.848281
4109.743892,24,48.871076
4803.889122,24,49.015089
4108.70554,24,49.032352
4221.075153,24,49.048949
3764.745366,24,49.064862
4817.579658,24,49.202579
4782.838619,24,49.219912
4237.084885,24,49.236555
4759.521728,24,49.253649
4481.524449,24,49.395593
4463.959879,24,49.412025
4067.584769,24,49.428701
4124.558847,24,49.444723
3470.80906,24,49.5771
3754.425458,24,49.59379
4101.030579,24,49.609647
4784.517188,24,49.625551
4789.46981,24,49.641498
4252.256306,24,49.779419
4376.449983,24,49.795258
4006.357836,24,49.811217
4225.936812,24,49.827075
4210.668162,24,49.975944
4158.792919,24,49.992697
3881.162592,24,50.008645
4767.313107,24,50.024321
4283.133384,24,50.160489
3721.465336,24,50.176962
3574.660894,24,50.193021
4403.282971,24,50.209022
4927.979044,24,50.344556
3602.852957,24,50.360968
3761.121537,24,50.377019
3964.712551,24,50.39303
3710.747064,24,50.528355
3567.556323,24,50.544326
4784.525616,24,50.560252
3780.072913,24,50.578316
4724.506503,24,50.714857
4856.827604,24,50.730879
4693.819186,24,50.746867
3594.213545,24,50.762925
4907.109074,24,50.77869
4237.028652,24,50.913405
4255.627188,24,50.929142
3970.631171,24,50.945843
4162.509977,24,50.987854
2371.413005,24,51.121493
4122.84065,24,51.137495
3441.811833,24,51.153273
4184.279765,24,51.169039
4627.189408,24,51.306233
3936.038588,24,51.322253
3899.583579,24,51.338354
4151.708009,24,51.354315
4682.447693,24,51.504595
4378.622578,24,51.520886
4953.007003,24,51.536867
3803.192938,24,51.55338
3366.89377,24,51.689776
4357.383349,24,51.706104
4317.846415,24,51.722049
4111.865072,24,51.738968
5118.993826,24,51.874243
4814.029706,24,51.890918
3697.558274,24,51.906927
4156.874563,24,51.922758
4383.329367,24,51.938638
3980.88266,24,52.077769
3555.312565,24,52.09508
4395.665517,24,52.111541
3680.372094,24,52.1274
4287.028552,24,52.262272
4545.38557,24,52.278131
3337.255775,24,52.294276
3709.743298,24,52.310034
3346.05024,24,52.448689
4489.434191,24,52.46457
4130.084023,24,52.480505
4357.712549,24,52.496377
3389.022833,24,52.632276
3942.737516,24,52.649323
4160.043599,24,52.665381
4020.777056,24,52.682419
5007.154645,24,52.818227
3705.394533,24,52.833818
4231.569032,24,52.85015
4476.196211,24,52.865813
4257.371052,24,53.001302
4578.465683,24,53.016905
3192.101482,24,53.032418
4165.455548,24,53.048089
3817.902218,24,53.063625
3956.760947,24,53.201454
3261.442085,24,53.216992
4038.095301,24,53.232496
4667.858007,24,53.24793
4323.734997,24,53.398857
3786.220456,24,53.419602
3872.667015,24,53.437031
4666.626727,24,53.459989
3920.91349,24,53.596097
4012.664215,24,53.611851
4362.386236,24,53.630781
4273.092471,24,53.648017
3613.163289,24,53.782607
3757.824306,24,53.798312
3522.813189,24,53.81392
4364.150808,24,53.829479
4187.52604,24,53.967219
4231.821249,24,53.982797
4477.860386,24,53.998246
3624.895332,24,54.013925
4337.407454,24,54.148314
3379.072181,24,54.164093
4918.755167,24,54.179803
4822.044411,24,54.19528
4321.764369,24,54.211075
3574.067209,24,54.343261
3807.793784,24,54.360659
3480.012357,24,54.376778
3958.775111,24,54.392356
3576.485241,24,54.527161
4366.254641,24,54.542646
4649.128887,24,54.558182
4032.138862,24,54.573717
3663.668612,24,54.706132
4111.835129,24,54.72166
4084.510129,24,54.737312
4697.777384,24,54.75271
3936.699073,24,54.889403
4355.711299,24,54.90494
2845.685232,24,54.920479
4992.465505,24,54.935839
3547.733107,24,55.071636
4634.982483,24,55.08731
3910.393465,24,55.103262
4461.469644,24,55.118789
4405.02909,24,55.253719
4436.120555,24,55.269396
4818.222524,24,55.287917
4038.737138,24,55.306152
4688.454775,24,55.323014
4084.917361,24,55.461101
4096.75884,24,55.476565
3785.392347,24,55.49215
4790.3333,24,55.507701
4080.663436,24,55.643242
3999.317449,24,55.65881
3744.120022,24,55.67446
4579.132284,24,55.689891
4444.859966,24,55.828942
4494.508592,24,55.844665
3963.735759,24,55.860914
4378.398789,24,55.876701
4442.630323,24,56.012602
3684.631827,24,56.028259
3721.88299,24,56.043898
4171.548677,24,56.059485
4332.392475,24,56.195495
4486.242868,24,56.211224
3963.996702,24,56.226908
4602.481162,24,56.242311
4255.81526,24,56.378713
5062.263324,24,56.3946
3208.902624,24,56.410493
4044.316986,24,56.426091
4046.187061,24,56.441552
