#{"t_start": 1624253452.250064, "env_id": "ElectricityMarket-v0"}
r,l,t
-532.200959,24,0.549736
-568.487614,24,0.560101
-447.679122,24,0.591392
-459.749218,24,0.601341
-529.206838,24,0.610716
-978.204507,24,0.619825
-500.640186,24,0.628746
-314.664647,24,0.637979
-101.996062,24,0.842704
18.184503,24,0.850042
112.873364,24,0.857588
-260.862972,24,0.864979
-45.01677,24,0.957547
43.159641,24,0.964894
90.656141,24,0.972214
33.133551,24,0.979488
455.480102,24,1.103789
364.602401,24,1.111689
256.218742,24,1.119108
216.016172,24,1.126416
437.875987,24,1.218488
398.190235,24,1.227414
298.674306,24,1.242159
299.066582,24,1.252206
614.541597,24,1.263021
289.873435,24,1.359658
221.991494,24,1.367065
523.647489,24,1.374372
637.424227,24,1.38166
565.739717,24,1.473913
408.938437,24,1.481245
405.398223,24,1.488547
336.315983,24,1.495842
272.368317,24,1.58773
603.465839,24,1.595049
260.603509,24,1.602336
371.735995,24,1.609621
291.502547,24,1.700974
680.366399,24,1.708377
347.795793,24,1.715754
574.565865,24,1.723042
287.484264,24,1.81425
530.916387,24,1.821905
635.609189,24,1.829307
538.827994,24,1.836754
623.24739,24,1.929157
546.684365,24,1.936481
413.240333,24,1.943759
340.772715,24,1.951082
392.483631,24,1.958426
504.455784,24,2.053165
599.750336,24,2.06061
377.655485,24,2.068356
196.138603,24,2.076168
454.937219,24,2.185565
390.928769,24,2.192998
376.31397,24,2.200409
541.629932,24,2.207852
665.372452,24,2.301014
349.43177,24,2.30846
284.177945,24,2.315867
652.911685,24,2.323454
444.268423,24,2.415703
401.801294,24,2.42303
261.299172,24,2.430348
453.482016,24,2.437646
288.692031,24,2.531208
474.223806,24,2.538592
433.769223,24,2.545931
361.251052,24,2.553264
428.840643,24,2.646535
412.621882,24,2.654107
507.331171,24,2.661549
386.2573,24,2.668969
225.181842,24,2.676404
494.623117,24,2.77065
461.868914,24,2.778019
512.725957,24,2.785341
476.263931,24,2.793191
513.082096,24,2.893751
569.480379,24,2.901336
261.96444,24,2.909129
228.010111,24,2.916578
124.412997,24,3.010608
262.943513,24,3.018043
388.288978,24,3.025441
251.375097,24,3.033131
554.694725,24,3.1293
463.423315,24,3.136682
389.369108,24,3.144032
578.973075,24,3.151341
634.1171,24,3.245936
254.468126,24,3.253634
314.097967,24,3.260993
392.159335,24,3.268461
145.531648,24,3.363135
224.746779,24,3.370606
258.136195,24,3.377999
300.294066,24,3.385383
409.896178,24,3.392771
492.001661,24,3.487979
469.694252,24,3.495325
453.5034,24,3.50268
535.94354,24,3.509957
174.334299,24,3.604375
540.688924,24,3.611801
341.498704,24,3.61919
302.897904,24,3.626576
313.681376,24,3.744173
561.354491,24,3.751978
402.108847,24,3.761511
436.107279,24,3.771092
584.476563,24,3.883257
499.867344,24,3.891825
438.114585,24,3.899933
487.125286,24,3.908177
359.785088,24,4.02142
498.748924,24,4.029333
543.472865,24,4.038878
75.812095,24,4.047394
485.552823,24,4.158573
312.762974,24,4.166343
375.372839,24,4.175826
524.634886,24,4.187021
603.834679,24,4.195964
425.611484,24,4.304125
537.959737,24,4.312916
555.421579,24,4.320557
549.150601,24,4.328085
535.983399,24,4.435891
365.868835,24,4.443648
388.46683,24,4.452981
393.902707,24,4.46109
237.072297,24,4.57262
371.690686,24,4.580677
341.519741,24,4.592354
304.28163,24,4.600295
411.409635,24,4.713216
398.161277,24,4.721324
606.349356,24,4.730701
422.267889,24,4.738707
229.878193,24,4.847502
409.623066,24,4.855758
496.55437,24,4.866136
394.626783,24,4.874598
431.622548,24,4.982848
498.618289,24,4.990482
549.334823,24,4.997811
463.761456,24,5.007099
507.263393,24,5.016033
432.422082,24,5.132489
175.400194,24,5.140598
532.66922,24,5.150573
497.330197,24,5.158631
434.404879,24,5.271356
206.830546,24,5.27945
305.111551,24,5.288386
416.02072,24,5.296789
396.996612,24,5.407189
452.930835,24,5.414757
471.110556,24,5.4221
379.476028,24,5.432013
236.441785,24,5.543438
385.409994,24,5.55155
393.052467,24,5.559577
236.960305,24,5.568266
499.599422,24,5.685515
504.101393,24,5.692942
415.597385,24,5.701796
575.700352,24,5.709805
314.897654,24,5.822435
578.840199,24,5.830054
317.730545,24,5.840404
132.148284,24,5.848313
304.05495,24,5.856329
466.052831,24,5.964053
544.02109,24,5.972725
439.459202,24,5.981545
371.059524,24,5.989549
430.563662,24,6.099968
447.090084,24,6.107878
233.700907,24,6.115205
390.058153,24,6.122538
566.558393,24,6.230811
514.234508,24,6.23892
521.942751,24,6.246442
586.967308,24,6.255685
398.151967,24,6.354977
531.734886,24,6.362343
120.556256,24,6.369669
433.342605,24,6.377055
536.581416,24,6.474136
638.418943,24,6.48184
331.229577,24,6.48931
519.13128,24,6.496631
117.133685,24,6.595044
321.254836,24,6.602973
467.848788,24,6.610311
689.695854,24,6.617707
406.344285,24,6.625033
502.431661,24,6.723921
387.982068,24,6.731335
529.239235,24,6.738924
362.4594,24,6.746686
391.911486,24,6.84623
535.670704,24,6.85415
384.752677,24,6.861615
702.83607,24,6.869165
305.859805,24,6.968766
389.065691,24,6.976396
474.322611,24,6.983733
410.305713,24,6.991054
439.864177,24,7.09038
499.82851,24,7.097893
360.062516,24,7.105712
311.516819,24,7.113117
518.470597,24,7.2118
654.493628,24,7.21925
425.718782,24,7.226653
307.180709,24,7.234138
304.386332,24,7.332409
361.290404,24,7.340216
161.553497,24,7.347558
458.121901,24,7.354894
476.720703,24,7.362579
554.169178,24,7.460872
581.105445,24,7.468368
459.237489,24,7.475674
387.962275,24,7.482968
478.021746,24,7.581396
513.874733,24,7.588834
690.132362,24,7.59613
385.474088,24,7.60342
546.164904,24,7.702665
543.250969,24,7.710473
565.45931,24,7.71778
353.683213,24,7.725075
618.105661,24,7.835725
166.548235,24,7.843209
550.119903,24,7.850514
357.666848,24,7.857896
448.751513,24,7.961835
359.990122,24,7.969418
-75.169457,24,7.977243
587.64968,24,7.984651
420.134523,24,8.083322
205.695511,24,8.090795
459.280577,24,8.09812
645.759758,24,8.105652
541.474474,24,8.113252
512.655351,24,8.211325
276.360558,24,8.218745
453.197409,24,8.226103
177.09682,24,8.233612
216.804795,24,8.331813
415.990783,24,8.339535
570.469056,24,8.346907
448.724301,24,8.354241
643.173094,24,8.453998
241.426242,24,8.461508
95.087804,24,8.468827
339.130368,24,8.476599
209.671809,24,8.575637
532.471824,24,8.583266
472.064224,24,8.591512
253.691179,24,8.598845
336.475601,24,8.697248
427.210191,24,8.707264
601.019311,24,8.716451
598.961267,24,8.725017
295.774838,24,8.829899
294.13449,24,8.837675
637.320563,24,8.844998
600.743335,24,8.852384
327.479057,24,8.860032
236.713254,24,8.968011
442.429917,24,8.976077
441.448236,24,8.983681
609.115151,24,8.99145
523.324107,24,9.093618
688.323531,24,9.101093
588.170036,24,9.108553
452.25183,24,9.115977
428.637174,24,9.21327
396.281417,24,9.220619
234.601918,24,9.22793
602.440926,24,9.235952
204.123246,24,9.334819
284.045563,24,9.342378
506.408566,24,9.349704
437.342397,24,9.357017
453.44611,24,9.453508
264.432359,24,9.461091
395.854731,24,9.468418
281.412344,24,9.475741
221.195277,24,9.571979
496.591644,24,9.579347
535.866997,24,9.586981
268.602662,24,9.594444
430.566659,24,9.601762
177.86211,24,9.699
473.277187,24,9.706685
207.14326,24,9.714071
357.690193,24,9.721391
348.710089,24,9.819149
261.115521,24,9.826575
525.50084,24,9.834287
503.338276,24,9.84186
338.430445,24,9.940742
592.714249,24,9.948159
373.980643,24,9.955673
600.326444,24,9.963038
587.372287,24,10.061454
420.205107,24,10.068848
468.743605,24,10.07637
456.178063,24,10.084092
256.890825,24,10.18186
441.620185,24,10.189308
555.944664,24,10.19671
638.965807,24,10.204143
336.324968,24,10.301289
439.833701,24,10.308664
645.588991,24,10.315999
461.343476,24,10.323299
642.92588,24,10.330791
-66.834387,24,10.429864
552.720215,24,10.437393
645.389083,24,10.445126
412.479068,24,10.452814
381.234003,24,10.555918
442.354799,24,10.563289
363.631316,24,10.570693
354.801884,24,10.578119
248.295121,24,10.681166
480.561978,24,10.688599
452.468074,24,10.695973
480.764973,24,10.705332
225.815604,24,10.812586
281.199527,24,10.820659
613.60825,24,10.828343
672.553745,24,10.836785
449.186075,24,10.939363
495.943501,24,10.946716
473.35682,24,10.954037
417.472834,24,10.961467
268.140704,24,11.060765
442.53254,24,11.068167
703.807967,24,11.075563
438.664587,24,11.083162
410.290107,24,11.090694
602.385284,24,11.188854
264.49301,24,11.196211
434.367444,24,11.203536
181.566475,24,11.211094
487.663952,24,11.30867
322.520097,24,11.316024
380.326085,24,11.323338
440.973221,24,11.330776
360.821437,24,11.439878
367.695458,24,11.447336
624.749744,24,11.455037
353.79998,24,11.46252
464.465769,24,11.55974
184.803449,24,11.567083
566.366503,24,11.574391
399.12988,24,11.581855
571.193265,24,11.682052
292.422762,24,11.689514
400.142369,24,11.696867
390.51494,24,11.704311
416.271819,24,11.801683
326.175121,24,11.809037
392.201398,24,11.816382
416.898271,24,11.823716
110.632285,24,11.83119
181.72701,24,11.930527
266.817547,24,11.937945
537.896195,24,11.945343
663.48732,24,11.952732
332.1962,24,12.053529
382.210024,24,12.061416
720.764453,24,12.069207
312.126416,24,12.076541
372.401439,24,12.203222
444.491541,24,12.212496
220.731891,24,12.222097
552.008727,24,12.232363
384.37737,24,12.353805
261.50974,24,12.361582
521.851162,24,12.378116
462.357225,24,12.38699
521.096059,24,12.490374
245.31194,24,12.497709
524.981934,24,12.505458
498.841933,24,12.51281
428.678212,24,12.611458
647.270844,24,12.61876
232.361089,24,12.626036
315.708314,24,12.633316
398.029448,24,12.640596
457.810955,24,12.738992
386.125113,24,12.746336
504.582996,24,12.753656
206.506082,24,12.761187
276.046501,24,12.860985
581.456573,24,12.868329
327.184689,24,12.875631
370.259236,24,12.882917
507.516117,24,12.984979
528.819161,24,12.992311
533.670982,24,12.999607
441.219925,24,13.006906
624.670037,24,13.108087
335.140028,24,13.115534
327.383958,24,13.122876
235.432599,24,13.13019
503.583648,24,13.267241
247.379868,24,13.276208
273.458732,24,13.286477
360.698054,24,13.296329
302.178355,24,13.402558
226.875633,24,13.409927
208.166796,24,13.417309
493.256557,24,13.424616
427.904031,24,13.431918
406.796555,24,13.530163
472.46426,24,13.537475
512.168576,24,13.544756
284.046972,24,13.552021
632.190246,24,13.650781
558.309147,24,13.658377
394.704925,24,13.665782
446.598789,24,13.673048
455.957681,24,13.772139
366.338544,24,13.779675
601.211709,24,13.787006
364.117557,24,13.79429
393.420849,24,13.892721
597.663457,24,13.90003
405.264376,24,13.907359
531.258759,24,13.914683
467.34273,24,14.013276
623.670914,24,14.020622
326.640987,24,14.028103
263.512535,24,14.035914
445.297482,24,14.136255
537.847966,24,14.143565
573.77413,24,14.150842
488.330538,24,14.158124
360.769432,24,14.165391
528.756726,24,14.265235
449.771159,24,14.272848
275.877342,24,14.280551
481.37428,24,14.287843
259.710737,24,14.386901
19.678516,24,14.394213
542.516237,24,14.401537
200.94225,24,14.408837
217.665621,24,14.507715
398.68849,24,14.515018
289.496079,24,14.5223
380.789009,24,14.529612
374.84006,24,14.62806
359.309468,24,14.635355
482.688299,24,14.642617
385.121762,24,14.649856
181.003956,24,14.749398
253.556247,24,14.756751
245.240743,24,14.764226
472.870937,24,14.771565
293.830894,24,14.871799
410.031475,24,14.87913
549.720959,24,14.886513
391.666808,24,14.893828
410.70712,24,14.901097
283.673738,24,14.999476
493.168508,24,15.006798
581.555548,24,15.014086
392.716906,24,15.021366
325.0095,24,15.12019
264.066679,24,15.127726
488.103467,24,15.135
167.754568,24,15.142251
327.387916,24,15.24122
687.142346,24,15.24852
531.650631,24,15.255842
320.458247,24,15.263106
327.395852,24,15.36531
317.623905,24,15.373187
508.939532,24,15.381082
310.088652,24,15.38882
623.72605,24,15.500084
329.960037,24,15.508167
429.249105,24,15.51631
486.261223,24,15.524534
635.313103,24,15.632397
309.306769,24,15.640197
438.429297,24,15.647714
627.342518,24,15.65514
409.234254,24,15.662563
343.563921,24,15.760315
534.015713,24,15.767719
539.815379,24,15.775039
539.366678,24,15.784515
476.877239,24,15.891689
456.20434,24,15.899596
222.041679,24,15.906915
243.69091,24,15.914201
310.458936,24,16.011724
453.364497,24,16.019019
514.625859,24,16.026296
429.213087,24,16.033909
448.363104,24,16.132632
418.945812,24,16.140617
408.564109,24,16.147933
150.277615,24,16.155227
476.667099,24,16.256412
398.100799,24,16.263724
429.135307,24,16.271002
316.701573,24,16.278413
530.02711,24,16.378129
577.695202,24,16.385478
328.234758,24,16.392807
485.314734,24,16.400124
391.107328,24,16.407463
507.67929,24,16.50757
331.18741,24,16.515171
483.270057,24,16.522498
389.269933,24,16.529805
569.344913,24,16.628228
353.720636,24,16.635558
236.268792,24,16.642876
466.9026,24,16.650189
336.291205,24,16.748242
503.24641,24,16.755586
479.697731,24,16.762905
299.802555,24,16.77025
240.404288,24,16.868945
344.039317,24,16.876292
428.866284,24,16.883624
408.114361,24,16.890942
680.774795,24,16.989557
219.294961,24,16.996835
309.363121,24,17.004096
516.21588,24,17.011357
455.496261,24,17.109424
451.851263,24,17.117078
456.509428,24,17.124557
473.299656,24,17.131851
106.70105,24,17.13962
467.655458,24,17.239694
451.49361,24,17.247071
411.502052,24,17.254341
503.485725,24,17.261564
605.436359,24,17.360431
537.531098,24,17.367658
512.786174,24,17.374874
506.366914,24,17.382086
502.244725,24,17.479349
318.650848,24,17.486579
343.170135,24,17.493795
598.669613,24,17.500993
159.707464,24,17.59868
656.865692,24,17.6061
171.642719,24,17.613319
648.37173,24,17.620566
531.476703,24,17.719146
541.73678,24,17.726474
545.276657,24,17.733806
314.385107,24,17.741096
557.568245,24,17.850682
341.133868,24,17.858601
244.501757,24,17.865866
424.619574,24,17.873102
433.6875,24,17.880318
156.557367,24,17.98324
357.304844,24,17.990535
659.962558,24,17.997844
592.913752,24,18.005207
248.146585,24,18.107717
388.800146,24,18.115249
376.392645,24,18.122647
332.482095,24,18.129873
435.557987,24,18.227254
371.021876,24,18.234586
233.106857,24,18.241883
464.711465,24,18.249159
369.671383,24,18.348434
369.853133,24,18.355958
288.865988,24,18.363289
494.516045,24,18.370619
355.532018,24,18.469116
286.084801,24,18.47636
534.668787,24,18.483647
444.060783,24,18.490973
377.752196,24,18.589155
537.998822,24,18.59641
397.173998,24,18.603636
591.445906,24,18.611172
354.539002,24,18.61846
-7.532415,24,18.716592
370.168601,24,18.723851
494.924493,24,18.731095
412.138951,24,18.738323
579.419593,24,18.850027
335.94908,24,18.858031
601.262608,24,18.865913
417.326328,24,18.873691
340.545603,24,18.97316
559.848345,24,18.980505
284.348302,24,18.98778
352.268011,24,18.995044
538.297999,24,19.092373
559.284048,24,19.099696
571.875619,24,19.10751
690.241924,24,19.115543
583.297308,24,19.212711
412.980621,24,19.220032
-31.275025,24,19.227299
579.383884,24,19.234521
498.301307,24,19.331517
180.134237,24,19.338877
600.969094,24,19.346174
482.359124,24,19.353411
451.45237,24,19.360812
368.239599,24,19.456956
402.770816,24,19.464229
352.648223,24,19.471498
554.342295,24,19.478704
195.552037,24,19.574695
571.70945,24,19.582131
325.509065,24,19.58938
481.393778,24,19.596645
355.834664,24,19.694872
387.67311,24,19.702311
329.600731,24,19.710441
594.522451,24,19.717992
375.785581,24,19.814471
487.144734,24,19.821764
261.749184,24,19.829004
647.697703,24,19.83643
419.910589,24,19.948441
88.335909,24,19.956636
250.412804,24,19.9639
380.214933,24,19.971154
619.247375,24,20.0685
475.237035,24,20.075762
578.2096,24,20.083436
472.892753,24,20.090698
333.918742,24,20.097916
164.729531,24,20.195816
312.128753,24,20.203103
486.424199,24,20.210469
466.416974,24,20.217736
351.682534,24,20.315064
410.321447,24,20.322355
338.746849,24,20.329645
448.012091,24,20.337068
238.160372,24,20.438031
598.296312,24,20.445457
305.949468,24,20.453048
464.244305,24,20.460503
606.491402,24,20.562493
193.151566,24,20.570016
418.889283,24,20.577285
94.957568,24,20.584665
467.3555,24,20.688163
237.162495,24,20.696072
250.099231,24,20.703918
516.345169,24,20.711733
585.117989,24,20.813323
490.44992,24,20.820631
496.088076,24,20.827907
467.323508,24,20.835327
457.174175,24,20.842598
490.244415,24,20.940777
500.726842,24,20.948044
505.516634,24,20.955258
578.279364,24,20.962668
291.587738,24,21.062503
240.911622,24,21.06986
490.089093,24,21.077214
540.638732,24,21.084929
467.942718,24,21.183347
564.571137,24,21.190703
361.271401,24,21.198158
253.363084,24,21.205415
303.899549,24,21.305279
155.515991,24,21.312683
419.345409,24,21.31999
182.798287,24,21.32725
373.576259,24,21.436407
271.865071,24,21.443691
472.841633,24,21.450924
503.8103,24,21.459646
518.181558,24,21.556999
342.164721,24,21.564285
470.240705,24,21.571538
676.926248,24,21.578766
236.54443,24,21.586093
456.462699,24,21.683928
324.630691,24,21.691419
473.218891,24,21.698691
654.786718,24,21.706093
305.331336,24,21.803652
371.300206,24,21.810959
322.605752,24,21.818215
578.346206,24,21.825538
491.158459,24,21.923819
550.516924,24,21.931191
261.306105,24,21.938512
401.732306,24,21.945814
520.782318,24,22.043699
569.353608,24,22.051248
242.452433,24,22.058541
379.947735,24,22.066501
429.102495,24,22.171404
409.203102,24,22.186885
430.516019,24,22.1956
469.279685,24,22.202936
396.209928,24,22.306315
292.811722,24,22.31414
674.957212,24,22.321951
411.568858,24,22.329798
390.955859,24,22.337747
603.034769,24,22.4416
525.882986,24,22.449178
508.485332,24,22.45734
604.318185,24,22.465269
606.147677,24,22.568995
378.063991,24,22.576847
365.383675,24,22.584824
340.420601,24,22.592611
686.731109,24,22.697373
385.104008,24,22.705289
500.535536,24,22.713458
240.89432,24,22.72126
437.313624,24,22.825984
558.379614,24,22.834349
727.200331,24,22.842088
545.395347,24,22.850059
404.260095,24,22.953601
603.787937,24,22.961132
412.749818,24,22.968933
406.654976,24,22.976609
436.398575,24,23.074906
262.148262,24,23.082384
555.218238,24,23.089633
540.640282,24,23.096935
644.419333,24,23.104169
441.074155,24,23.201943
621.36197,24,23.209352
650.719142,24,23.216611
348.323152,24,23.223896
515.330147,24,23.321312
397.908317,24,23.328616
449.758409,24,23.336065
508.65716,24,23.343345
398.184299,24,23.44379
396.124356,24,23.451582
-99.379182,24,23.459084
530.162976,24,23.466392
297.889578,24,23.563698
592.744484,24,23.570996
524.996296,24,23.578308
431.570365,24,23.585705
595.080059,24,23.684783
314.866277,24,23.692094
316.218424,24,23.699349
605.651034,24,23.706738
492.908002,24,23.804491
316.894025,24,23.811872
234.531238,24,23.819195
399.619238,24,23.826497
527.433411,24,23.833891
663.80737,24,23.93337
415.226548,24,23.940671
405.226003,24,23.947917
362.611061,24,23.955167
312.351922,24,24.052783
467.770231,24,24.060286
484.669811,24,24.067558
473.212137,24,24.074816
399.31664,24,24.1739
459.456384,24,24.181198
537.616384,24,24.18845
399.025307,24,24.195696
349.369737,24,24.292548
300.054242,24,24.299897
388.096278,24,24.307237
311.139027,24,24.31456
316.847128,24,24.411742
471.971866,24,24.419079
290.856776,24,24.426335
332.076339,24,24.43408
274.378502,24,24.532197
584.161434,24,24.539496
527.731913,24,24.546735
389.280707,24,24.553963
261.378341,24,24.561249
466.442007,24,24.658463
556.370395,24,24.665759
547.384891,24,24.67302
515.470174,24,24.680272
562.842852,24,24.778556
490.145958,24,24.785935
348.224408,24,24.793455
509.91595,24,24.800749
407.784296,24,24.898801
191.617041,24,24.906104
544.338168,24,24.913906
525.719491,24,24.921501
458.587962,24,25.019712
421.720851,24,25.027069
386.20761,24,25.03437
420.063922,24,25.041673
288.985398,24,25.139911
352.182704,24,25.147217
682.493801,24,25.154481
285.624731,24,25.161738
464.162765,24,25.259972
498.777921,24,25.267523
414.95844,24,25.274799
323.858914,24,25.282061
368.0582,24,25.289517
376.469966,24,25.387704
333.442762,24,25.395066
369.209754,24,25.403441
371.544033,24,25.411319
509.314534,24,25.509079
302.273565,24,25.516392
384.926623,24,25.523664
425.65221,24,25.530926
508.466435,24,25.655881
311.127092,24,25.669234
276.378048,24,25.683498
308.642465,24,25.695938
71.480906,24,25.802295
450.203949,24,25.810097
357.930159,24,25.817835
571.83865,24,25.825507
571.989212,24,25.930432
493.607544,24,25.938412
297.607758,24,25.946262
307.466293,24,25.953869
228.352368,24,26.06315
395.83733,24,26.070656
438.509708,24,26.078048
551.948251,24,26.085591
416.724721,24,26.092961
298.835805,24,26.190934
454.633172,24,26.198364
188.008839,24,26.205878
584.028352,24,26.213342
398.75141,24,26.315266
430.480982,24,26.322612
37.749119,24,26.329918
655.673703,24,26.337303
561.946578,24,26.435583
357.48347,24,26.44297
415.838423,24,26.450287
538.589903,24,26.458865
356.512621,24,26.574949
199.661986,24,26.582345
592.06813,24,26.589626
279.146312,24,26.596963
664.305904,24,26.695101
316.271878,24,26.702424
361.470576,24,26.709879
554.325659,24,26.717147
521.590038,24,26.814541
567.214489,24,26.821954
495.637367,24,26.829298
290.966916,24,26.837484
313.009666,24,26.844857
629.708807,24,26.943801
596.622728,24,26.951113
474.040407,24,26.958546
567.946802,24,26.965832
255.823035,24,27.063321
549.448412,24,27.070622
389.431512,24,27.077864
226.654387,24,27.085232
501.635157,24,27.182954
265.788656,24,27.190324
696.539587,24,27.197622
491.277679,24,27.205035
300.219905,24,27.310329
265.629079,24,27.332514
352.143893,24,27.358465
494.599996,24,27.368257
332.309743,24,27.468543
407.418177,24,27.476288
60.215802,24,27.483625
459.144317,24,27.490926
276.198236,24,27.588472
585.433114,24,27.595769
579.430131,24,27.603051
471.888029,24,27.610288
560.495877,24,27.617519
248.335717,24,27.720634
427.598862,24,27.729758
627.70837,24,27.738242
489.098297,24,27.746289
581.292587,24,27.853686
323.328414,24,27.861699
266.267266,24,27.869879
480.914185,24,27.877888
570.300126,24,27.983609
350.94785,24,27.991418
341.937699,24,28.004457
448.656418,24,28.016056
540.407502,24,28.119128
493.242194,24,28.126791
327.248227,24,28.134308
436.272694,24,28.141618
210.234594,24,28.239248
237.365632,24,28.246587
553.909593,24,28.253903
427.53567,24,28.261355
474.049778,24,28.358808
295.350618,24,28.366101
234.48308,24,28.37338
610.020525,24,28.380627
489.365949,24,28.388331
531.65175,24,28.487605
357.161862,24,28.494962
638.91492,24,28.50226
551.553686,24,28.509578
312.695895,24,28.607049
318.042504,24,28.61435
316.659564,24,28.621592
305.135167,24,28.628835
641.387707,24,28.727543
408.921429,24,28.735015
604.541613,24,28.742321
448.613849,24,28.749639
555.547662,24,28.847839
365.627443,24,28.855704
306.80399,24,28.862983
432.851106,24,28.870258
66.212644,24,28.972903
285.621916,24,28.98021
593.826779,24,28.987495
616.790427,24,28.994737
93.250051,24,29.092051
104.609802,24,29.099495
278.367782,24,29.10712
742.054212,24,29.114369
609.412798,24,29.121608
367.303133,24,29.220106
454.142909,24,29.227516
496.428001,24,29.235386
188.546671,24,29.242665
430.211879,24,29.341085
516.947395,24,29.34838
761.557514,24,29.355662
429.385945,24,29.362903
393.881824,24,29.461014
345.208121,24,29.468321
99.708782,24,29.475592
546.665276,24,29.482817
566.657351,24,29.580327
439.913744,24,29.588019
539.981509,24,29.595289
351.666608,24,29.602562
390.043273,24,29.700363
480.766406,24,29.707852
391.076706,24,29.715154
457.292164,24,29.723149
346.427408,24,29.820834
586.584027,24,29.828136
206.430294,24,29.835504
333.961652,24,29.842727
318.405156,24,29.850007
612.48442,24,29.949348
467.921062,24,29.956818
-13.920813,24,29.964059
202.139071,24,29.971299
593.998973,24,30.081484
420.284496,24,30.088793
368.291816,24,30.096143
428.794013,24,30.103422
606.123662,24,30.201673
695.133197,24,30.209154
371.459343,24,30.216423
364.72684,24,30.223668
312.259689,24,30.321342
276.729432,24,30.328638
575.708738,24,30.33602
514.610387,24,30.343277
282.797849,24,30.441829
525.598138,24,30.449246
424.774745,24,30.456801
192.728998,24,30.464043
443.067602,24,30.565871
486.156549,24,30.57411
390.153184,24,30.582144
481.867436,24,30.590367
441.884027,24,30.598386
481.366549,24,30.707312
568.532527,24,30.715322
400.894557,24,30.724425
592.117535,24,30.732334
427.865574,24,30.834385
334.841151,24,30.841924
395.823602,24,30.849258
577.16748,24,30.856645
344.410917,24,30.954717
314.126255,24,30.962243
524.872238,24,30.969507
433.983457,24,30.977231
282.710162,24,31.075247
611.366271,24,31.082614
289.291672,24,31.089907
390.194853,24,31.09715
77.385034,24,31.19472
466.803248,24,31.202031
447.577722,24,31.209474
422.889574,24,31.216835
84.418637,24,31.313536
458.952717,24,31.320852
411.049305,24,31.328198
448.846676,24,31.336196
248.538663,24,31.345215
402.13129,24,31.451591
481.254713,24,31.459079
337.824372,24,31.466326
426.619396,24,31.473587
303.869173,24,31.570094
475.069186,24,31.577695
464.483643,24,31.585106
451.424766,24,31.592366
370.989027,24,31.696646
501.064196,24,31.704301
455.284405,24,31.713001
506.141818,24,31.720331
395.243096,24,31.817272
386.11219,24,31.824762
499.319811,24,31.83215
335.590139,24,31.83942
491.271618,24,31.937507
364.198556,24,31.944857
467.894847,24,31.95215
587.423378,24,31.959568
609.736179,24,32.057344
376.748556,24,32.064649
72.137106,24,32.071893
559.4519,24,32.079406
17.884953,24,32.086832
332.998148,24,32.184486
650.327357,24,32.191803
370.947353,24,32.199053
167.998321,24,32.206627
512.051808,24,32.305711
495.280335,24,32.313049
305.153106,24,32.320299
514.691982,24,32.327743
362.310895,24,32.425544
301.196896,24,32.432884
395.375519,24,32.441117
467.883977,24,32.448838
524.320378,24,32.54722
595.561484,24,32.554499
512.316548,24,32.561757
415.852441,24,32.56902
557.102397,24,32.666533
636.695508,24,32.673811
546.302611,24,32.681163
516.38137,24,32.688401
364.539173,24,32.787035
468.068231,24,32.794409
414.357484,24,32.802097
615.91362,24,32.809369
94.64778,24,32.81663
272.0347,24,32.915221
241.056773,24,32.922731
475.268173,24,32.931113
446.255926,24,32.939013
336.430494,24,33.057734
584.033163,24,33.065709
441.315342,24,33.073512
358.285029,24,33.081401
439.339916,24,33.180275
208.581706,24,33.187653
381.062504,24,33.194958
359.023652,24,33.202407
269.142463,24,33.3012
266.486887,24,33.308668
234.026088,24,33.31624
266.115757,24,33.32357
474.437619,24,33.421556
548.060579,24,33.429117
387.888984,24,33.436433
482.431451,24,33.443672
292.872266,24,33.542037
375.01153,24,33.549325
382.586008,24,33.556605
428.971859,24,33.563856
593.47575,24,33.571125
288.94244,24,33.669461
385.996145,24,33.676796
431.371122,24,33.6841
401.182121,24,33.691506
409.989214,24,33.789161
292.810248,24,33.796551
502.429278,24,33.803869
91.047665,24,33.811184
231.116871,24,33.909878
165.335596,24,33.917181
458.61635,24,33.92444
271.258942,24,33.931665
574.587632,24,34.028594
369.753017,24,34.036549
367.828866,24,34.044022
287.456522,24,34.051319
367.656294,24,34.151043
533.626905,24,34.158602
629.103226,24,34.166058
239.007976,24,34.173378
400.248309,24,34.270985
400.388462,24,34.278346
320.439858,24,34.285651
523.506146,24,34.292898
515.904855,24,34.300318
473.863603,24,34.397471
436.635491,24,34.404925
576.785209,24,34.412167
496.685746,24,34.419407
372.104331,24,34.516236
227.125713,24,34.523511
388.868586,24,34.530756
445.889033,24,34.537992
596.500765,24,34.634678
606.039608,24,34.641978
381.824122,24,34.649228
430.673555,24,34.656778
531.942815,24,34.7549
252.973356,24,34.762512
546.730438,24,34.769793
281.389613,24,34.777054
494.718913,24,34.875617
563.07966,24,34.882905
308.161382,24,34.890172
282.958824,24,34.897466
409.850181,24,34.995207
430.164154,24,35.002752
333.229797,24,35.010375
58.740947,24,35.017685
439.902539,24,35.025197
307.434499,24,35.12313
439.070505,24,35.13054
82.317639,24,35.137837
537.68175,24,35.145098
339.909622,24,35.242527
441.518567,24,35.249827
548.536704,24,35.257203
334.435479,24,35.264463
418.302636,24,35.361907
534.861685,24,35.369271
486.810603,24,35.376569
356.441023,24,35.383924
248.447693,24,35.482066
356.319783,24,35.489366
606.440738,24,35.496633
323.181139,24,35.503888
574.116494,24,35.600903
481.131242,24,35.60824
605.652136,24,35.615536
356.010819,24,35.622819
381.539559,24,35.721302
502.5769,24,35.72866
485.066048,24,35.736023
470.89311,24,35.743326
475.614979,24,35.75061
441.81402,24,35.847983
313.056338,24,35.85547
670.287037,24,35.862969
651.146507,24,35.870248
543.271841,24,35.967591
594.193776,24,35.974895
234.166003,24,35.982184
178.056969,24,35.989432
340.053474,24,36.086779
407.792684,24,36.094076
540.919692,24,36.101335
646.477322,24,36.108628
329.549245,24,36.205831
397.770164,24,36.213165
316.292542,24,36.220447
360.408398,24,36.227787
471.761829,24,36.325181
522.151752,24,36.332743
591.518845,24,36.340502
463.580536,24,36.347822
56.901907,24,36.447697
301.623412,24,36.455104
629.640325,24,36.462767
476.961557,24,36.47017
409.016793,24,36.477522
438.563666,24,36.575887
303.479328,24,36.58349
286.432223,24,36.590952
455.637622,24,36.598276
354.91881,24,36.696723
520.90043,24,36.704033
566.636407,24,36.711377
450.915852,24,36.718641
386.487932,24,36.816172
507.333947,24,36.823578
608.670988,24,36.831263
545.022121,24,36.838718
390.399743,24,36.936971
337.326821,24,36.944304
289.765369,24,36.951611
345.968209,24,36.959115
416.864311,24,37.057173
417.080121,24,37.064533
282.209087,24,37.071931
334.580602,24,37.079238
601.855029,24,37.176602
563.306921,24,37.183912
150.103827,24,37.191182
395.919487,24,37.198448
442.679252,24,37.205863
517.170775,24,37.304256
577.565749,24,37.311823
558.091137,24,37.319175
556.902282,24,37.326488
439.802886,24,37.424098
632.75805,24,37.431448
483.160687,24,37.438757
113.387208,24,37.446073
578.931236,24,37.543142
414.27846,24,37.550457
525.512109,24,37.557717
328.976265,24,37.564983
516.533816,24,37.662817
631.283028,24,37.67018
137.187409,24,37.677497
191.647818,24,37.684796
427.92437,24,37.786056
625.124358,24,37.794572
581.719577,24,37.80235
479.985956,24,37.809795
170.636948,24,37.908767
629.006916,24,37.916148
211.835274,24,37.923514
356.684723,24,37.931716
504.695264,24,37.939034
