# {"t_start": 1683541280.542377, "env_id": "Ant-v2"} 
r,l,t
-104.625591,90,1.122005
-19.901544,19,1.15262
-24.249001,77,1.276955
-11.77508,63,1.377567
-147.724317,149,1.613081
-1058.772577,1000,3.268109
-16.107089,28,3.312499
-56.815822,36,3.369114
-313.201476,246,3.766643
-30.372789,22,3.802201
-108.544748,112,3.980112
-107.218207,88,4.119981
-83.48844,51,4.206058
-106.697094,43,4.275982
-213.14521,128,4.907073
-74.819947,73,5.024932
-95.673967,62,5.127563
-8.885753,13,5.148994
-32.01142,49,5.230487
-44.192993,58,5.324283
-44.333499,45,5.396661
11.730269,41,5.46304
-70.094175,69,5.57397
-83.855666,86,5.716259
-5.847051,18,5.747212
-151.196633,267,6.185921
-168.835111,119,6.392
-27.864495,16,6.420445
-98.132742,117,6.615509
-49.431387,63,6.719181
-61.260039,69,6.830531
-24.068723,22,6.868684
-91.119011,51,6.95337
-92.432496,83,7.096508
-54.359669,65,7.201875
-32.051626,31,7.253873
-85.129324,66,7.375031
-6.407556,16,7.402447
-50.646776,31,7.456123
-179.184973,162,7.735371
-1192.638461,1000,9.836563
-22.660198,12,9.856175
-26.411494,27,9.899604
-39.647873,59,9.995358
-39.579493,52,10.084636
-1047.848635,1000,11.7668
-87.100925,72,11.891049
-48.354034,36,11.949789
-26.180881,12,11.974148
-15.051183,42,12.439528
-38.88281,27,12.487188
-90.063068,95,12.646725
-156.891187,163,12.922867
-24.566959,20,12.95555
-44.743162,36,13.020407
-47.247552,67,13.131952
-62.872691,69,13.244313
-1051.147651,1000,14.974836
-45.708121,44,15.052301
-24.207337,14,15.074659
-1075.273746,1000,17.802088
-29.462249,22,17.862917
-58.016676,114,18.1936
-14.906767,12,18.223589
-28.471912,20,18.273958
-9.060202,35,18.357704
-20.324965,14,18.389813
-63.103822,89,18.592714
-33.221259,51,18.712351
-996.245626,1000,20.916716
-22.833967,88,21.090668
-100.496153,128,21.752284
-950.669638,1000,24.045864
-43.527227,23,24.093122
-50.369588,74,24.24788
-21.761179,39,24.332318
-22.364568,21,24.376996
-202.006252,167,24.732696
-26.418405,22,24.782785
-48.618017,34,24.864306
-27.04979,42,24.958301
-16.417619,34,25.036333
-74.631388,63,25.16679
-30.110521,30,25.229293
-27.960678,26,25.283112
-1032.575895,1000,28.271081
-33.695514,51,28.384575
-21.146357,18,28.422586
-83.409229,159,28.782284
-62.339098,114,29.036251
-63.411866,46,29.13257
-11.752167,9,29.151363
-18.700861,16,29.184363
-29.288224,16,29.218222
-9.475399,34,29.289865
-108.830358,131,29.56053
-33.62842,36,29.632095
-51.21735,41,29.713445
-47.856254,52,29.819733
-25.654587,23,29.866366
-11.287415,15,29.896193
-171.70745,103,30.099948
-14.813125,77,30.279924
-15.900903,19,30.317771
-9.0528,16,30.350293
-198.681713,173,30.713602
-37.605743,46,30.802354
-8.28594,20,30.841493
-179.137687,167,31.163137
-152.270577,89,31.336415
-1108.685586,1000,33.730028
-61.134376,37,33.80519
-71.021615,33,33.872854
-33.299691,19,33.913096
-38.923054,43,33.999461
-28.577828,47,34.093466
-47.20569,29,34.150599
-33.783762,56,34.262056
-18.189979,36,34.333426
-21.182767,16,34.365349
-975.788353,1000,36.84121
-85.081582,145,37.130896
-1.80641,16,37.162974
-13.44267,15,37.193251
-63.352671,34,37.261708
-34.810515,23,37.307187
-7.974292,13,37.333706
-10.521026,12,37.35796
-35.98916,63,37.484715
-164.412558,165,37.818009
-29.909364,29,37.874668
-11.427063,23,37.919388
-5.888959,17,37.953968
-196.504401,88,38.124233
-113.60825,84,38.288536
-14.027848,12,38.312564
-48.979691,42,38.395052
-33.796134,35,38.466217
-24.535797,19,38.502905
-31.328203,30,38.560411
-35.097512,25,38.608993
-7.756085,11,38.630587
-2.349373,16,38.662211
-95.527094,116,38.885492
-26.597652,36,38.957021
-100.845642,81,39.113388
-25.575197,16,39.144549
-89.565654,69,39.277186
-45.199224,35,39.345236
-31.57987,53,39.447983
16.607653,27,39.505075
-71.716203,92,39.682729
-1025.621751,1000,42.292413
-68.66557,66,42.437418
-113.842697,120,42.715443
-80.852296,134,43.012785
-83.125718,81,43.185242
-957.830829,1000,45.285081
-16.130904,13,45.758496
-6.089364,25,45.811957
-20.549337,31,45.875717
-123.728211,108,46.100962
-117.960469,88,46.280475
-85.827454,95,46.476783
-11.660572,26,46.531239
-1.303334,16,46.565343
-44.84731,51,46.670261
-34.003829,46,46.767121
-194.339389,124,47.021842
-109.557594,70,47.167727
-66.76589,66,47.304549
-983.630475,1000,49.35465
-2.403211,24,49.402814
-40.503045,26,49.454856
-134.397538,127,49.705399
-82.149644,45,49.794548
-42.79447,32,49.858339
0.285999,21,49.900925
-47.299566,55,50.442568
-3.410257,34,50.515357
-72.161638,71,50.665339
-0.540284,24,50.714043
-65.059139,82,50.879613
-21.775588,12,50.906242
-12.456559,46,51.005541
-32.685779,31,51.068314
-958.394804,1000,53.164252
-52.353313,45,53.270486
-29.025473,15,53.302134
-127.038608,109,53.53441
-14.365894,17,53.569907
-42.301317,29,53.627485
-81.019372,54,53.737471
-43.977477,44,53.82845
-20.198763,41,53.912868
-76.231199,62,54.04073
-82.068456,69,54.18024
-117.825427,93,54.368175
-12.289985,11,54.390706
-26.996671,31,54.454527
-21.265245,34,54.524468
-969.353643,1000,57.107527
-15.427765,20,57.156871
-76.080456,74,57.329983
-34.16607,23,57.384518
-17.44315,17,57.43371
-14.030448,40,57.54415
-22.906435,18,57.590702
-13.900793,10,57.616652
-21.563331,21,57.667911
-18.85177,26,57.731031
-74.099875,34,57.805432
-9.693479,10,57.826093
-4.885356,14,57.862562
-74.330151,73,58.071209
-12.610564,26,58.131323
-56.358034,62,58.269559
-50.399575,116,58.556834
-105.421792,72,58.731179
-61.345982,46,58.848683
-33.706744,50,58.973062
-34.060017,16,59.014293
-83.881426,91,59.244666
-19.799236,21,59.29475
-10.690531,18,59.340349
-22.699078,27,59.407426
-35.903778,35,59.493033
-50.117195,54,59.624174
-12.966148,13,59.656623
-105.10667,69,59.832564
-59.924356,51,60.478339
-48.620754,26,60.546696
-101.383284,142,60.913402
-24.74124,38,61.009178
-39.18798,60,61.15783
-22.365571,26,61.226803
-13.047227,19,61.27433
-117.641299,102,61.527562
-89.47504,60,61.68466
-29.716992,22,61.738035
-31.481334,26,61.805767
-28.723767,44,61.923464
-34.239218,54,62.074275
-78.389548,122,62.378554
3.655435,34,62.471682
-96.870168,104,62.753262
-13.625545,19,62.802157
-26.135193,23,62.85875
-938.545694,1000,65.259767
-79.748301,63,65.413823
-109.733692,159,66.292523
-138.827885,188,66.736779
-49.094091,48,66.847172
-46.718282,39,66.941335
-98.55839,95,67.177326
-916.219347,1000,69.383581
-38.870826,35,69.458799
-1005.590521,1000,72.096903
-15.258282,17,72.133802
-60.711482,56,72.262557
-48.683082,96,72.519107
-159.299414,156,72.879498
-69.22359,51,72.995244
-14.654126,15,73.029519
-51.825523,46,73.13741
-24.196628,35,73.219758
-21.210133,29,73.298561
-92.984165,88,73.496379
-68.673458,68,73.655549
-10.691545,11,73.681308
-5.713264,12,73.708217
-79.480374,86,73.903683
-886.989678,1000,76.89339
-207.882083,206,77.379933
-15.547153,23,77.434728
-44.77366,55,77.565894
-105.640114,107,77.82077
3.210407,22,77.873704
-63.100171,49,77.997321
-76.523769,67,78.157252
-9.219087,34,78.237401
-15.487433,14,78.271278
-8.021286,13,78.302735
10.674856,79,78.608638
-8.288572,18,78.678665
-13.705502,15,78.72143
-912.415948,1000,81.201016
-132.817981,144,81.946265
-63.90265,80,82.130696
-83.855916,129,82.436699
-34.154102,61,82.585904
-51.303881,39,82.68125
7.739555,23,82.734585
-41.525648,60,82.874755
-922.359843,1000,85.327764
-6.83803,63,85.477146
-19.948598,22,85.531159
-124.880818,92,85.756492
-26.939109,33,85.838547
-7.397004,12,85.864783
-48.775491,74,86.017425
-129.586823,116,86.272995
-16.293096,23,86.337815
-55.654935,56,86.515869
-18.839599,23,86.581587
-18.102847,25,86.649476
-965.747648,1000,89.371372
-19.051668,36,89.446951
-21.301909,16,89.481042
-13.109234,14,89.517151
-18.915008,18,89.560487
-33.325971,64,89.712635
-11.864584,41,89.810672
-11.239859,36,89.901489
-54.602686,64,90.058455
-89.272163,69,90.219645
-23.665287,34,90.301131
-190.222659,144,90.650495
-880.64147,1000,93.209357
-28.710431,15,93.23912
-37.636396,33,93.303637
-273.138857,319,93.959402
-11.001284,19,93.998522
-814.636287,1000,96.269893
-32.848128,72,96.416691
-967.062362,1000,99.1898
-98.69839,54,99.31678
-898.520021,1000,101.508324
-2.068219,29,101.567468
-61.419586,51,101.679603
-67.868816,68,101.821496
-17.807528,13,101.848641
-33.848273,57,102.490105
-130.523092,94,102.7434
-904.00786,1000,105.118417
-24.717324,50,105.224034
-909.89986,1000,107.787947
-147.817998,144,108.098194
-16.166758,14,108.127668
-7.568042,17,108.164411
14.352642,29,108.227288
-41.583289,41,108.314141
11.085921,34,108.387341
-72.423662,114,108.644034
-854.96044,1000,111.013245
-21.926488,33,111.089016
-29.938624,20,111.139864
18.046367,25,111.193413
-12.348883,12,111.223257
-28.360357,38,111.325369
-126.634937,117,111.626797
-60.823923,110,111.872396
-28.377241,46,111.988363
12.719127,47,112.097094
-15.202656,12,112.121622
-18.389611,21,112.165199
-82.665715,92,112.845268
-54.702014,119,113.186244
-5.766693,28,113.260739
-17.137408,16,113.306408
-36.761078,99,113.532614
-912.116241,1000,115.694534
-77.377364,100,115.898832
-16.272284,13,115.925211
-3.102466,74,116.080577
-26.347116,90,116.262278
-0.446653,16,116.296295
-67.425908,118,116.564575
-164.613801,195,117.017413
2.589041,15,117.051515
-55.937979,66,117.204312
-0.630455,24,117.259187
-30.898526,18,117.301286
-66.081041,75,117.918175
-4.957495,20,117.959344
-9.234193,13,117.985444
-25.14576,35,118.055443
-11.64156,15,118.086219
-14.876287,19,118.126438
-72.843303,71,118.303467
-17.373037,26,118.356211
-18.146812,13,118.381654
-24.550479,27,118.433898
-33.069408,21,118.475029
-71.886778,53,118.578831
3.190276,24,118.625732
-59.972915,80,118.785824
-8.341501,17,118.819141
-12.899633,10,118.839018
-20.763051,99,119.034807
-12.906045,26,119.089963
-38.508418,22,119.134665
-4.644461,16,119.166256
-47.835987,69,119.309822
-33.165375,43,119.394202
-844.367834,1000,121.479596
-36.722692,46,121.566189
-74.602967,67,121.691731
-24.554624,34,121.755608
-51.629992,87,121.92197
-19.063963,28,121.979364
-11.771667,16,122.010174
-30.986114,24,122.462828
-16.984332,90,122.633683
-60.22443,58,122.741187
-14.475624,25,122.786552
-869.029346,1000,124.935816
-26.305839,14,124.965511
-78.27544,63,125.100608
-18.205745,22,125.151011
-36.051155,37,125.226406
-898.668382,1000,127.832045
-10.805216,13,127.869936
-62.235881,42,127.987972
-57.535193,76,128.194837
5.880247,86,128.379157
-43.180218,21,128.424879
-53.85946,127,128.719279
-99.33849,81,128.910252
-64.024506,73,129.089913
-899.079139,1000,131.202195
-9.179553,51,131.308312
-828.22,1000,133.994721
-98.331413,128,134.251759
-77.101164,48,134.354878
2.250212,16,134.387325
-151.703435,171,134.734939
-35.162416,63,134.864708
-890.741122,1000,137.601528
-822.449849,1000,140.322859
-11.268055,16,140.388485
-34.511552,39,140.513854
-5.543336,18,140.55659
-46.36266,42,140.663773
-25.009583,25,140.733427
-5.040451,31,140.816632
-41.329448,35,140.902793
-40.387089,33,140.983454
-19.019805,18,141.027211
-18.351471,60,141.188411
-18.227185,26,141.259487
-58.445203,65,141.433195
-55.460922,52,141.574754
-212.687154,163,142.032501
-18.443253,60,142.206714
-58.858875,48,142.339242
-101.557572,123,142.689979
-134.125922,109,143.621067
-88.368849,128,144.008791
-20.450686,21,144.069053
-10.857499,14,144.109788
-19.129871,24,144.178041
-29.896033,88,144.426821
-35.455048,45,144.574234
-36.989018,53,144.733894
-18.478012,34,144.830832
-72.389161,46,144.960054
-839.97366,1000,147.983437
-13.336177,29,148.065998
-21.664922,29,148.148675
-817.460079,1000,151.373086
-9.993065,12,151.404839
-10.170424,15,151.444647
-18.453122,65,151.658137
-15.463859,22,151.741322
-80.730079,62,151.962088
-18.116025,34,152.072613
-54.652308,62,152.240462
-11.036433,13,152.270752
-5.116835,16,152.307084
-27.42934,25,152.367554
-49.585715,53,152.504265
-13.811652,28,152.580541
-135.679184,130,152.911008
-131.126628,119,153.194872
-16.713343,20,153.240768
-21.147719,21,153.291655
-35.571783,36,153.385325
-40.321775,30,153.472294
-54.919578,43,153.592592
3.460586,15,153.631949
-3.611052,19,153.675993
-45.499289,42,153.774445
-54.650105,47,153.883144
-787.145739,1000,157.28778
-6.680477,37,157.374962
-7.465621,43,157.48686
-143.751517,112,157.76605
-9.858758,16,157.807025
-15.350956,35,157.891007
2.398767,46,157.99958
-96.046437,99,158.232609
-3.08295,16,158.27143
-111.068586,105,158.587743
-70.819062,74,158.820977
-59.764215,99,159.064302
-28.870145,41,159.163079
-21.27602,40,159.257061
-39.586903,29,159.336682
-802.007014,1000,162.375665
-22.056728,14,162.41411
-42.921304,30,162.515848
-23.986107,31,162.617968
-32.205207,38,162.753491
7.649756,94,162.990064
-13.627647,17,163.035686
3.691127,25,163.104365
-34.165819,25,163.166835
-6.815101,12,163.194579
-20.441373,28,163.257598
-62.569322,64,163.414926
-34.843108,86,163.653566
-40.00912,33,163.735391
-14.040509,25,163.804125
-52.557,92,164.03512
-38.478342,40,164.131956
-29.230047,79,164.316565
0.757224,19,164.360286
0.655858,16,164.402986
-0.988606,16,164.458904
-5.750552,19,164.528585
-26.056918,50,164.642706
16.891604,55,164.769496
-60.371038,92,164.98578
-853.590683,1000,167.876185
-55.165947,48,168.002173
-37.841044,32,168.082078
-23.674956,43,168.197805
5.09146,22,168.256944
-12.167423,21,168.308246
-29.521721,28,168.372777
-890.3984,1000,170.852696
-829.690271,1000,174.099374
-910.631198,1000,176.845272
-8.606716,12,176.879861
-32.277271,25,176.954867
-6.718529,11,176.989256
-27.778794,35,177.08684
-754.315458,1000,180.475901
-14.950967,26,180.558034
4.195187,17,180.615532
-7.700086,16,180.662718
-44.052376,70,180.87735
-61.751477,46,181.019693
-17.851116,48,181.166054
-712.665975,969,184.006056
-7.829656,41,184.119884
-21.492353,122,184.478203
-22.467505,22,184.537084
-4.59465,18,184.589374
-2.733155,29,184.672896
-13.592031,20,184.748859
-20.004368,16,184.793163
-21.886834,23,184.866039
-29.172807,47,185.001241
-24.913235,34,185.086349
-33.322841,18,185.132366
-1.724286,13,185.164072
-6.270439,13,185.196589
-45.236696,47,185.31214
-15.961844,21,185.362031
-13.76372,12,185.390351
-15.190069,10,185.412794
-769.264568,1000,188.34643
-38.414459,40,188.450053
-12.757365,14,188.483889
-18.532623,23,188.537317
-79.507974,83,188.740712
-31.839059,42,188.841354
-11.829031,12,188.868888
-17.01982,87,189.091433
-18.232849,23,189.146721
-9.372238,51,189.266048
-5.487015,125,189.56558
-23.324106,18,189.610457
-25.899843,57,189.758677
-29.486549,52,189.877172
-764.466822,1000,193.021873
4.753633,73,193.225502
-59.215448,61,193.373359
-40.377295,23,193.430207
-42.358599,61,193.577838
-36.19444,34,193.66301
-5.098854,22,193.714324
-16.21933,20,193.763039
-35.717676,22,193.814282
-22.461834,33,193.893919
3.691278,15,193.92964
-11.278034,13,193.961375
-123.213139,85,194.15864
-24.055069,27,194.222167
-6.079669,12,194.250265
-11.950222,28,194.317611
-1.369726,13,194.348748
-56.094663,64,194.500396
-16.949018,23,194.554311
-74.234852,70,194.716458
-47.064388,119,194.996913
-8.658151,15,195.032834
21.696752,23,195.085796
-60.122112,70,195.249083
-809.673225,1000,198.031194
-47.438892,88,198.235856
-18.240695,31,198.307261
15.157113,20,198.352534
3.423243,41,198.451073
-28.125526,31,198.520929
-26.818244,14,198.555829
-4.66607,13,198.585088
-54.514533,104,198.820968
-19.219975,11,198.847125
-12.543284,21,198.896727
0.035955,52,199.023092
-20.180739,21,199.074768
-33.297202,68,199.258548
-14.911745,20,199.313455
-39.367745,57,199.464237
-42.118274,34,199.548998
-28.241515,28,199.615933
-8.915246,10,199.640279
-44.616434,54,199.776836
9.158916,24,199.834416
-15.203952,27,199.897333
-768.632652,1000,202.900253
0.454756,23,202.955405
-24.91458,28,203.019598
-33.635773,22,203.069753
-46.976751,42,203.170319
-715.723351,1000,205.794916
-6.701309,20,205.865972
-6.110855,24,205.93451
-41.465937,89,206.169538
0.173342,23,206.230714
-2.546752,22,206.282688
-8.639772,20,206.340769
-56.725566,56,206.463389
-29.789636,20,206.505315
-28.968131,58,206.644809
-27.056889,62,206.786146
-64.390916,62,206.918798
-15.828387,22,206.968099
-10.658162,14,207.000063
-38.06828,36,207.079456
-16.527889,12,207.105856
-85.264708,106,207.323648
-43.588181,66,207.459235
-50.09368,44,207.547319
13.036171,100,208.27944
-16.643206,17,208.317386
-4.695257,11,208.344724
-19.539741,77,208.523605
-19.566758,18,208.563481
-44.545451,72,208.737189
-13.513378,25,208.798842
-23.720462,69,208.964302
-75.15839,71,209.132605
-139.715137,118,209.392821
-24.325345,15,209.428176
-45.1437,106,209.676833
-4.509431,65,209.807886
-8.288888,19,209.8458
-50.473222,53,209.958657
-33.719241,16,209.992087
-50.934805,59,210.130165
-25.827506,19,210.177169
26.84255,33,210.259725
-695.490792,1000,212.529255
7.715318,50,212.628086
8.469205,41,212.708723
-29.185731,30,212.770629
-11.043513,22,213.296272
-2.227743,18,213.336463
-36.794432,21,213.385492
-11.032156,33,213.458418
-22.637758,27,213.515048
-83.803146,100,213.709686
-11.967391,17,213.741956
-45.780554,45,213.828266
-9.926798,21,213.872186
-33.901225,25,213.928286
-39.758067,77,214.113028
-6.603115,23,214.165719
-10.821388,15,214.196578
-5.750255,48,214.290135
-4.489244,13,214.315623
-15.423644,21,214.356307
-14.712635,11,214.378356
-28.87608,29,214.434921
-27.633912,46,214.525866
-730.287329,1000,216.570285
-17.319988,24,216.620153
-2.229257,14,216.649931
3.660915,18,216.689461
4.020872,22,216.734444
-25.970517,105,216.936487
-28.104969,38,217.008907
-30.078141,27,217.061809
-39.206027,38,217.137625
-732.1333,1000,219.799243
-11.070963,17,219.839436
-10.901015,10,219.862425
-18.151621,65,219.999559
-60.512142,91,220.188175
-28.262587,25,220.240419
-17.510405,20,220.282791
0.111163,20,220.325397
-3.026667,13,220.352922
-16.225394,37,220.429076
-66.33671,66,220.56242
-21.040612,30,220.622932
-40.84531,53,220.730645
-54.087209,73,220.878912
-9.704671,16,220.911582
27.04009,26,220.987953
-118.126854,123,221.238939
-62.894317,68,221.374285
-18.204474,21,221.41581
-39.167556,76,221.565787
-11.23075,21,221.60749
-43.407781,103,221.808831
-38.691003,51,221.909225
0.991115,20,221.948624
-5.642889,12,221.974972
-34.164042,21,222.018473
-51.976567,43,222.105939
-13.255737,22,222.148383
-7.999022,19,222.186112
-10.752354,10,222.206013
-0.255602,12,222.2297
-67.287436,77,222.831672
-4.233268,12,222.860766
-44.132462,63,223.001665
-14.061094,14,223.033033
-62.748253,45,223.135201
-62.4052,62,223.284769
-19.93176,18,223.335257
-25.275473,44,223.436429
-12.366098,13,223.468959
-3.511306,15,223.504821
-619.229149,1000,225.762844
-7.140539,39,225.842049
-9.413898,25,225.891479
2.126473,38,225.966242
-17.43739,72,226.10595
-17.12482,26,226.156123
-21.057787,39,226.231584
-15.288168,18,226.266998
-5.224625,16,226.298512
3.236685,32,226.361247
-9.427162,16,226.392971
-17.567679,11,226.414672
-67.432564,76,226.562867
-22.603491,34,226.6272
-86.084594,57,226.736355
-194.193835,171,227.058765
-6.365374,7,227.074845
-5.37917,17,227.108294
-25.203418,21,227.616049
-20.704262,49,227.717866
-2.629379,33,227.782127
3.044368,8,227.797666
-72.794096,66,227.943067
-665.233357,1000,230.132063
-4.68149,15,230.161137
-3.996296,11,230.182464
1.239665,11,230.203744
-43.181837,21,230.244286
-13.339321,12,230.267889
-13.160305,12,230.291168
-6.566543,27,230.343685
-5.121321,10,230.367193
3.55697,21,230.409072
-9.15604,13,230.435339
-33.982981,54,230.543263
-7.102736,11,230.565133
-1.881167,34,230.632548
10.7496,26,230.685426
-20.918394,47,230.77874
-29.479082,50,230.878255
-11.485544,115,231.109697
-1.557475,12,231.133673
-58.623168,75,231.285527
-5.638461,28,231.345095
-7.910445,10,231.365466
-62.768131,64,231.494944
5.536571,17,231.528782
-21.376888,23,231.574063
-100.460246,120,231.812566
1.115029,11,231.835987
-2.39856,28,231.892829
-6.471588,11,232.349082
-2.983604,15,232.380077
-18.132483,21,232.421822
-30.391335,54,232.533976
1.303093,16,232.565953
-9.71103,36,232.638587
-63.766596,90,232.842184
2.234066,31,232.913871
-79.052532,73,233.081148
-57.495343,101,233.305405
-13.57477,59,233.432801
-46.255997,34,233.511753
3.015057,18,233.552482
-26.502427,57,233.67772
-51.632842,51,233.778281
-14.114529,13,233.806131
-6.196549,10,233.826707
-15.132027,13,233.854572
-638.886813,1000,236.098085
21.653512,26,236.157647
-11.355672,26,236.22199
-50.529671,52,236.359444
5.035553,51,236.485891
7.235378,35,236.56127
-10.280935,27,236.616308
-4.883454,37,236.691986
-15.787939,35,236.769004
-630.649667,1000,239.424444
6.883248,53,239.527749
-10.631517,11,239.549846
-63.786014,117,239.780222
-15.492524,35,239.849234
-36.341683,78,239.998843
-37.980348,74,240.142536
16.405605,27,240.202683
-664.936723,1000,242.929501
-7.672861,20,242.969777
-25.64508,36,243.041904
-38.119399,48,243.140115
-21.20661,14,243.168122
-12.228619,31,243.22984
-33.194931,40,243.312721
-15.395625,27,243.36819
-46.87163,80,243.537808
-61.569032,73,243.690557
-70.941648,126,243.941657
-30.341344,50,244.044494
-0.526014,22,244.08921
-22.10349,19,244.127102
-49.366006,68,244.26291
-6.978399,13,244.289553
-9.197407,32,244.353766
-13.299581,23,244.399782
-51.188881,75,244.554185
-11.50486,19,244.592018
-37.5447,18,244.628496
-25.829682,85,244.799454
-25.76703,26,244.851919
-660.012676,1000,247.359661
5.041487,52,247.479106
-48.851236,50,247.599608
-706.661623,1000,249.775506
-16.060794,22,249.820152
-17.43453,57,249.933995
-35.652016,59,250.051813
-47.817621,71,250.193011
-0.254601,58,250.307954
18.372844,29,250.366682
-39.224691,56,250.478214
-622.212475,1000,253.09205
-16.594307,21,253.13684
7.433001,21,253.178852
-19.793129,13,253.205514
11.932579,37,253.278759
-7.633391,32,253.342189
-4.369583,17,253.375936
-24.205538,26,253.428015
-27.837413,48,253.523842
-3.781818,26,253.576347
-643.130521,1000,255.636127
-16.054767,17,255.670281
-32.897001,38,255.749762
-9.612364,47,255.843507
-7.224219,21,255.88441
-14.668392,19,255.923379
-13.397544,46,256.022315
-11.851953,12,256.047183
-13.478897,9,256.065542
-8.567353,20,256.522701
-4.127542,12,256.547882
0.933436,17,256.581806
-16.450425,29,256.640116
-24.095797,33,256.708881
-19.990529,52,256.813974
-21.241965,69,256.950714
-680.867169,1000,259.381934
-46.377984,125,259.641034
-1.122555,22,259.687283
-11.746417,11,259.710786
-12.075087,45,259.804559
-5.131338,12,259.831146
-21.528892,27,259.890464
-7.455974,13,259.92241
-23.892957,72,260.085404
-44.855662,99,260.290184
-532.306277,1000,262.715776
-17.203162,29,262.771368
-8.957135,18,262.806614
-96.449082,82,262.96533
-51.602353,46,263.056575
-8.056908,29,263.121727
-21.900559,49,263.25516
-32.957109,20,263.305836
-23.96911,35,263.377701
-8.472802,17,263.413734
-10.569567,25,263.465412
-5.081002,13,263.491743
-18.731415,16,263.524858
-42.706297,54,263.635092
-5.105875,40,263.716846
-16.574944,42,263.803121
-15.536695,37,263.877259
-33.374754,17,263.912492
3.731847,28,263.970083
-17.347624,21,264.012977
-7.624522,17,264.049817
-4.666948,49,264.150651
-36.418692,37,264.223168
-25.958985,42,264.305579
-48.404737,33,264.36967
-46.792109,52,264.470349
-3.159526,12,264.49341
-19.942379,79,264.644453
-1.21206,32,264.707517
0.634542,10,264.72699
-618.270012,1000,267.165267
-55.458946,87,267.336373
-9.390598,34,267.40417
-5.480466,13,267.4303
-7.639808,11,267.453115
-12.522877,16,267.485494
-71.353604,86,267.657011
-638.179464,1000,269.997619
3.475623,23,270.054962
-24.335018,25,270.113935
-19.212865,48,270.218875
-3.930041,17,270.256756
-1.451763,7,270.271967
-47.655734,60,270.399838
-25.600215,41,270.485506
-11.633746,29,270.548134
-33.277184,40,271.097547
-13.543428,16,271.135062
-8.916636,18,271.175858
-3.254583,20,271.215261
-4.367861,22,271.260478
-37.854302,69,271.396955
-51.449113,146,271.698856
-11.053643,52,271.825933
-6.874498,17,271.869042
-23.448236,16,271.907584
-26.161129,37,271.999593
-40.625132,20,272.04703
-5.610031,66,272.211252
-20.497634,66,272.364413
-7.840104,14,272.397898
-10.392651,25,272.473823
-102.086219,111,272.765189
-2.096592,43,272.857426
-605.061658,1000,275.026103
-128.380709,127,275.283776
-578.92125,1000,277.908623
-3.760253,11,277.933067
5.759708,147,278.306979
-6.039611,23,278.373336
-36.501798,88,278.580158
-605.173162,1000,281.370272
-14.030317,12,281.401964
3.606943,22,281.45562
4.751484,42,281.555315
-52.597262,60,281.69693
-2.184755,19,281.742646
-526.431309,1000,284.245736
1.052969,10,284.268124
-16.268835,102,284.536654
-6.119845,28,284.59971
-41.871454,104,284.850155
-27.872071,29,284.925125
-37.84215,95,285.154654
-571.504964,1000,288.045342
-57.664873,67,288.184144
-26.831091,57,288.297434
-0.199866,14,288.330988
-9.6561,14,288.364979
-68.702382,65,288.521772
13.464803,46,288.629651
-13.391245,19,288.671185
-12.528142,40,288.754055
-101.887181,94,288.954053
-25.273052,15,288.990408
-26.418282,18,289.030906
-75.223013,108,289.284104
-51.989832,112,289.534243
-3.840055,13,289.561647
-42.77837,47,289.658476
-11.738093,15,289.688459
-7.697781,23,289.734533
5.155313,24,289.782479
-33.657765,55,289.893434
-57.106282,29,289.961179
-8.760524,15,289.993669
-31.114886,35,290.063837
3.735231,13,290.091014
-6.862123,13,290.117825
-51.963717,33,290.184184
-19.26079,16,290.22002
21.456097,23,290.265452
-0.73263,20,290.304832
-10.009731,22,290.349636
-26.355307,17,290.384958
-543.012545,1000,292.935933
-4.562476,15,292.967524
18.988976,45,293.055994
-42.66726,47,293.148225
-11.184565,36,293.224657
-57.854096,47,293.327767
-9.523482,20,293.371158
10.515044,74,293.528704
11.949821,83,293.737439
-25.35391,45,293.82774
-45.861865,49,293.924878
-9.548429,7,293.938904
32.172838,46,294.030856
-5.646421,12,294.05532
-51.753926,106,294.268815
4.577669,82,294.443848
-43.866487,78,294.599154
-6.960661,11,294.62111
-13.314432,27,294.677096
-21.947281,54,294.784155
-11.02055,7,294.798445
-495.415387,1000,297.669252
0.52642,13,297.696386
-20.586057,17,297.735075
-522.043089,1000,299.828737
0.184262,62,299.974639
-0.711513,34,300.053669
-6.597895,19,300.09833
-5.471131,10,300.121055
-0.365123,14,300.153201
-2.156775,14,300.185348
-12.538079,12,300.213486
5.002872,31,300.2831
29.834926,72,300.441565
3.770737,24,300.489333
-23.909809,53,300.596211
7.965065,16,300.633708
9.602874,53,300.745444
-3.662517,50,300.843052
-9.750389,15,300.874963
4.279587,25,300.926495
-0.713945,31,300.998742
-5.463343,13,301.043047
-71.356099,181,301.823462
-14.949384,81,301.986623
-6.886145,58,302.114315
-58.087339,67,302.247159
2.562951,34,302.315717
-64.040972,64,302.446888
-2.557928,33,302.517806
-1.617116,13,302.547743
2.724484,22,302.59985
-488.422065,1000,305.121791
13.783419,38,305.220624
-2.792482,11,305.250619
-17.969248,43,305.377107
-13.6035,34,305.468039
-15.20537,41,305.589104
-525.320367,1000,309.188
-33.068018,84,309.403226
25.656921,41,309.521415
-13.203628,89,309.778844
-5.090717,49,309.911024
-21.229136,30,309.983263
0.299421,14,310.01984
2.730537,25,310.092224
-3.698385,12,310.137232
-10.861839,34,310.236337
10.024146,28,310.312929
-2.604974,12,310.347715
8.544591,48,310.476301
-11.175907,14,310.520217
-24.60998,13,310.562255
-16.030845,22,310.626074
-44.609882,100,310.919164
-7.382999,14,310.955791
-7.762666,34,311.054012
2.850579,13,311.093583
0.708914,12,311.12724
-41.004084,56,311.279181
-72.833331,109,311.573131
-21.593195,72,311.763956
-5.129055,24,311.828753
24.296112,25,311.899821
-15.247658,13,311.93448
-92.215454,146,312.333732
-32.880649,55,312.481616
4.432229,14,312.521906
-1.53852,12,312.555558
-23.662158,31,312.636078
-14.782526,58,312.77379
0.709247,27,312.836019
38.373168,54,312.964525
-8.003976,15,312.998358
-20.688946,28,313.602357
-1.633287,12,313.631431
-34.277892,35,313.715764
-2.255129,25,313.773407
-67.896158,69,313.933295
-8.562727,55,314.061429
-6.359016,51,314.17969
-40.756354,82,314.365838
-26.37922,36,314.451055
-19.002072,31,314.523985
8.168212,23,314.577562
-8.315383,31,314.648629
5.913533,29,314.713436
-25.968873,30,314.782005
-4.843718,14,314.812894
-10.885909,28,314.879243
-5.994051,48,314.990632
-27.151845,20,315.039211
-8.368744,13,315.07037
-12.335856,40,315.165192
-8.668914,15,315.199622
-21.051939,13,315.230277
-484.713973,1000,317.583663
-11.250196,21,317.632764
-1.009147,44,317.73478
5.475652,29,317.801778
-15.493399,13,317.832293
-0.813456,42,317.927492
-30.262611,48,318.040385
-133.719697,117,318.347549
21.733444,73,319.073025
8.96251,22,319.134788
-3.183558,35,319.231249
8.871288,34,319.347948
-21.618979,28,319.444236
2.474547,65,319.626718
-15.587546,33,319.722892
-1.173314,67,319.92397
-30.267024,20,319.982719
-4.55372,12,320.016837
-14.364055,12,320.053438
-24.536977,15,320.095671
14.37872,52,320.242361
3.541311,11,320.273976
-8.11894,13,320.313096
-3.281473,21,320.380467
-240.39783,279,321.176715
-4.951006,17,321.221591
-65.809701,59,321.387513
-11.621626,12,321.418959
-29.448069,30,321.502118
-17.670701,18,321.552837
-34.099737,79,321.753093
-18.445821,16,321.79402
-35.105486,42,321.897657
-540.964682,1000,324.845701
-21.212209,31,324.908887
-28.609054,36,324.985731
-20.238235,52,325.098164
-10.218293,37,325.182292
-0.49357,12,325.213228
6.70488,15,325.251018
-29.034948,44,325.360447
9.828799,26,325.424533
-70.277497,86,325.665105
-4.325647,11,325.688899
-69.519288,126,325.947484
-6.476643,14,325.976126
7.726776,19,326.013923
-7.101631,11,326.03611
-44.603023,53,326.146166
-32.891261,61,326.269091
-1.443235,32,326.332411
-5.456184,17,326.366881
-51.610407,88,326.544262
-24.814513,30,326.604014
-5.085017,13,326.630359
-15.218518,14,326.659747
2.169518,27,326.717152
-16.564356,35,326.787224
-20.143919,27,326.839358
-3.565799,12,326.867221
-0.668971,26,326.920135
-23.854688,34,326.989505
-486.703249,1000,328.923761
15.751941,26,328.972945
-29.2566,123,329.609112
-8.05177,28,329.664243
-1.786563,15,329.694754
-5.733096,14,329.723809
2.046168,13,329.749414
-26.730932,64,329.873164
-18.902856,31,329.932547
7.39055,25,329.981465
-553.84752,1000,331.945389
-514.837541,1000,334.492107
14.461281,42,334.606479
-9.614478,9,334.627299
10.183361,24,334.683556
-10.852032,14,334.714744
-13.338215,13,334.744185
-48.33618,59,334.867901
-2.912033,57,334.981268
-42.091091,120,335.230523
-22.226963,42,335.319622
-23.67675,34,335.421836
-14.262873,14,335.456753
11.548067,34,335.53327
-23.360562,129,335.805796
-5.435923,12,335.830854
-28.261087,54,335.939499
-11.214072,12,335.964596
13.186972,46,336.063685
-8.903609,10,336.086766
6.96991,12,336.113504
-4.955262,36,336.195086
-6.211944,12,336.222137
7.108225,11,336.247562
-14.076617,19,336.289395
-19.557021,27,336.343947
12.273711,50,336.446219
17.403345,27,336.501469
-7.976266,18,336.538199
-3.530771,18,336.575078
-0.415312,12,336.599421
4.54707,21,336.642529
-32.228041,36,336.716922
-39.555804,22,336.76129
-2.690811,11,336.783458
-48.800623,36,336.857741
-6.550343,16,336.896008
-6.384431,14,336.931112
1.132705,37,337.023134
-7.619021,40,337.117968
-8.886609,28,337.183294
-479.944975,1000,340.104245
-13.38034,12,340.136114
-52.563458,141,340.463926
-55.702407,90,340.663736
7.050238,21,340.709699
-6.338891,15,340.740383
-8.363638,13,340.766976
-26.264484,20,340.808058
-30.015858,73,340.969623
8.513502,12,340.995291
-20.289611,91,341.183544
-8.796186,16,341.216351
-22.568748,24,341.26381
-2.683104,12,341.287806
12.052794,46,341.379068
-29.238931,27,341.432473
-8.009288,11,341.454505
-2.436249,10,341.474859
-41.42677,147,341.851314
-20.125325,9,341.87044
-19.88218,17,341.907283
-1.802488,11,341.932877
0.637288,43,342.05532
-23.829525,27,342.12771
0.380059,36,342.207535
-462.623243,1000,344.607711
-17.339998,13,344.635682
-65.536757,105,344.849699
-13.217919,11,344.872204
-8.869791,15,344.901664
-42.37985,87,345.080076
12.286646,14,345.109039
-46.753651,61,345.227312
-1.927726,19,345.263925
14.365248,51,345.36194
-11.152688,13,345.386969
26.284944,18,345.421326
-4.059725,20,345.459617
-65.373123,104,345.666511
4.87783,26,345.719802
-11.348891,12,345.744322
16.793256,37,345.816221
-51.635475,95,346.00012
-4.787903,96,346.184926
-9.166956,14,346.211903
-13.522133,40,346.289777
0.258472,14,346.31706
2.957215,39,346.391189
6.033686,21,346.431142
0.568364,36,346.499848
0.687865,14,346.527174
-52.525525,103,346.726202
-12.731785,11,346.747266
-14.978258,37,346.81921
-14.553827,27,346.872892
-19.355983,39,346.952182
2.185949,41,347.035962
-10.768023,12,347.07157
-11.778813,33,347.163856
-30.45874,96,347.3821
47.681998,94,347.599132
12.909837,48,347.727157
0.932868,23,347.790129
17.128611,27,347.862965
-440.812263,1000,350.646677
-39.592482,29,350.706076
-0.393795,12,350.731862
-13.272268,19,350.770621
-5.940897,11,350.792506
-424.139157,1000,352.822977
-0.671551,29,352.878919
-7.722071,47,352.976222
-7.103162,19,353.015745
2.308717,11,353.037385
-8.068363,58,353.149368
-43.215083,51,353.68749
-48.411864,73,353.861761
-10.847195,45,353.966316
-5.116302,10,353.988864
-8.002329,13,354.02126
-4.954471,13,354.051546
9.605874,30,354.120508
15.58313,62,354.262805
-4.878662,66,354.412775
0.720082,14,354.444481
-31.927794,99,354.677886
2.351241,15,354.715868
-5.946766,15,354.747023
-7.01012,11,354.768568
-15.026999,21,354.809722
13.813395,38,354.883909
11.770991,90,355.102248
-12.839157,20,355.140997
-3.154094,24,355.187236
-1.243583,37,355.259149
-33.232385,34,355.324664
-7.419583,38,355.398705
-85.731625,110,355.620104
9.335385,60,355.746115
-9.360352,13,355.771688
11.479588,24,355.818475
-11.696841,22,355.862602
-64.870631,64,355.986848
22.119329,110,356.200932
-26.559256,38,356.276589
-2.487587,8,356.292448
-423.783794,1000,359.009581
5.304158,19,359.050307
-25.158836,109,359.277133
-14.260996,30,359.372159
1.377343,21,359.427862
-15.14185,35,359.499484
-0.08038,12,359.523322
5.655268,36,359.602108
-18.794698,17,359.635933
-27.110946,31,359.698034
-13.545733,18,359.733717
-20.505939,87,359.91125
-9.010068,12,359.935575
-15.939496,34,360.011804
15.736809,85,360.18279
-45.275985,106,360.398512
-14.306135,11,360.420572
-28.223474,23,360.469072
-14.410413,77,360.644791
-16.945706,38,360.732899
26.858896,48,360.844834
-1.943387,39,360.93586
6.386002,45,361.041118
0.867442,13,361.07319
-0.328443,21,361.12225
15.710192,68,361.276505
-42.348916,41,361.368231
-53.162147,82,361.550578
-470.587119,1000,364.010819
6.910234,26,364.061442
-18.553548,25,364.109774
-5.450317,36,364.182723
50.727287,116,364.424414
-28.74539,92,364.611987
-25.273829,51,364.714366
14.037415,23,364.759743
-31.773517,17,364.793713
10.131388,55,364.908762
3.116429,11,364.930679
-453.188455,1000,367.025527
3.419257,20,367.072303
-2.655889,12,367.102216
-30.98116,69,367.245383
9.713291,19,367.2831
6.933734,16,367.316859
1.14714,14,367.349041
-29.666641,53,367.471842
-3.622587,11,367.49789
13.090976,32,367.571802
-12.999941,19,367.616711
-0.252521,9,368.141349
-451.120071,1000,371.052852
-1.318682,39,371.170937
12.422816,32,371.268678
2.155952,57,371.421155
-19.823038,46,371.540769
25.276968,56,371.680385
17.263546,78,371.873962
0.885319,26,371.943576
1.524687,35,372.04537
-5.61705,14,372.082071
-2.325977,22,372.137316
-6.007704,15,372.176124
-39.90194,42,372.283125
-6.39126,13,372.314871
-12.965926,16,372.354618
-42.30416,66,372.524388
-10.291044,14,372.559836
23.300873,35,372.652735
-26.124813,45,372.755159
-11.765801,22,372.80284
-8.861776,18,372.843053
35.992084,33,372.919347
-20.626691,62,373.077233
-37.322011,63,373.234213
-23.820417,20,373.278635
-26.737171,34,373.348751
-12.957032,15,373.379308
-422.612371,1000,375.997603
-9.768807,17,376.032369
-49.392991,137,376.298075
-34.356645,19,376.335213
2.007259,76,376.485064
-20.338973,25,376.53351
-13.055608,14,376.560134
-14.290895,25,376.60935
-11.517897,26,376.659929
-93.237176,120,376.890469
-12.637142,30,376.94815
-5.799639,13,376.973877
11.449027,59,377.089622
-0.962988,13,377.115256
-23.17954,69,377.248048
-13.968501,13,377.273089
-5.100191,25,377.321365
-437.181856,1000,379.769655
-57.333561,115,380.035943
22.666482,66,380.174908
-27.98302,25,380.223763
-20.772801,22,380.26635
-391.248155,1000,382.433629
-9.995659,12,382.459324
1.44127,13,382.488496
-2.088639,19,382.535964
-6.089566,91,382.741956
-4.971707,30,382.801875
3.094128,11,382.82531
12.040501,140,383.549761
34.330854,64,383.679798
-3.288562,23,383.732576
25.484826,58,383.853193
-0.600838,38,383.935811
-5.362586,33,384.013594
2.262776,15,384.05015
-361.724042,1000,386.403841
3.210005,13,386.435984
-30.300563,101,386.721752
-40.91834,41,386.831193
-4.129541,31,386.914886
14.31817,105,387.157921
-392.1069,1000,390.091783
-21.243214,26,390.156254
-21.419638,12,390.184516
3.936538,41,390.289774
12.132739,35,390.371969
-18.371552,28,390.453536
-61.370653,105,390.720043
4.557502,12,390.746058
-7.536703,19,390.789004
-41.79357,31,390.863885
-15.607833,12,390.894327
-21.307777,71,391.089648
-335.288454,1000,393.466228
7.123141,29,393.531089
16.567905,22,393.57821
6.645388,22,393.624722
3.310222,22,393.66893
8.59893,119,394.403978
-5.537893,15,394.443052
2.457482,13,394.472665
5.933241,14,394.504609
-2.268797,35,394.584544
22.994939,36,394.673006
20.190747,72,394.848545
-26.030222,39,394.945761
38.80989,40,395.031149
-0.657415,24,395.079006
-11.548778,12,395.103501
-20.594037,31,395.165809
-2.91263,14,395.193824
8.927444,13,395.220014
-1.220946,16,395.251815
8.186861,77,395.404695
-6.5679,18,395.44104
-18.682186,38,395.518545
-13.385591,13,395.544199
10.807407,20,395.586451
-338.446346,1000,397.828073
-6.084234,11,397.851339
-35.138928,52,397.966124
11.985346,21,398.013127
-6.94313,12,398.038274
-10.468743,124,398.284747
-379.038938,1000,401.158454
11.285871,45,401.267844
-1.41292,43,401.382529
-18.123604,19,401.429199
-9.764942,13,401.459413
-8.000214,63,401.603749
6.788165,18,401.643263
-2.034913,12,401.669538
1.779906,13,401.697285
15.40833,42,401.799107
-30.521426,68,401.972029
18.86591,43,402.080761
-7.668553,11,402.109157
48.062013,69,402.281385
-19.752969,56,402.416096
-27.283198,31,402.496569
-8.125884,51,402.622745
8.005238,48,402.738526
8.03984,20,402.787604
-2.756971,12,402.816294
-6.841704,33,402.900899
-5.921761,39,402.992602
19.055619,54,403.122304
-16.54108,61,403.266952
-53.727697,100,403.502536
-48.928429,104,403.766169
4.654991,13,403.798421
-1.450131,13,403.830843
-41.756734,52,403.957577
-25.997985,30,404.043269
-94.696447,123,404.369714
-59.730317,127,405.278901
6.562381,20,405.324
10.280062,50,405.446858
-10.562862,14,405.484166
-7.146097,24,405.549451
-19.792709,63,405.706459
-21.665693,22,405.760984
-6.584248,30,405.838864
6.093536,46,405.953292
-11.899445,12,405.991649
-24.360983,96,406.239182
-2.367425,16,406.280701
-2.669806,11,406.307627
-23.161,35,406.394309
8.991597,43,406.510575
18.355264,66,406.67607
-7.80306,15,406.710061
-12.406433,22,406.759583
-13.469531,14,406.788892
12.634758,41,406.882093
4.537292,10,406.906959
1.687664,13,406.94028
0.449772,17,406.984968
1.327053,26,407.050128
-11.579923,38,407.144755
1.628257,35,407.221329
-12.342582,27,407.278926
5.003705,16,407.312696
-7.450862,31,407.375171
9.218645,13,407.402912
-57.186336,137,407.717081
-14.939749,35,407.80604
22.076326,33,407.881486
-9.554137,20,407.925379
36.121561,47,408.018756
-14.443285,15,408.048754
7.706553,59,408.174791
22.707573,58,408.307473
-15.064427,14,408.343688
-23.158946,53,408.47668
3.894513,31,408.5545
7.953682,33,408.626109
4.360949,33,408.698719
18.380718,19,408.74579
7.863363,14,408.780454
1.939492,26,408.851708
-336.012573,1000,411.6449
25.77632,27,411.700918
-68.352453,51,411.802396
28.840361,111,412.060308
-25.705008,205,412.48228
8.189967,16,412.516593
-5.78804,15,412.546865
11.367651,16,412.578684
45.298293,150,412.879663
27.516336,51,412.981437
-25.04911,46,413.07309
-20.164941,24,413.120919
-30.078399,43,413.206252
1.82711,14,413.234668
12.314316,33,413.299778
18.025855,32,413.364272
-44.69839,52,413.470067
-4.332113,22,413.516809
-13.762779,13,413.544483
1.446485,21,413.59092
5.192353,19,413.632572
4.215214,13,413.660924
-7.174764,21,413.708947
4.330167,13,413.748179
-9.412968,25,413.821123
-5.519312,12,413.855816
61.058515,104,414.089747
0.342739,27,414.144739
9.631034,20,414.187536
-18.581992,80,414.36654
-13.363546,63,414.529913
-26.302073,42,414.632219
3.406068,32,414.707435
5.152989,28,414.770937
-14.359249,134,415.500161
-23.872061,24,415.548489
-3.098764,14,415.578104
-9.442736,13,415.60533
10.048203,26,415.657064
-14.816998,26,415.715873
23.388208,30,415.787709
-10.98944,41,415.888954
-2.194811,11,415.917772
-9.073225,13,415.950429
23.984847,24,416.006934
-5.654696,18,416.055889
30.36444,54,416.20204
-1.542952,11,416.236412
0.698439,14,416.2674
-24.207787,31,416.333807
21.530131,125,416.591419
-8.681106,17,416.625619
1.58077,67,416.761192
26.025868,45,416.852193
15.220279,62,416.987985
-4.152489,13,417.018508
-8.714467,17,417.054543
-7.386008,50,417.163913
11.577014,26,417.225511
7.328248,98,417.434041
-35.902814,82,417.601497
-1.282537,62,417.728695
-30.428087,27,417.786969
15.548777,42,417.881486
-255.248165,957,420.437934
-7.69795,13,420.468644
-2.036709,29,420.534459
-57.071778,58,420.662431
-4.611191,11,420.685103
-0.396421,28,420.74256
14.473366,33,420.810621
-62.616668,103,421.055469
5.630773,27,421.117158
4.708802,19,421.157674
-11.664308,25,421.211388
24.348537,43,421.299172
4.057912,86,421.489872
-17.674402,64,421.619243
-41.739317,28,421.675376
-6.683141,10,421.69539
-51.140295,76,421.845348
-14.879614,13,421.871294
2.682015,21,421.913136
-15.720228,12,421.937026
-19.54004,70,422.106279
-63.368619,89,422.309893
-13.150756,16,422.343232
-11.755872,12,422.368989
11.287586,34,422.436273
1.377063,24,422.488152
4.008981,17,422.528543
8.966908,31,422.603645
-14.482734,32,422.676119
-13.458319,15,422.710036
0.653373,23,422.761938
2.406012,11,422.786904
-282.9322,1000,425.44948
-31.100436,34,425.531443
-5.740483,11,425.557166
17.772796,55,425.684966
15.322138,102,425.925508
-72.59967,84,426.11996
-16.956006,18,426.162796
9.674462,30,426.22966
-29.929716,39,426.320683
-7.766517,51,426.433269
-188.720061,1000,428.521206
10.492024,32,428.582478
-12.578601,36,428.651875
-1.808685,11,428.673397
6.526954,13,428.698464
2.503893,15,428.727977
1.907677,56,428.838821
39.446266,62,428.972785
-4.995132,12,429.001058
13.158692,73,429.167341
-1.130146,103,429.404439
-6.626764,19,429.448609
9.455479,27,429.511848
4.653971,13,429.540792
21.165067,130,430.304089
-32.182501,60,430.422041
1.210028,23,430.471641
-43.698078,84,430.674702
-12.532265,76,430.824635
26.567743,35,430.892928
28.438423,50,430.997103
21.181317,132,431.252688
2.014215,11,431.274265
3.530134,22,431.316864
-316.045768,1000,433.67885
2.705215,28,433.735678
-2.981809,28,433.791353
-224.085036,1000,436.254146
4.368887,29,436.310668
-4.204647,13,436.336416
-3.912293,10,436.355526
0.785207,14,436.382469
8.381849,20,436.421877
24.872626,21,436.465034
-12.344772,75,436.620903
-2.082549,12,436.644755
18.692698,85,436.810567
7.692523,125,437.071042
42.171026,68,437.231559
-6.862585,13,437.261302
8.865418,12,437.288149
22.338659,39,437.377428
5.467932,37,437.462218
20.47892,94,437.663418
34.699698,37,437.747805
48.512289,34,437.825985
-18.671429,43,437.917348
7.002308,35,437.986833
-37.499842,119,438.23244
-34.062208,88,438.425186
13.938657,96,438.611127
10.766865,13,438.636108
-0.208982,30,438.695071
2.483173,36,438.763934
5.851481,24,438.812607
-0.351808,12,438.836063
1.955658,25,438.887537
37.143606,98,439.098272
3.996311,30,439.156621
-0.600942,31,439.216913
-8.983439,30,439.275531
4.068173,53,439.889231
-6.328354,64,440.038148
-27.460059,244,440.58649
-3.869397,16,440.624685
-2.019834,12,440.656244
15.527927,36,440.780094
30.985382,51,440.95084
12.567434,49,441.073028
40.402251,51,441.2049
-9.551632,12,441.236837
-0.200832,14,441.27584
12.831098,24,441.340537
-25.815429,40,441.444388
-24.885852,98,441.696758
-9.214929,12,441.736491
3.035317,40,441.84688
39.858067,37,441.96462
15.972813,13,442.014705
-33.975732,72,442.222761
15.545424,51,442.352661
-7.186977,13,442.397484
-1.048156,12,442.447734
12.148026,70,442.664466
35.25978,41,442.787328
13.603248,68,442.988902
41.419905,75,443.221254
-207.992035,1000,446.355363
9.109745,27,446.419359
-33.262672,85,446.616867
-6.216065,47,446.719618
14.029762,37,446.797725
5.877904,16,446.831359
-9.861423,12,446.857922
-28.053474,80,447.060142
4.434798,22,447.115692
-0.001219,14,447.149508
-11.687031,13,447.179011
-8.597973,28,447.236272
-1.09449,11,447.259491
23.130021,99,447.455955
-22.508955,36,447.527633
-0.436107,11,447.549485
20.07724,25,447.599875
-13.527514,12,447.623866
17.948438,24,447.677439
29.19277,125,447.945805
-28.864489,33,448.01157
4.485998,31,448.072466
-73.900619,176,448.419426
10.206753,19,448.455734
-6.406363,12,448.478858
-256.05005,1000,451.093981
7.516619,15,451.13871
-3.973542,19,451.184409
-10.166363,13,451.215495
7.239751,23,451.267005
-13.714038,42,451.356376
-11.889434,23,451.404038
7.551561,30,451.466195
-9.05209,21,451.511055
-3.15466,11,451.53399
9.674421,17,451.569417
-1.32396,15,451.601279
-5.076836,12,451.626701
-2.588369,12,451.651358
-2.13293,38,451.738466
35.182706,47,451.860723
-161.523293,1000,454.31412
-20.796616,42,454.413026
-16.656228,30,454.486369
19.409442,39,454.582021
2.600764,12,454.613671
-9.116172,36,454.697507
-1.565396,27,454.758599
-22.118487,62,454.918827
5.096466,10,454.945385
-250.73966,1000,457.638042
7.156278,26,457.699743
-59.423707,217,458.242232
1.145227,29,458.366007
31.683273,52,458.556179
-6.627512,12,458.605613
10.506843,24,458.675539
27.644508,86,458.941157
2.834299,78,459.129128
0.599927,28,459.197452
12.256755,21,459.249498
0.543021,12,459.280264
10.782651,28,459.352852
-3.924844,15,459.389407
6.690139,12,459.417829
2.306012,50,459.546946
0.607488,26,459.611893
27.486978,87,459.826452
-8.698258,16,459.866297
22.040647,188,460.317492
-0.502828,14,460.351327
8.667741,72,460.527672
31.397149,52,460.643069
8.413547,12,460.669011
2.972069,12,460.694174
-6.728013,12,460.719198
-22.304153,79,460.881524
-19.381856,14,460.910258
5.432782,88,461.554316
-13.519919,48,461.652485
21.847541,24,461.701122
-2.6736,13,461.727526
-8.904664,11,461.749522
9.018204,23,461.795656
-6.264573,18,461.836343
-2.428517,36,461.909002
0.041663,12,461.932925
-9.132169,51,462.039163
3.51352,34,462.111269
9.136919,24,462.159983
-193.343742,1000,464.535892
-11.922357,26,464.607046
-1.00805,11,464.638433
-6.698921,21,464.690225
14.260272,27,464.754526
-30.199251,46,464.867095
-1.508236,33,464.945055
9.759358,29,465.008872
31.04604,69,465.181087
-51.91487,98,465.429333
4.054936,39,465.521638
9.922437,39,465.610821
-4.676042,13,465.642213
0.586321,11,465.670225
6.842493,28,465.736325
-5.406736,26,465.797831
-4.400862,25,465.855038
2.636646,39,465.939789
6.77268,26,465.995371
-33.638956,30,466.056938
-5.656467,30,466.121864
-199.822534,1000,468.836761
-1.863136,27,468.90412
-32.922993,68,469.093594
-141.910628,1000,471.562679
35.049149,135,472.422217
-10.837643,13,472.456051
-23.443115,29,472.532661
-4.461343,12,472.561306
-153.485656,926,474.783601
-0.876745,34,474.86802
48.986995,60,475.013333
-182.398207,1000,477.841054
-20.460361,65,477.98513
11.540035,22,478.03748
-2.851787,13,478.069523
4.44524,13,478.102013
3.58883,11,478.128517
-129.212198,1000,480.414129
7.086241,38,480.487306
38.95532,123,480.725375
8.860341,12,480.748298
15.543271,102,480.948127
-6.717559,12,480.971196
-3.862104,11,480.992455
24.554225,22,481.034471
-17.422049,19,481.070705
-0.552857,87,481.23749
18.438641,42,481.321776
-5.894465,13,481.347086
4.247602,56,481.458522
19.903602,61,481.586473
8.362142,92,481.772423
14.172618,26,481.823456
-13.560979,41,481.905558
29.717854,63,482.466093
6.279465,93,482.687724
-0.638982,16,482.726674
13.823407,35,482.809867
2.026639,25,482.868257
-0.474165,13,482.895427
6.7967,35,482.968654
60.670882,72,483.130696
-13.436949,21,483.179831
-31.503964,28,483.249765
9.178994,28,483.316244
-2.190356,43,483.41487
-5.87081,30,483.483412
0.055485,54,483.599518
4.96623,55,483.715358
-3.855635,17,483.749753
-28.021135,49,483.869978
-0.037713,159,484.235189
5.147635,64,484.384836
-112.763432,1000,486.487852
-12.318495,38,486.577026
29.430527,58,486.709497
3.920253,29,486.777146
10.419595,27,486.841765
4.411799,94,487.590272
12.638469,47,487.71462
42.379154,80,487.896474
19.01036,34,487.968645
22.512999,52,488.121363
1.216081,43,488.226886
9.743076,16,488.268267
70.560461,91,488.509867
-6.58225,12,488.540316
4.622296,14,488.574139
-0.78619,57,488.696595
2.749132,31,488.765105
17.029631,91,488.952273
-2.585297,14,488.986765
11.192708,24,489.039908
-16.176238,35,489.121161
-1.032846,15,489.156393
23.000458,39,489.268316
38.271619,78,489.449522
8.834826,51,489.555776
-6.939295,11,489.578507
42.28275,83,489.749734
6.796121,11,489.77402
13.382375,14,489.805528
-8.208087,12,489.834327
1.192832,12,489.863914
3.878722,25,489.924122
2.218816,179,490.398834
93.853784,219,490.874278
-4.917495,23,490.920188
-9.586543,56,491.041549
-12.359487,17,491.087629
13.604378,255,491.697296
25.41052,76,491.880996
3.063821,23,491.934426
7.883477,17,491.976982
-0.748921,88,492.201716
-4.139114,18,492.244307
10.538199,26,492.785642
29.201887,83,492.99739
-9.290658,14,493.034398
22.487495,27,493.103245
-1.665491,11,493.132232
-34.963422,1000,495.615985
-1.190793,27,495.696878
15.202715,58,495.864397
15.919866,85,496.100724
-12.680281,167,496.615792
23.818957,40,496.701192
-37.68483,1000,499.807897
6.2437,12,499.837043
30.971026,108,500.082252
-27.344443,144,500.373669
57.643652,58,500.501685
35.185262,81,500.686916
32.030696,86,500.857345
-7.398211,12,500.881027
7.65457,25,500.931914
28.642919,42,501.022353
34.458608,58,501.165626
3.845672,17,501.215275
-65.673297,129,501.50706
6.028606,30,501.574358
-5.801325,20,501.620848
12.410656,47,501.7349
35.488135,27,501.79954
4.519257,43,501.885004
0.713643,21,501.925422
30.425365,60,502.046807
28.784582,54,502.153639
9.295897,25,502.202441
52.261351,76,502.350864
-6.324154,11,502.371562
3.915784,93,502.553747
18.545582,114,502.778457
6.015887,46,502.868869
1.921374,11,502.890161
6.19454,21,502.930321
0.979898,20,502.969368
-8.718227,55,503.077469
12.464408,13,503.10282
54.335837,55,503.618399
15.395044,22,503.66114
-5.274851,12,503.68466
12.027367,95,503.869754
11.582071,17,503.9027
-24.158225,42,503.988014
16.963094,50,504.081654
23.251022,22,504.122455
38.809918,80,504.273639
-70.462337,192,504.640229
6.701044,82,504.803401
-6.469407,24,504.854597
-12.769949,1000,507.132854
40.396157,55,507.25344
-6.21761,63,507.410761
-7.161853,25,507.479742
-7.904889,52,507.620875
21.047633,36,507.712167
7.926339,22,507.764585
-97.169234,331,508.991633
-8.65138,20,509.035051
20.38071,41,509.123892
29.267172,24,509.174359
9.883662,13,509.204347
-7.897602,13,509.237174
30.156029,276,509.841368
-4.921766,13,509.869167
-53.588632,1000,511.928291
-30.941424,84,512.098134
14.555124,24,512.144285
-30.638828,100,512.339285
1.61185,14,512.366415
38.777447,59,512.481133
9.836784,26,512.53372
11.726233,20,512.573313
7.432312,61,512.698122
1.509849,13,512.725323
6.403331,14,512.75443
0.047144,17,512.788173
-17.805297,20,513.251763
5.004922,69,513.418315
-1.448503,31,513.491985
5.475762,168,513.824489
11.769882,41,513.905203
-39.991897,77,514.067094
-28.115516,49,514.175567
7.424533,11,514.200845
1.820147,101,514.413149
-12.045271,16,514.447287
-1.142794,12,514.473158
60.005897,74,514.622129
2.364431,26,514.675414
3.070479,20,514.715847
20.645079,20,514.756288
-0.396187,55,514.867369
10.638318,59,514.987529
67.259009,143,515.274003
11.754828,17,515.308456
15.134227,22,515.355179
62.756114,91,515.538764
-82.49542,208,515.962186
19.463595,74,516.111398
38.618432,32,516.175343
26.9859,26,516.228195
-11.516805,12,516.252621
5.365338,21,516.294756
-36.962353,57,516.410959
18.167587,68,516.545203
21.916399,61,516.667545
13.395284,70,516.807448
85.494876,101,517.008043
23.983725,74,517.15722
-78.98685,1000,519.726089
31.037755,51,519.838338
-197.711213,513,520.983407
13.316881,53,521.103371
-0.129427,21,521.147285
0.481159,17,521.182406
-8.840965,14,521.211013
10.120673,33,521.2785
18.589331,43,521.364553
-24.636059,1000,524.376101
-0.720639,16,524.412883
17.958892,31,524.488086
48.293909,32,524.561495
-9.448577,12,524.589182
17.157329,37,524.67853
0.989261,59,524.813035
0.849814,92,525.035709
10.064042,49,525.159363
13.986665,24,525.217086
-6.719547,96,525.448749
56.020926,161,525.864201
12.908484,16,525.904539
12.192427,14,525.937717
-7.810576,74,526.116186
7.243922,52,526.242648
-9.835885,50,526.3717
30.31949,38,526.45908
19.914491,32,526.528987
86.387528,162,526.898529
-0.832562,11,526.925088
-3.811542,84,527.127583
36.194251,55,527.266558
72.051817,1000,530.095798
59.989419,58,530.2135
5.034146,13,530.240644
21.190174,51,530.344461
3.729564,13,530.370748
14.523558,21,530.414766
3.790531,17,530.448875
-71.173125,140,530.731436
0.545795,14,530.761105
8.935875,1000,533.207344
5.358517,13,533.232876
7.915701,86,533.406725
-2.17813,15,533.43631
36.055682,134,533.699706
-1.251281,37,533.771114
1.131315,11,533.792628
19.172725,61,533.912525
-40.403062,150,534.217443
7.94982,15,534.247821
6.427082,31,534.310496
31.872372,68,534.452557
-17.134137,20,534.496006
3.265154,48,534.606794
42.002702,50,534.723679
23.534442,36,534.801636
-9.9991,22,534.848435
9.596023,29,534.908423
31.292616,55,535.017248
11.641818,15,535.046249
8.682398,22,535.091387
-39.762115,321,535.867943
2.107045,32,535.97086
-42.390975,115,536.247735
9.273086,13,536.279242
24.545253,23,536.336284
18.36112,23,536.392378
-7.069799,16,536.437971
17.27371,1000,539.356531
17.347153,26,539.41378
8.629417,24,539.46376
15.139466,41,539.550993
20.495496,75,539.743552
34.255117,24,539.799851
22.626495,23,539.848163
15.997631,96,540.051567
-1.256714,122,540.316868
30.755027,31,540.399648
16.584053,114,540.678407
78.288608,153,541.032076
30.981594,29,541.099329
2.474516,12,541.127147
-35.441064,70,541.287442
10.799581,30,541.356131
24.778016,97,541.553297
3.803732,26,541.616895
3.121027,27,541.687832
97.305167,1000,544.345383
-8.731755,28,544.403711
-26.241979,1000,546.771738
50.981436,66,546.920151
25.628025,47,547.026612
18.39559,18,547.081083
8.606774,110,547.305207
6.138541,29,547.366133
86.126207,74,547.520611
24.963837,36,547.600169
-11.085001,123,547.887162
18.184977,21,547.935394
-10.811438,19,547.985866
-20.609188,143,548.803554
13.803366,29,548.867702
105.534648,1000,550.996996
31.198075,57,551.106424
-77.819401,142,551.380269
28.968656,90,551.557666
27.395847,59,551.671533
2.321388,109,551.883886
-3.723486,117,552.12022
21.518465,36,552.192887
65.612656,132,552.455068
3.487481,18,552.492753
15.727864,16,552.52539
-18.705369,27,552.579745
37.792815,94,552.768181
29.143097,36,552.839889
-7.929861,21,552.88134
55.123377,112,553.521693
7.233753,33,553.588218
27.292517,42,553.672382
76.544756,63,553.796989
87.007342,106,554.008916
16.651983,58,554.120852
19.237767,103,554.319907
54.754691,98,554.511936
17.244913,43,554.596899
52.462137,123,554.833296
10.593487,25,554.88174
24.553178,81,555.039156
16.728001,130,555.290203
29.158884,67,555.418643
5.549266,18,555.453244
12.604888,13,555.4786
94.741005,1000,557.863459
42.23643,56,557.97347
-13.732805,17,558.006969
24.359017,80,558.161149
52.50073,39,558.236118
4.899492,47,558.326581
2.987764,12,558.350077
1.816941,46,558.439304
0.641463,13,558.464845
9.531572,48,558.558437
30.201159,23,558.603273
1.771863,34,558.670367
18.076725,26,558.720682
14.086625,32,558.783841
39.2074,65,558.909498
101.262712,66,559.03815
-3.434237,27,559.08972
-41.252117,156,559.389122
4.283537,13,559.415565
63.583317,74,559.558646
4.961481,12,559.582345
16.726716,124,559.82432
-4.128574,79,559.979381
-31.938193,46,560.069202
30.220247,36,560.138885
60.645179,1000,562.634798
6.801473,16,562.672507
77.703132,97,562.897441
16.717667,42,562.996538
11.951215,20,563.046085
39.806408,25,563.107465
0.025542,20,563.156114
25.387128,63,563.312599
22.309322,35,563.4021
48.350853,63,563.558458
65.016222,50,563.674846
7.167011,15,563.707368
15.60469,75,563.892351
70.111212,157,564.270111
58.122188,123,564.562586
2.641678,13,564.593179
-9.00535,27,564.653142
25.550418,115,564.931096
-21.257101,24,564.982405
16.433141,25,565.037858
38.584624,81,565.206691
21.913163,36,565.283759
-4.538625,100,565.521544
21.857321,50,565.62673
3.292071,11,565.648984
25.875109,49,565.750393
35.86992,138,566.064061
-10.398063,31,566.137521
3.8359,32,566.212255
3.897392,13,566.241303
7.019798,14,566.271641
11.616197,25,566.325709
-0.270478,10,566.348379
-2.263506,13,566.376287
11.848672,104,566.632799
55.003107,62,566.776628
-1.571451,52,566.908402
47.792572,101,567.670873
65.101577,74,567.848012
4.795829,80,568.039999
18.098641,125,568.335389
42.643048,113,568.603046
44.223904,276,569.283171
61.732831,69,569.442731
71.676481,132,569.752054
-6.85696,44,569.853786
123.844168,1000,572.255552
13.785061,24,572.310713
45.193943,39,572.403705
50.429277,60,573.066632
-5.349662,16,573.106866
3.524244,109,573.379376
16.549842,99,573.62005
52.760733,180,574.014417
22.106564,77,574.176843
46.808667,63,574.351416
-16.704893,131,574.718881
154.719305,234,575.265319
105.27817,131,575.61205
-12.867858,95,575.859575
12.496548,21,575.916985
132.001306,1000,578.626363
88.124989,142,578.919652
-1.501703,14,578.948683
39.320383,184,579.328962
45.006828,58,579.449827
5.935709,13,579.47985
48.200877,57,579.600635
26.703646,103,579.814629
4.771349,25,579.873827
37.365692,70,580.068325
-2.171655,49,580.178604
39.937561,158,580.533876
31.691955,38,580.615787
9.05649,44,580.724244
18.381238,42,580.819826
89.527319,77,580.980627
35.828036,28,581.042981
10.048765,29,581.106671
68.916565,61,581.254921
64.792082,79,581.466079
-11.345421,161,581.825095
12.665951,45,581.940032
55.043845,117,582.240333
25.692973,48,582.34695
18.020161,21,582.390762
18.212937,22,582.435411
3.221459,91,582.624675
26.890485,29,582.684489
4.711063,34,582.753472
5.671813,24,582.802234
37.851063,33,583.304866
21.443934,155,583.627462
172.202981,1000,585.921715
115.519818,267,586.502388
12.902804,43,586.59407
36.990806,46,586.692603
13.96425,15,586.723504
6.070846,32,586.790092
71.581782,95,587.007027
4.717745,35,587.093052
126.912979,1000,589.826362
4.792099,34,589.902062
178.534624,1000,592.346143
19.326529,27,592.404964
83.564141,125,592.705736
101.208932,147,593.05054
23.26869,44,593.162288
137.898005,1000,596.013561
216.293578,1000,598.688764
-26.379398,93,599.517404
135.427976,137,599.834767
51.09208,96,600.041784
3.061547,24,600.092586
53.24566,57,600.208292
12.666629,13,600.234109
30.394186,57,600.351138
8.751963,145,600.637684
49.510124,102,600.845049
13.801395,22,600.888818
28.631354,80,601.045389
14.59822,53,601.147619
0.983973,11,601.169713
8.02509,15,601.19923
18.702828,130,601.450078
-3.096445,76,601.596407
-4.450788,21,601.637032
73.917882,1000,603.992281
243.991016,1000,606.314534
5.406677,158,606.670889
19.197645,56,606.786302
2.209119,77,606.945423
-23.305176,49,607.055315
18.550538,20,607.106935
11.534076,23,607.168463
-8.339608,39,607.271676
-0.105535,191,607.751578
10.014358,141,608.130002
45.901423,171,608.517985
36.129722,31,608.594606
112.729371,86,609.284795
0.950152,23,609.333027
-13.110799,582,610.65533
23.304122,323,611.314148
10.118881,13,611.339431
29.093837,35,611.40689
119.494762,1000,613.427386
-0.844742,13,613.458736
14.156986,103,614.151723
-10.810569,74,614.312238
11.258555,62,614.443686
31.67735,33,614.506836
0.539671,15,614.538145
-5.638288,215,615.043955
-1.241548,11,615.069773
12.64157,60,615.214671
21.929819,22,615.26637
27.114426,24,615.323121
-6.674418,31,615.393324
-11.81611,39,615.48953
45.165155,115,615.764567
52.802819,141,616.101235
15.382093,14,616.136424
27.608116,48,616.246508
132.232195,188,616.698698
65.48643,75,616.882903
4.638493,29,616.952563
26.010627,37,617.042458
4.583243,12,617.06884
13.506328,90,617.288784
44.743888,225,617.834835
218.91116,1000,620.767828
7.794305,34,620.839167
27.358103,68,620.998095
196.960327,1000,623.451644
51.893672,176,623.88543
17.783464,17,623.924721
-16.453502,103,624.138193
17.545243,28,624.199417
150.587183,1000,627.371362
53.372292,124,627.650689
-1.934272,13,627.68162
45.372661,134,627.969128
34.134971,52,628.097868
110.65046,343,628.86712
14.413866,59,628.992458
4.706661,17,629.026797
24.303177,27,629.081116
5.519874,14,629.109994
35.403005,80,629.271545
72.130669,203,629.673864
30.173225,37,629.745958
-20.268875,161,630.48152
47.464433,81,630.642854
63.771558,78,630.796239
97.382729,133,631.054593
66.363282,131,631.313683
45.171743,62,631.437129
141.873575,1000,633.75847
5.802698,12,633.79008
-4.867692,14,633.82454
4.452086,21,633.877532
188.787678,1000,636.406438
40.255745,39,636.485784
129.987301,1000,638.507148
140.302985,1000,640.918575
2.568364,72,641.061603
17.255045,22,641.103333
9.924887,13,641.128179
40.844024,38,641.20434
34.199018,40,641.282706
23.300212,46,641.37141
-46.958839,85,641.548458
307.228542,1000,644.00296
256.667737,1000,647.073855
14.272842,28,647.13917
10.488887,19,647.180625
21.890409,33,647.256879
38.529226,36,647.34347
17.531429,160,647.735262
21.416763,55,647.862275
9.774894,38,647.954126
23.060794,72,648.130758
31.076658,73,648.292027
116.164017,137,648.61053
3.912089,84,648.811055
34.689938,134,649.144812
41.841633,60,649.293452
50.710149,52,649.4177
17.390112,45,649.530827
22.682871,54,649.662119
18.984324,62,649.808779
87.984272,269,650.974423
20.715338,139,651.293885
83.537635,209,651.798964
21.268424,278,652.459432
41.476694,132,652.739391
34.317135,60,652.863349
31.127911,65,653.001115
81.606529,83,653.170329
33.321643,780,654.764139
31.446147,41,654.844591
6.184021,33,655.326432
27.118051,53,655.434172
102.511791,210,655.850694
0.831871,24,655.899052
0.142429,52,656.002139
63.825889,73,656.146821
9.483024,44,656.232727
216.439514,1000,658.245148
-36.329206,126,658.494111
104.760213,162,658.832916
85.275013,229,659.288985
91.809424,366,660.468024
-11.443739,28,660.524639
27.489053,35,660.594513
278.324115,1000,662.657506
84.918373,85,662.825217
7.552563,28,662.879765
220.655054,633,664.540139
35.367554,80,664.700982
-4.166675,36,664.773977
17.448957,62,664.900149
23.658946,132,665.172051
12.568662,18,665.208066
267.885737,289,665.83018
247.848367,1000,668.00346
283.443979,1000,670.529514
19.191696,49,670.625339
28.063342,89,670.803099
32.530847,44,670.905762
28.099361,58,671.047518
30.274117,27,671.112175
274.854575,1000,673.547191
53.766184,56,673.684609
151.73445,182,674.57481
105.67976,148,674.891856
22.748484,67,675.039244
44.941765,99,675.263457
26.13425,27,675.329731
120.61382,161,675.673227
33.644143,457,676.578622
268.239929,292,677.145223
13.424048,19,677.183571
250.60748,1000,679.788694
421.661182,1000,682.328094
8.341329,27,682.395009
362.725191,1000,685.496419
5.154422,20,685.539996
317.733259,1000,687.934009
99.499804,647,689.411436
9.843835,16,689.444991
105.498105,119,690.180379
62.650086,322,690.906777
10.263065,13,690.937777
124.682522,198,691.351784
10.820778,20,691.395095
66.418351,139,691.753176
-19.390891,112,692.053392
75.263502,85,692.26725
53.520818,100,692.487404
110.788613,125,692.775485
52.88231,52,692.885112
23.081542,38,692.967973
-12.87471,398,693.779919
6.513953,20,693.820125
39.762932,43,693.906616
13.654408,30,693.966403
17.974397,21,694.008661
65.3532,101,694.203883
-2.076622,129,694.453617
376.970221,1000,697.012655
267.270403,1000,699.310863
114.473138,97,699.927361
334.94263,1000,702.218848
354.353364,1000,704.526178
93.36306,162,705.322357
326.365353,1000,707.433825
142.112114,212,707.971278
42.794487,52,708.080158
308.041265,1000,711.600257
280.195557,1000,714.421507
38.744902,140,714.811087
41.20402,26,714.883988
43.736004,93,715.134606
3.248312,19,715.190108
390.289448,1000,718.403694
57.217329,89,718.647774
1.066912,15,718.688822
71.059942,81,718.909921
-0.800663,53,719.03827
79.93565,101,719.321951
41.040823,129,719.680776
40.764233,58,719.821989
1.417803,14,719.856317
168.538374,272,720.641077
75.179565,98,720.920161
342.495616,1000,723.988219
1.792082,14,724.026526
279.977379,1000,726.543483
32.040685,47,726.676292
75.547546,103,726.950885
69.32217,179,727.376252
374.658722,1000,730.727641
174.922785,232,731.371579
29.488636,40,731.469341
98.088677,164,731.904031
85.972215,83,732.129329
386.671271,1000,735.650278
94.414816,165,736.099445
26.608232,30,736.179863
38.345887,41,736.291987
152.586378,126,736.654035
36.192438,59,736.821677
385.12516,1000,739.557919
16.995808,15,739.594234
14.88827,15,739.629462
21.173893,23,739.678671
64.721172,62,739.831068
5.143043,357,741.257696
19.075198,19,741.297146
62.010605,79,741.480308
121.759307,249,742.149504
405.524283,1000,744.595715
205.274516,351,745.505846
28.347129,80,745.730247
46.625581,61,745.885681
34.789206,24,745.95181
89.217956,214,747.176087
177.80114,182,747.668267
50.615445,48,747.795411
121.938138,119,748.141738
30.986719,29,748.227473
26.469007,171,748.714272
225.677001,753,750.810912
390.087824,1000,754.103023
16.560555,18,754.1458
93.47997,167,754.66854
10.932248,14,754.70445
57.565806,199,755.262876
31.730272,75,755.45227
27.935485,64,755.627952
350.680685,521,757.088953
3.139559,61,757.265918
181.31818,740,760.079588
20.266182,71,760.252346
41.147319,62,760.42527
11.052582,15,760.465077
81.868143,112,760.776385
458.046187,1000,763.516643
37.203696,26,763.593952
37.079135,41,763.713726
383.538619,1000,767.563732
73.040088,245,768.345379
148.338333,413,769.642848
212.410725,282,770.520293
148.23138,184,771.185787
89.427544,71,771.384467
34.017616,37,771.483593
63.468494,48,771.630756
143.242417,186,772.281878
32.924087,40,772.396433
50.777733,68,772.594676
132.718458,267,774.101547
0.783793,16,774.151339
404.986666,1000,777.094545
89.808839,240,777.7035
34.011357,150,778.101725
-7.308461,10,778.12634
110.40788,133,778.491706
425.575045,1000,781.583589
126.614506,212,782.09122
-6.263177,12,782.119675
508.079321,1000,784.744903
515.293017,1000,788.001656
29.564765,40,788.114652
321.642339,1000,790.992246
40.964877,48,791.120568
26.022961,23,791.176788
15.660063,19,791.226271
-1.754064,17,791.269243
47.662988,39,791.952291
70.753594,78,792.163661
477.527453,1000,794.907349
254.607794,1000,798.509502
86.467415,89,798.782903
49.481437,56,798.952224
238.377723,476,800.199482
108.347315,159,800.63759
130.363968,126,800.953657
16.837622,16,800.99086
13.609096,13,801.022356
62.71004,77,801.196567
235.707871,595,802.657573
159.411581,395,804.203697
254.185556,351,805.05365
102.797773,83,805.245874
155.271489,148,805.62082
80.503102,123,805.932587
426.565945,1000,808.455943
189.200303,340,809.990315
479.215768,1000,812.565888
399.550935,1000,814.772691
20.042678,66,815.363145
207.704562,1000,817.867672
465.146305,1000,820.691718
721.559893,932,823.672796
510.989447,1000,826.024139
88.085745,192,827.12457
444.987173,1000,829.826342
82.488663,68,830.002139
447.489372,1000,833.424814
452.48075,1000,835.781505
496.029166,678,837.414275
134.262608,143,837.773481
86.017115,123,838.068741
436.263458,1000,841.238418
396.251391,1000,843.718163
420.380129,1000,846.691875
360.284702,1000,849.094033
543.169381,1000,851.963654
26.630162,27,852.038525
239.957143,275,852.658763
224.39392,204,853.154523
666.942177,1000,855.972915
386.341763,1000,858.295045
191.019329,412,859.215972
353.855948,1000,861.893652
611.990053,1000,864.110819
250.976938,292,864.737983
150.081601,152,865.487517
488.975217,1000,867.704885
484.620846,1000,870.415794
61.920998,63,870.564296
490.6983,1000,872.964056
337.184725,295,873.702174
417.395952,1000,876.572924
63.255318,65,876.722279
2.620725,9,876.742719
146.838727,178,877.195129
461.138476,1000,879.490105
253.941342,252,880.044842
24.157677,28,880.105845
31.885744,31,880.172933
149.214579,147,880.940316
44.538185,35,881.017163
56.338212,70,881.166852
503.970849,926,883.224339
49.69801,42,883.315046
235.606606,198,883.743251
13.138454,17,883.77987
391.684127,1000,886.368252
390.258795,524,887.511203
534.79287,1000,889.640108
331.626021,383,890.881286
390.731462,516,891.968418
91.272165,157,892.319713
14.694477,34,892.39764
497.08684,1000,894.668475
236.747484,297,895.742494
281.350023,309,896.395736
520.431238,1000,898.555281
549.786993,1000,901.142291
51.806867,74,901.303646
552.984701,1000,903.494941
674.304934,1000,906.333156
27.792306,40,906.437782
583.685832,1000,908.766303
589.42504,1000,911.649698
588.891382,1000,913.984742
112.113204,86,914.21254
285.638307,284,914.890436
107.13875,88,915.127583
453.761778,1000,917.948133
651.634972,1000,920.184385
272.701214,282,920.79899
606.526866,1000,923.509845
105.144601,111,923.788929
547.002633,1000,926.650054
276.887042,270,927.312589
76.659791,114,927.562607
31.008566,38,927.646511
14.10816,23,927.697736
711.05311,1000,930.043587
102.572011,146,930.424956
751.250424,1000,933.595306
17.039131,22,933.647607
374.672062,311,934.399778
545.308401,1000,936.928808
606.107252,1000,940.275071
34.543031,28,940.346908
212.510097,205,940.872529
626.796745,735,942.830912
626.215878,1000,946.176375
164.77942,117,946.572031
88.120013,101,946.877741
559.367256,1000,950.161623
600.098303,1000,953.760161
635.537828,1000,956.211524
67.530014,70,956.370031
720.348865,1000,959.11436
576.458451,1000,961.501028
455.021912,616,963.363031
136.569753,113,963.615196
175.007595,297,964.27875
383.78355,449,965.290703
242.077808,368,966.137364
667.302213,1000,970.1046
75.540604,71,970.284608
566.429009,1000,972.788056
105.585696,70,972.95145
268.695515,408,974.506526
493.318514,643,976.034444
528.474861,1000,978.261083
705.572063,868,980.622069
712.528833,1000,982.809732
543.740645,1000,985.434028
62.416277,77,985.589906
227.614824,205,986.00505
355.664012,413,986.856785
558.40968,988,989.327159
61.265868,97,989.522146
444.853756,584,990.712165
403.086313,839,992.471685
517.733598,1000,995.090516
45.983522,47,995.18701
881.537065,1000,997.457169
222.851115,172,997.810644
364.403456,376,999.041961
411.277732,496,1000.100309
559.277687,1000,1002.229363
230.253626,187,1002.612345
293.432792,329,1003.829523
309.792688,343,1004.666576
1052.71569,1000,1007.043844
910.748802,1000,1009.62557
852.458703,1000,1011.683978
108.825715,125,1011.931934
36.963675,28,1011.990828
581.334294,1000,1014.469239
587.48933,1000,1016.517126
130.405279,114,1016.750557
718.92696,1000,1019.321423
741.654423,1000,1021.469729
1098.470295,1000,1024.009435
672.244191,1000,1026.122875
575.779157,813,1028.267637
617.027862,1000,1030.444183
725.66412,1000,1033.058216
281.542946,285,1033.690677
491.146148,1000,1035.893669
334.08064,293,1036.525879
546.87181,1000,1039.106451
736.429928,728,1040.585344
947.820351,1000,1043.020347
517.811087,1000,1045.062206
1054.087343,1000,1047.561042
323.785795,206,1047.986804
607.122915,1000,1050.07354
878.821722,822,1052.309677
291.351026,356,1053.132205
831.333249,1000,1055.360576
502.68115,448,1056.840716
857.422159,790,1058.687228
684.999734,1000,1061.217787
518.860007,1000,1063.414385
112.150177,71,1063.564949
20.188081,21,1063.611231
157.13831,148,1063.917366
562.257818,615,1065.151658
48.073934,43,1065.237531
555.105923,656,1067.075543
677.719482,1000,1069.250342
892.173041,1000,1071.901593
863.871217,1000,1074.024854
739.8177,1000,1076.613261
383.497209,384,1077.468992
776.736135,837,1079.312523
856.469143,1000,1081.942082
971.695232,1000,1084.004028
563.285569,1000,1086.465696
326.388007,351,1087.203063
970.381331,1000,1089.274816
401.532544,351,1090.431096
256.479982,233,1090.913205
875.037698,1000,1092.982924
808.084274,1000,1095.524885
961.842316,1000,1097.678386
70.799699,54,1097.793151
1055.037192,1000,1100.359795
149.268423,137,1100.65173
814.479358,796,1102.361285
1082.503379,1000,1104.934671
846.868607,920,1106.909989
77.180709,81,1107.081163
814.135331,1000,1109.704416
284.225087,236,1110.236248
1094.051241,1000,1112.351079
396.548829,360,1113.097582
60.739107,53,1113.204621
298.665615,251,1114.135718
812.11543,873,1115.90341
794.193181,1000,1117.905764
533.831306,1000,1120.438518
1175.35915,1000,1122.574162
628.536478,1000,1125.316416
636.829723,619,1126.639411
1093.478424,1000,1129.219554
341.317621,309,1129.862012
907.90015,769,1131.440925
182.331514,194,1131.83781
1016.260943,848,1134.044517
1047.854991,1000,1136.086475
1067.561341,1000,1138.597501
463.494984,464,1139.541513
304.960889,276,1140.124312
1143.998602,1000,1142.731864
1277.463257,1000,1144.8966
1225.996744,1000,1147.522437
297.34989,387,1148.37328
102.868047,69,1148.522589
524.528509,498,1149.601145
947.53197,1000,1152.18325
1091.772132,799,1153.904277
306.534579,227,1154.38644
1063.620122,1000,1156.893874
1163.039961,1000,1158.973513
363.509798,312,1159.606731
930.598267,1000,1162.091275
848.7996,884,1163.964739
1103.213567,1000,1166.634318
587.246011,1000,1169.012173
723.755462,573,1170.318893
1287.194817,1000,1173.043997
489.423132,363,1173.846513
1181.208849,966,1175.895611
1228.115946,990,1178.424357
936.428957,1000,1180.481939
499.002998,428,1181.769964
61.850447,45,1181.863528
681.142293,1000,1183.917757
49.410759,29,1183.976342
1320.227685,1000,1186.511507
1227.285299,1000,1188.665656
424.468852,320,1189.34621
844.838835,717,1191.36106
688.3209,1000,1193.586979
1101.551804,1000,1196.247706
847.467074,695,1197.790524
501.007658,430,1198.7118
1210.090566,1000,1201.310287
551.462476,475,1202.331419
630.751309,472,1203.329756
916.275879,709,1204.795307
90.456809,62,1205.363719
75.552098,55,1205.479235
1135.066391,1000,1207.541091
1297.741135,1000,1209.958918
1303.994614,1000,1212.018144
915.290325,1000,1214.090379
365.592829,604,1215.880383
716.380019,561,1217.106202
1376.59686,1000,1219.740358
1167.898333,1000,1221.900343
198.455309,136,1222.198495
1188.907016,1000,1224.779868
298.790585,194,1225.199452
1200.308408,1000,1227.381531
1204.51114,937,1229.829783
1344.550022,999,1231.92742
481.534814,388,1232.759558
1347.951644,1000,1235.33462
918.524091,1000,1237.497144
1212.305398,1000,1240.030999
1353.728703,1000,1242.080212
830.20137,662,1243.912768
703.417428,505,1245.021143
1192.49985,1000,1247.153834
214.499695,164,1247.500027
111.750329,103,1247.719481
1239.55847,1000,1250.293914
617.66422,452,1251.251662
219.813699,189,1251.651551
692.489351,652,1253.509705
298.785272,271,1254.075381
1318.982318,959,1256.115713
1274.976325,1000,1258.640965
1276.445743,895,1260.516542
261.212965,169,1260.868596
1154.959819,1000,1263.394603
1236.75695,895,1265.242619
1507.290867,1000,1267.725669
62.12436,42,1267.812471
1270.263013,1000,1269.891187
118.246107,85,1270.066018
1364.7506,1000,1272.564044
661.118341,462,1273.52654
297.161883,230,1273.9971
1318.940447,919,1275.893235
645.664394,1000,1278.585695
1336.03924,1000,1280.776143
1287.728156,1000,1283.407357
131.005525,106,1283.637137
701.453526,517,1284.768645
1228.988658,1000,1287.431303
1337.609527,1000,1289.562832
1473.943651,1000,1292.167816
706.419272,1000,1294.3382
1368.478434,1000,1296.858327
750.638497,488,1297.875194
1070.576716,1000,1299.942778
903.437323,1000,1302.467796
852.12925,627,1303.754806
518.492517,353,1304.477338
1472.20388,1000,1307.056783
595.44663,388,1307.876713
752.014792,480,1308.908349
71.320334,36,1308.981604
1143.369804,918,1311.365241
1442.330086,1000,1313.467034
235.647904,179,1313.858509
1303.636635,1000,1316.544191
1502.978163,1000,1318.895371
1419.750965,1000,1321.586847
1164.818131,1000,1323.764048
620.577329,446,1324.707629
738.679372,552,1326.355744
778.416964,1000,1328.507905
880.830957,1000,1331.100289
1402.072498,1000,1333.295346
1430.972678,1000,1336.061757
1355.427376,1000,1338.260697
400.931176,364,1339.099045
721.575733,555,1340.807063
982.848181,757,1342.425557
400.252628,291,1343.062774
801.589105,1000,1345.770251
1124.925951,789,1347.486406
1555.263792,1000,1349.775847
651.197913,1000,1352.494543
33.228585,23,1352.550453
1520.102928,1000,1354.703699
699.72369,1000,1357.361994
714.418882,458,1358.36431
1486.117554,1000,1361.163478
1342.573335,848,1363.010308
967.715615,1000,1365.63325
859.429035,534,1366.751141
65.185996,34,1366.821777
1596.554235,1000,1368.888267
894.736422,538,1370.454543
1281.878115,1000,1372.589692
1555.431973,1000,1375.171514
1579.314466,1000,1377.356477
1008.117936,731,1378.938073
1323.205725,779,1381.087926
1421.773525,871,1383.031224
639.48908,473,1384.098311
776.552219,1000,1386.838969
1366.068616,1000,1389.043164
73.977063,49,1389.151049
765.346205,1000,1391.80429
1401.15392,919,1393.741343
1051.199738,1000,1396.302683
1492.172079,1000,1398.416077
182.208012,113,1398.648473
155.137415,112,1398.87638
655.268238,375,1400.098519
45.862958,37,1400.173675
1185.535795,1000,1402.24948
1390.103612,942,1404.720826
1080.651174,657,1406.156443
950.72646,1000,1408.330609
1347.222626,836,1410.613716
427.526176,269,1411.184619
634.957854,390,1412.026094
687.135089,1000,1414.596653
198.002329,146,1414.898379
1678.887617,1000,1416.937698
43.157961,29,1416.996507
1433.770849,1000,1419.557443
1651.377158,1000,1421.670281
858.387979,522,1422.791454
670.693186,1000,1425.475178
699.784571,1000,1427.695257
921.020222,565,1429.466967
330.3614,194,1429.937007
1207.352081,1000,1432.265522
48.911956,40,1432.352415
946.129157,1000,1435.037436
1580.289276,1000,1437.136703
337.737375,190,1437.514482
1352.92257,758,1439.592878
1640.936799,1000,1441.826352
1090.20043,687,1444.109801
86.773916,75,1444.28382
1601.034987,1000,1446.476678
1087.734906,634,1447.867244
481.781302,320,1449.109367
1652.700846,1000,1451.399285
684.364513,435,1452.410941
740.209986,518,1454.427069
1631.803935,1000,1457.037974
1671.205036,1000,1459.569934
1630.09556,962,1462.636459
153.194952,82,1462.832228
1517.954446,1000,1465.201116
136.37391,90,1465.895712
81.192676,47,1466.001694
844.548685,1000,1468.521231
1282.899381,761,1470.333961
1572.341355,1000,1473.237087
1267.328367,1000,1475.680636
1409.350565,879,1478.17538
534.790111,335,1478.980563
1642.698785,1000,1481.361968
981.084352,1000,1484.267396
911.475309,516,1485.459662
150.444834,150,1485.80775
277.342015,150,1486.194585
953.01239,1000,1489.146521
728.412517,463,1490.335262
846.983258,581,1491.760853
575.853218,337,1493.019589
326.882904,180,1493.415218
1766.05503,1000,1495.618204
1085.24106,1000,1498.411082
437.709789,254,1499.000747
1575.441437,1000,1501.269223
1300.168625,815,1503.494867
1139.741023,787,1505.166995
1553.411399,1000,1507.354275
908.11677,583,1509.250253
1203.328877,717,1510.861798
130.768529,55,1510.984833
1647.957578,1000,1513.788832
971.762122,1000,1516.309057
279.027029,168,1516.687434
1228.518743,749,1518.812993
1677.696304,1000,1521.048494
850.300914,626,1522.502138
825.660006,472,1524.207678
1607.48301,1000,1526.570303
923.723568,514,1527.685948
354.705138,210,1528.134827
285.017311,162,1529.000237
684.646485,396,1529.877943
1686.179644,1000,1532.193809
1474.484705,912,1534.748497
1233.115661,734,1536.420705
1775.306105,1000,1538.747127
1109.107569,1000,1541.608598
360.004638,236,1542.170249
1613.764464,922,1544.850663
1623.727234,1000,1547.182746
60.426606,40,1547.271996
1073.466701,1000,1549.982138
1614.025538,1000,1552.131745
1237.163476,1000,1554.877835
1387.785478,854,1556.795233
1568.542616,1000,1559.014482
1521.692608,1000,1561.788097
411.383539,253,1562.374137
942.659978,1000,1565.263013
649.690881,394,1566.141296
1584.90931,1000,1568.343325
814.738088,1000,1571.309497
1613.42957,1000,1573.578762
891.067002,1000,1576.309239
1658.034244,1000,1578.542679
1522.071405,838,1580.874419
217.592151,110,1581.161285
1749.655393,1000,1583.832043
128.752731,78,1584.04532
148.01633,75,1584.246936
1801.851154,1000,1587.392299
311.688511,158,1587.882029
892.519705,1000,1590.793775
1070.287894,1000,1594.017846
1661.092469,1000,1596.526267
120.18678,63,1596.666883
1745.482388,1000,1599.402709
1009.927551,1000,1601.744617
1283.638942,1000,1604.798905
1896.277157,1000,1607.307925
780.569571,435,1608.421576
1150.187834,626,1610.57512
1795.720414,1000,1612.998594
1510.515928,863,1615.715943
1760.363905,1000,1617.948857
1670.575,1000,1620.916173
1652.319939,944,1623.247712
1540.392398,1000,1626.386319
1744.038314,1000,1628.920277
1833.428548,1000,1632.184619
224.185348,107,1632.432157
148.17322,92,1632.699831
1833.247192,1000,1635.200135
978.476335,527,1636.376414
1840.982687,1000,1639.295759
1728.093027,1000,1641.441999
800.065009,498,1642.973259
95.281245,70,1643.121374
1762.116361,1000,1645.255296
454.370754,247,1645.781243
1600.154101,939,1648.540752
1116.967078,1000,1650.892983
732.113129,409,1651.851459
222.959547,127,1652.15974
1480.91425,798,1654.73662
1906.918671,1000,1657.525695
406.356458,235,1658.166005
1805.465573,1000,1661.558829
1769.790305,1000,1663.894971
1096.439021,797,1666.089718
417.166383,223,1666.610287
1471.2474,1000,1668.884816
1611.80921,908,1671.411837
128.094519,87,1671.628337
1008.109872,572,1673.048902
214.886711,112,1673.309454
952.823682,1000,1676.673027
836.491605,433,1677.766418
1117.820955,1000,1680.638446
541.057976,292,1681.87007
499.596332,288,1682.569796
332.875359,160,1682.959186
720.50102,387,1683.874103
1054.508709,617,1685.310813
719.2147,344,1686.150295
246.961825,126,1686.431353
1115.532176,1000,1689.286707
568.158864,309,1689.999846
1920.360254,1000,1693.088058
1839.929895,1000,1695.674493
269.602093,151,1696.16853
897.698149,1000,1699.340857
1919.466743,1000,1701.698118
681.467323,419,1702.651931
1869.232556,1000,1705.413
1130.699784,590,1706.669402
614.602297,308,1707.341518
812.349834,472,1708.449487
271.577937,154,1709.34629
1106.131916,1000,1711.685902
343.337016,164,1712.065268
1828.394402,1000,1715.18688
623.110613,1000,1717.993331
1434.976197,767,1719.7868
86.268882,53,1720.463294
120.293012,86,1720.659151
1221.956105,1000,1723.109784
1472.684746,1000,1725.714259
919.812438,477,1726.698593
1711.043493,1000,1728.735579
1580.218926,1000,1731.204497
760.610535,1000,1733.371237
1975.79809,1000,1736.041764
1705.381333,1000,1738.272604
1026.477754,1000,1740.990569
107.766406,57,1741.118247
310.850589,209,1741.586018
42.175808,25,1741.641543
334.504017,216,1742.135797
1884.277421,1000,1744.37559
710.006873,410,1745.796138
935.81093,460,1746.917909
261.353386,137,1747.265072
1881.345632,1000,1749.72655
904.694699,450,1751.427261
410.287054,207,1751.927287
1529.441155,778,1753.767389
736.070338,391,1754.65853
1929.091691,1000,1757.568155
639.183544,364,1758.406136
766.145898,349,1759.184887
1373.921901,771,1761.538011
1860.770854,1000,1763.867914
772.928032,373,1764.665537
838.119844,1000,1767.295674
1831.195662,968,1769.493048
701.555879,391,1770.368055
1850.93497,1000,1773.239283
1709.504865,871,1775.403276
869.257597,1000,1778.250012
606.672829,1000,1780.612965
1683.497601,1000,1783.450562
774.902484,1000,1785.915892
613.749918,337,1786.730982
890.503388,440,1788.348776
1253.683941,687,1790.01111
458.594627,306,1790.718754
1806.766337,1000,1793.509542
1555.656961,791,1795.547019
378.828703,225,1796.110618
1821.61403,1000,1799.192083
1953.470055,1000,1801.935212
1972.754486,1000,1805.407119
87.302908,65,1805.588172
753.896248,403,1806.852644
1915.253321,1000,1809.581257
1930.0568,1000,1812.986221
840.497033,1000,1816.076253
836.756456,1000,1819.575245
1821.728402,1000,1822.759757
908.551612,476,1823.988529
1783.642192,1000,1827.135708
1166.357149,630,1828.606479
1779.752256,1000,1831.598102
1808.402456,1000,1834.159965
823.421262,380,1835.046136
148.38047,81,1835.251012
593.639626,326,1836.704425
1757.068929,1000,1839.755315
1820.063719,1000,1843.268691
581.462507,319,1844.141611
1501.395605,1000,1847.058135
1286.637736,1000,1850.277781
1303.174463,740,1852.016732
1584.955412,1000,1855.039905
1953.69536,1000,1857.323916
883.220042,1000,1860.109285
1105.318014,1000,1862.348472
1353.159961,694,1863.966582
1919.004734,1000,1867.17742
1761.615193,1000,1869.821219
1851.685806,1000,1873.052542
927.207277,460,1874.298047
2054.771616,1000,1877.169631
1906.300721,1000,1879.476863
266.231355,168,1879.935279
1937.169526,970,1882.560236
1181.60992,671,1883.981966
1838.585148,1000,1886.149811
2043.234744,1000,1888.973921
134.062988,67,1889.149679
1099.312119,1000,1891.553883
1959.595701,1000,1894.486404
109.249984,57,1894.61677
770.500402,413,1895.552467
1955.109028,1000,1898.399549
1948.380672,1000,1900.796756
1085.069177,1000,1903.645343
1728.38207,1000,1905.975691
1833.227279,1000,1908.677461
1838.852802,1000,1911.058505
156.009681,99,1911.276154
201.492686,104,1911.504331
875.008671,532,1912.749355
1384.61133,748,1915.002014
1877.156739,1000,1917.354001
1762.488296,1000,1919.949834
2081.063327,1000,1922.079174
322.655715,162,1922.426639
1953.383568,1000,1925.005462
1856.496928,1000,1927.136694
1925.472465,1000,1929.656703
279.479564,153,1929.976176
159.565165,82,1930.143246
1904.987996,1000,1932.173798
1924.76639,1000,1934.600925
1050.970079,509,1935.639312
1005.079847,1000,1938.242896
1554.975816,808,1939.996362
477.803514,271,1940.593989
1829.919526,1000,1943.347068
1247.075165,1000,1945.570979
1958.402568,1000,1948.242232
1906.886099,1000,1950.443165
921.728741,433,1951.365699
620.787798,306,1952.023644
1889.413462,1000,1954.566514
545.278652,296,1955.179685
158.415405,93,1955.373146
893.802136,469,1956.338558
203.418425,88,1956.521267
2019.385408,1000,1959.110947
708.564464,1000,1961.230981
208.266484,94,1961.428102
1887.35986,1000,1964.001316
1223.357069,1000,1966.180292
808.522707,1000,1968.867854
1886.12334,1000,1971.068314
750.859868,397,1972.417959
928.955138,1000,1974.614292
420.190833,209,1975.06149
1045.184699,1000,1977.871309
1143.021087,524,1979.045163
1946.393813,1000,1981.389357
1002.857815,503,1983.324705
950.831156,1000,1986.188539
1983.056092,1000,1990.730726
1827.226761,903,1993.647907
1903.892459,1000,1997.136579
1909.494399,1000,1999.475301
1310.76102,1000,2002.251242
2047.55724,1000,2004.694071
1699.160689,843,2007.232655
1563.679524,1000,2010.006513
2064.336276,1000,2012.189287
1550.982451,1000,2015.047888
931.572391,455,2016.331859
1881.185485,861,2018.799291
2078.024735,1000,2021.134976
1218.718338,620,2022.57807
1830.178816,1000,2025.367957
2070.022669,1000,2027.543148
934.318059,1000,2030.29799
432.445377,239,2030.805328
1921.877932,1000,2032.893478
1953.284952,1000,2035.35757
589.169519,295,2035.962029
690.550212,1000,2038.824418
684.6895,1000,2041.563559
1663.335198,811,2043.743487
1065.343641,1000,2046.709287
1938.432852,1000,2049.191417
1975.971206,1000,2051.88627
884.740916,1000,2054.227009
2066.741968,1000,2057.299427
1972.115186,1000,2059.728363
1989.154572,1000,2062.593058
1142.110361,1000,2065.210837
1845.153528,1000,2068.546137
2005.508188,1000,2071.344784
2048.044788,1000,2075.729772
369.361201,157,2076.186837
1994.756319,1000,2079.18275
581.108015,303,2079.934617
768.820863,520,2081.994054
1993.915582,1000,2084.54579
1118.01545,1000,2087.533185
1278.688893,1000,2089.770837
2120.702146,1000,2092.502568
573.066391,283,2093.191415
1511.361718,689,2094.864082
1938.447833,1000,2097.847342
586.6152,298,2098.61939
1940.00043,1000,2100.943184
1464.392932,716,2103.239795
501.003502,241,2103.802186
1988.866028,1000,2106.079476
2177.105929,1000,2108.79421
2024.538883,1000,2110.919766
2083.176832,1000,2113.473451
872.486189,1000,2115.57594
1143.510831,550,2116.705175
1914.833458,1000,2119.319262
2077.153489,1000,2121.674391
1525.794023,779,2123.940171
1033.741502,1000,2126.572482
1376.531698,643,2128.811658
2020.392625,1000,2131.551573
1734.52285,1000,2134.690464
987.801123,1000,2137.337127
1000.494276,1000,2140.052388
2066.983544,1000,2142.15338
2181.782257,1000,2144.688529
1991.713469,1000,2146.751093
2059.387222,1000,2149.27233
2178.382937,1000,2151.354736
1942.29304,1000,2153.450885
1949.115836,1000,2156.195609
1230.292391,554,2157.464899
1979.608359,1000,2160.245956
1940.042047,1000,2162.435688
1005.48457,1000,2165.426951
2108.296823,1000,2167.787189
1992.987945,1000,2170.752698
2085.281484,1000,2172.998151
2067.093668,1000,2175.665463
2105.087878,1000,2178.014608
1902.757327,1000,2180.760958
2084.290997,1000,2183.229724
2108.324071,1000,2186.524754
497.141983,227,2187.144172
2102.477549,1000,2189.725676
2100.887321,1000,2192.608753
98.070677,53,2192.760364
2166.159796,1000,2195.417715
1499.648847,718,2197.711988
2087.555687,1000,2200.221392
471.787066,234,2200.847302
2048.747372,1000,2204.240191
2005.486838,993,2207.788927
978.47108,1000,2211.734111
1998.289611,1000,2214.500515
468.583821,207,2215.05561
1958.800079,1000,2218.333597
1765.962785,857,2220.343407
1234.456159,1000,2222.94413
2155.094224,1000,2225.100045
181.731337,93,2225.329685
1912.737177,956,2228.108352
2072.327417,973,2230.734891
865.094091,421,2232.128451
2179.212821,1000,2236.569158
1585.723402,744,2239.024936
1243.246884,620,2241.158349
1182.635839,537,2243.373299
2291.908426,1000,2246.055312
1910.901279,1000,2249.048904
1243.568793,579,2250.389407
1944.5384,1000,2252.743458
944.234905,422,2254.259271
2104.729569,1000,2256.412226
2264.45498,1000,2259.597805
2152.016087,1000,2262.361464
2140.321671,1000,2265.461417
952.403024,472,2266.67531
2068.548906,983,2269.126538
1898.15611,913,2272.314772
2040.014047,1000,2274.936204
2045.606331,1000,2278.459582
1972.067222,905,2281.580619
864.639304,453,2282.964565
2029.193309,1000,2286.939428
1532.30312,1000,2289.561215
374.315032,174,2290.007953
1871.413766,1000,2292.912619
706.35145,370,2293.760351
2139.678849,1000,2296.463421
2175.137527,1000,2298.65161
1986.905455,1000,2301.740324
560.950726,292,2302.741036
844.977392,385,2303.70707
1453.796501,1000,2306.015044
1949.965625,860,2308.622647
810.694585,379,2309.637942
1740.256275,1000,2312.160259
1261.982668,582,2313.445396
197.676089,105,2313.658941
1127.698277,529,2314.799932
2091.354552,1000,2317.375537
1585.776397,1000,2319.554785
2220.011336,1000,2322.884774
2175.375959,1000,2325.450615
899.958974,458,2326.611037
1264.486253,1000,2329.460387
2184.904219,1000,2331.733634
1320.726659,617,2333.826525
2202.940839,1000,2336.255685
2327.490621,1000,2339.458021
1696.058579,1000,2342.140345
1510.826293,683,2344.011497
697.610079,1000,2347.851179
1682.24594,1000,2350.662042
612.300405,307,2351.910319
546.177638,271,2352.697246
1069.016972,517,2354.181099
2138.087451,1000,2356.806268
2107.055988,1000,2359.863585
2081.558846,1000,2362.221231
979.757705,502,2364.110557
2053.536833,1000,2366.794603
1111.446154,528,2368.129745
246.533203,111,2368.434904
2147.003525,1000,2371.273269
843.301459,389,2372.36074
1691.432153,1000,2375.668263
1931.751499,1000,2377.953131
1682.355994,790,2379.978108
637.533858,286,2381.378682
2011.015409,1000,2384.212519
1506.041097,1000,2387.898479
2016.414705,1000,2390.482061
2129.289325,1000,2393.698588
1882.645987,1000,2396.183066
1006.645714,1000,2399.38479
1974.100467,1000,2401.787056
1368.62829,1000,2404.280875
1475.653358,718,2406.674294
2081.754249,1000,2409.33536
2155.685145,1000,2412.107692
2016.316577,1000,2414.389519
274.968183,133,2414.809868
879.593125,1000,2418.029308
1480.903495,1000,2420.612568
2121.293888,1000,2423.744886
1934.499901,1000,2426.197553
724.082901,1000,2429.015259
2232.425435,1000,2431.253716
2217.093541,1000,2433.879969
2049.208101,1000,2435.924242
1921.027571,1000,2438.434785
2083.493008,1000,2440.478676
2135.888887,1000,2443.00191
1657.391088,767,2444.585746
2134.797587,1000,2447.134024
2145.78986,1000,2449.299771
1671.259124,739,2450.886893
2163.992859,1000,2453.555309
2164.320559,1000,2455.758501
1151.378412,581,2457.692728
1923.995001,1000,2460.193105
2197.546202,1000,2463.283165
2097.131958,1000,2466.04762
2207.476348,1000,2469.43907
1925.649794,923,2471.911046
855.968873,1000,2474.985768
2227.788731,1000,2477.202478
2015.357836,1000,2479.878803
840.374116,414,2480.658848
239.501753,101,2480.842308
2098.125751,1000,2482.907149
2211.975142,1000,2485.107555
1153.921821,521,2486.161628
1872.904793,1000,2488.496726
2250.404541,1000,2490.305713
483.37899,249,2490.753976
2056.091048,1000,2493.013912
2189.708248,1000,2495.177878
2044.570065,1000,2497.65624
1954.987981,1000,2500.126917
2079.402326,1000,2502.634779
2107.549534,1000,2504.671633
588.262445,351,2505.347049
1291.331486,602,2506.893495
945.699357,1000,2509.042166
2052.093953,1000,2511.527195
2110.621334,1000,2513.60511
2138.962605,1000,2515.958731
2278.97751,1000,2518.118377
1014.054773,495,2519.186911
705.496821,1000,2521.657907
2173.617214,1000,2523.527534
2082.03405,1000,2525.84738
806.746077,1000,2527.768568
1953.952997,1000,2529.96335
283.219996,160,2530.229596
1871.54856,1000,2532.250162
2087.557697,1000,2534.484003
2131.869987,1000,2536.459044
2113.434026,1000,2538.77899
1692.786955,764,2540.088843
1395.902339,1000,2542.806386
2258.005947,1000,2544.94436
1764.279631,814,2546.81508
1321.038512,1000,2549.680596
1225.368965,540,2550.963241
2168.528309,1000,2553.742089
388.169451,171,2554.093969
2206.624882,1000,2556.443706
2041.207715,1000,2559.327047
562.387843,240,2559.86191
2225.616705,1000,2561.978445
