# {"t_start": 1683526968.917981, "env_id": "Walker2d-v2"} 
r,l,t
2.207326,12,1.636349
-6.081944,9,1.659547
1.219712,16,1.699312
4.654056,31,1.7774
4.775662,22,1.83195
20.555857,36,1.919446
-1.443157,18,1.965255
-0.134025,13,2.0004
-3.950917,23,2.057451
-2.497563,9,2.079633
0.650893,18,2.125546
-3.332361,19,2.17317
-0.169407,25,2.238593
-3.554318,9,2.260296
-3.279111,13,2.292758
-1.945751,8,2.312605
5.535669,36,2.401765
7.057311,38,2.502454
-2.872336,11,2.531551
-3.716828,19,2.58011
-2.576935,20,2.630758
1.120404,10,2.656181
-2.14023,13,2.689044
1.77584,12,2.724887
-13.301851,16,2.764864
-4.504485,23,2.823735
8.765761,28,2.89453
-9.153674,20,2.944745
3.029017,16,2.984984
-8.697219,26,3.051704
1.172765,16,3.093001
1.992943,17,3.135806
-9.857658,22,3.193952
-5.039182,13,3.229296
6.076388,35,3.322279
-6.357645,20,3.373762
-0.287232,19,3.426582
-4.988566,15,3.46497
-0.702862,20,3.515702
1.930005,17,3.560579
2.695329,16,3.600301
-3.867359,21,3.652927
2.537195,14,3.687439
-6.183181,12,3.716998
-6.141666,11,3.744619
6.313166,27,3.811345
2.609566,16,3.851037
-6.698926,19,3.898451
-3.110013,17,3.941289
2.587154,13,3.973872
-0.215107,10,3.99856
-1.514303,15,4.036135
3.309771,14,4.071243
-7.321923,19,4.118252
7.826493,31,4.196531
-3.130085,25,4.260089
6.804777,31,4.337093
2.440835,14,4.372772
0.32967,17,4.41535
-3.575469,27,4.486806
1.807722,13,4.52076
-0.893815,12,4.553241
7.86402,18,4.601262
-2.928073,13,4.636708
2.570108,30,4.715394
-1.96156,23,4.7771
3.064887,15,4.816681
4.837416,23,4.877317
-4.659422,18,4.923086
-3.393723,43,5.028612
2.371497,15,5.067105
-1.945021,11,5.094714
13.256461,27,5.171457
-0.839602,21,5.224264
-5.348857,19,5.273658
-0.242899,9,5.297399
0.912395,11,5.32551
-3.452289,19,5.373091
-8.417241,18,5.419304
-2.695374,23,5.477872
-0.84631,14,5.512623
7.835019,37,5.603718
-1.586686,11,5.630908
-11.003781,19,5.682
3.956217,25,5.745841
-1.424803,23,5.805884
-8.111879,18,5.854201
-4.749817,16,5.89459
-3.371805,21,5.948871
-2.438204,8,5.969856
-2.211562,12,6.001831
2.426086,16,6.045353
-2.619476,12,6.07587
-2.232922,14,6.111152
-2.931423,13,6.145166
1.860138,19,6.193041
-3.56962,13,6.225469
1.18548,19,6.279828
-7.574297,19,6.3282
-0.361277,11,6.356828
-1.38582,9,6.379973
3.861727,20,6.431378
4.973153,45,6.546402
-3.286601,9,6.568536
1.010969,17,6.611446
18.452048,41,6.720066
18.484308,37,6.81399
-2.019159,10,6.840365
-1.085605,13,7.570267
-1.889938,8,7.59201
30.398238,52,7.729092
17.726224,45,7.842433
3.017714,20,7.89136
1.838206,17,7.934397
-5.331912,11,7.96253
-1.18581,14,7.999803
2.100529,13,8.034909
-0.884043,16,8.079726
12.722471,23,8.14124
-0.890252,16,8.184623
4.490954,24,8.247031
-0.461251,16,8.287228
2.994948,16,8.327357
8.445645,21,8.381359
1.311887,22,8.437264
-0.952526,21,8.490212
19.568597,42,8.595706
2.330569,23,8.652336
-0.410326,12,8.6824
-4.190707,22,8.738551
10.65107,40,8.837802
-0.135849,11,8.864847
1.752307,22,8.919883
-0.523636,30,8.993624
-1.153056,15,9.030397
2.911491,30,9.103843
4.291992,15,9.141077
0.442488,13,9.174398
0.02292,12,9.204159
2.518198,37,9.297049
0.090738,15,9.335047
4.234506,14,9.369259
0.633321,17,9.412427
2.168734,14,9.449778
0.007082,10,9.475369
13.678507,25,9.542516
1.48603,14,9.581863
2.74136,13,9.613176
7.291495,30,9.69085
9.463906,38,9.790867
-4.976223,22,9.849718
2.165067,35,9.943195
0.227724,14,9.977668
9.541698,22,10.033251
-2.862304,15,10.071372
1.044615,23,10.1303
-0.864806,14,10.186708
-2.850263,23,10.255701
-5.114589,22,10.317594
-0.035001,24,10.379927
-1.566905,15,10.419387
7.593143,20,10.470816
6.560213,35,10.560365
1.373829,12,10.59131
2.498222,35,10.680951
4.284459,16,10.723849
-5.538428,24,10.787915
7.324146,35,10.879249
12.56817,36,10.972832
-1.539158,9,10.996169
1.914538,25,11.060696
3.820893,38,11.163954
2.948503,31,11.243278
9.597375,39,11.341823
-0.2392,19,11.389041
8.533926,21,11.44292
-0.621027,14,11.476474
-4.489006,13,11.512728
-0.729619,14,11.555583
0.440584,24,11.623966
-2.73961,10,11.652402
6.595593,22,11.710499
2.257376,12,11.740941
2.138536,12,11.770654
1.502509,14,11.807604
-1.63405,15,11.846253
1.126547,22,11.903841
-0.846287,31,11.984956
-5.187686,15,12.024026
-6.348127,25,12.088266
2.940072,54,12.228257
-2.513898,38,12.323637
-1.368655,11,12.351628
-3.43624,12,12.381625
4.805236,21,12.435023
18.665185,30,12.514014
5.620495,23,12.57322
2.994722,20,12.623416
1.965617,34,12.709189
-3.679296,19,12.758187
-0.2296,10,12.783828
-4.786552,19,12.832543
19.055261,37,13.563811
2.598918,27,13.63449
17.926846,30,13.71306
20.376878,50,13.841281
3.136841,36,13.936623
4.709799,34,14.026071
-1.91952,11,14.055174
-3.75544,11,14.084302
7.430391,17,14.128556
8.363323,30,14.204137
2.533701,13,14.234844
1.048222,13,14.266376
-5.08865,23,14.328341
3.294441,17,14.377095
0.825364,11,14.407608
12.193184,33,14.493337
27.70775,83,14.699285
3.653014,17,14.740593
7.11506,37,14.8331
27.094632,44,14.95617
1.101961,15,14.996563
23.447921,43,15.112308
1.728002,24,15.172727
7.147808,19,15.217696
2.164824,30,15.291211
32.342215,64,15.483658
4.020684,18,15.53513
5.559265,24,15.609076
-3.820267,26,15.69252
2.462638,14,15.735963
3.492403,25,15.805562
11.397244,55,15.961477
4.763145,27,16.035487
-4.622936,60,16.210549
21.457658,41,16.339569
52.035588,84,16.614761
-6.442618,47,16.759058
6.857798,22,16.823875
4.804871,34,16.921098
-0.512457,23,16.996667
-0.426146,12,17.032048
3.628834,14,17.073588
-3.561316,23,17.140484
5.711914,26,17.21557
2.162968,17,17.292011
-8.653326,51,17.420634
17.440371,27,17.49426
5.135718,37,17.611961
-0.98921,8,17.635789
1.303615,31,17.737729
24.605735,43,17.856221
1.9415,13,17.890038
14.709682,30,17.988191
-4.364244,9,18.020449
-2.409308,14,18.057789
5.591212,30,18.135804
18.637969,39,18.238185
-0.130322,21,18.318285
21.931013,80,18.554405
-0.417652,55,18.727984
2.133392,16,18.779366
-0.786882,9,18.808174
16.422141,34,18.908553
24.888683,58,19.054771
7.885638,51,19.192298
7.436511,29,19.276561
29.418612,46,20.086045
3.623324,22,20.153729
4.25974,16,20.198529
4.403251,19,20.247062
0.961684,42,20.35155
8.034148,39,20.449587
7.3091,22,20.505105
0.989763,17,20.550109
4.473559,24,20.617842
25.87577,47,20.755542
8.060786,28,20.834006
18.455689,38,20.933869
29.52839,56,21.079015
1.605834,18,21.123159
19.949992,45,21.236253
-1.815051,10,21.260699
12.397949,43,21.377889
9.021007,18,21.428399
5.809537,15,21.469755
16.505396,57,21.615482
2.478593,16,21.656313
5.261564,28,21.727437
17.892703,34,21.812385
1.707687,13,21.845373
-2.084065,13,21.877378
3.049566,14,21.91206
0.308337,10,21.937586
11.674154,31,22.016026
-2.122549,14,22.050926
2.292457,17,22.093353
56.432581,73,22.275787
5.095105,16,22.315257
16.521497,35,22.403928
8.703662,55,22.544671
15.535609,52,22.672353
122.92673,127,22.989571
17.561108,52,23.116629
16.555473,37,23.209135
4.678588,24,23.272235
30.515182,58,23.420454
61.274328,123,23.729225
9.093255,60,23.877426
22.245375,88,24.096393
6.951573,21,24.148552
28.734502,88,24.370351
52.932199,59,24.51804
24.456755,78,24.711198
1.560637,40,24.809636
184.516126,117,25.099811
31.747651,56,25.826446
0.213911,15,25.865113
8.708223,46,25.980222
4.828771,76,26.168504
11.800581,94,26.399137
23.600406,54,26.53293
26.790263,47,26.651673
36.168396,111,26.927398
25.034788,51,27.053896
-1.248933,87,27.270136
36.520575,61,27.420341
14.966804,57,27.561591
218.27783,141,27.912458
44.139922,72,28.090238
6.675187,20,28.143703
35.333933,68,28.320991
6.920565,56,28.460264
179.944933,240,29.092596
4.722835,16,29.135902
12.276325,33,29.219569
9.603649,20,29.26959
61.008778,71,29.449049
29.484564,51,29.575967
16.042049,112,29.880173
55.587066,64,30.042617
27.703793,62,30.194816
10.702941,29,30.267159
36.7464,106,30.527496
9.07792,54,30.662237
0.972183,16,30.704031
45.258741,73,30.923722
16.131157,63,31.765802
38.574538,65,31.944942
229.932054,190,32.49112
11.652136,40,32.596863
187.283772,115,32.921706
27.91001,71,33.121313
15.240602,59,33.298075
1.640393,28,33.373901
233.34346,133,33.748883
21.674715,64,33.916474
53.768524,75,34.109628
65.726292,137,34.491228
15.460385,38,34.589165
7.964358,149,34.975984
23.831517,43,35.091727
15.943459,42,35.203182
24.358563,62,35.360848
-0.120235,9,35.383142
20.160972,40,35.482505
41.43727,121,35.789493
5.805955,17,35.830963
85.679622,145,36.197142
15.293326,37,36.290788
10.029271,69,36.460886
-3.927802,77,36.663993
-3.402605,8,36.68861
0.798399,10,36.718054
191.915941,143,37.089232
95.408151,166,38.206261
238.069135,197,38.735953
156.826952,102,39.021793
200.676457,116,39.354387
123.636677,181,39.813796
38.197183,62,39.99039
47.976673,86,40.216225
0.430986,72,40.388908
10.802138,24,40.446081
26.058342,44,40.553499
18.510787,41,40.651063
19.753575,145,41.001613
106.140932,116,41.284982
182.038684,303,42.019059
176.344525,222,42.547997
66.772322,97,42.781404
161.076632,261,44.132529
-0.11495,14,44.16831
228.198961,136,44.560976
104.370729,214,45.16407
48.54429,72,45.373939
117.946713,210,45.955416
27.658923,91,46.192857
38.270946,126,46.565865
50.284934,84,46.846567
205.998319,150,47.236187
210.792114,108,47.539525
44.311226,75,47.736169
316.363069,239,48.353823
40.239796,59,48.505883
291.725686,166,49.062658
69.399177,149,49.514343
58.102683,101,50.539593
254.966963,170,51.007098
85.396506,150,51.410496
129.944227,233,52.011282
202.395652,240,52.627448
274.357545,186,53.104435
236.73823,153,53.502465
14.498184,25,53.567277
236.082724,353,54.576998
49.057762,72,54.770607
466.903987,296,55.600721
271.966612,164,56.655863
75.669844,131,57.02465
202.373328,193,57.528848
347.732535,203,58.058976
287.234527,220,58.605227
277.604956,209,59.17461
114.458222,188,59.668495
375.682004,241,60.276834
296.299189,180,60.751748
316.548932,485,62.49181
317.961654,172,62.905966
122.962336,190,63.369197
270.457729,137,63.700296
247.175301,145,64.053338
161.272002,92,64.303379
90.14277,198,64.913143
128.699535,78,65.113518
146.412632,100,65.367004
20.749409,41,65.471658
133.030496,262,66.159059
411.648817,345,66.990909
195.263744,121,67.273487
61.096992,228,68.369771
161.758933,257,68.975779
323.56869,229,69.507038
53.276947,60,69.645789
255.017639,161,70.042174
214.918875,124,70.475823
277.182422,197,70.948494
121.937255,322,71.721972
265.647316,163,72.134813
137.870185,294,72.922464
377.065674,219,74.12933
180.788141,114,74.418358
316.457388,201,74.977369
51.864458,153,75.401824
347.102694,232,76.073013
252.34066,134,76.460378
133.887407,262,77.21089
198.196378,237,77.859213
243.332889,162,78.277082
167.796312,113,78.571872
324.742156,209,79.107293
366.490743,267,80.516741
8.131539,19,80.578705
313.37187,186,81.185187
285.031747,178,81.651859
211.730252,121,82.019274
224.76139,125,82.360408
190.623891,119,82.702533
307.269245,205,83.270403
382.847845,312,84.130485
209.68243,112,84.418448
322.125259,202,84.938006
213.974839,133,85.271939
358.402863,235,86.44643
451.97282,395,87.540051
348.287751,216,88.111546
326.41361,195,88.615875
694.335,767,90.568946
292.983713,188,91.025978
151.894153,90,91.258245
651.293843,565,93.258355
206.089186,117,93.550189
408.094412,230,94.144563
220.04165,110,94.402589
263.820361,157,94.779979
204.483624,113,95.066678
289.646632,192,95.531215
275.556094,157,95.971165
280.07932,171,96.436118
314.700092,187,96.954256
338.257513,214,98.242548
278.875287,145,98.635362
251.613465,137,99.068671
249.637043,169,99.548756
555.828266,386,100.690359
197.814919,110,100.973386
269.885606,171,101.437862
258.448561,150,101.835499
176.952973,279,102.555639
166.158042,104,102.820178
365.76719,245,103.490028
286.463182,150,104.689619
235.777638,147,105.079405
337.668637,199,105.710532
309.918991,164,106.151086
377.437611,230,106.839439
96.938084,235,107.572294
298.257436,166,108.070596
460.069542,446,109.39852
293.102063,176,109.937517
296.532719,153,110.364769
217.384259,113,111.332546
512.973782,382,112.356967
268.916107,162,112.817103
338.613427,241,113.484214
297.303611,178,114.021784
253.848326,169,114.508432
332.502218,185,115.064191
335.59377,199,115.653082
364.370353,228,116.250858
226.13501,115,116.55243
324.965955,260,117.97359
349.541049,199,118.624063
418.636457,296,119.566167
248.722121,152,120.023924
327.512664,177,120.584181
388.913006,221,121.322809
297.377819,156,121.788199
336.013683,222,122.379811
282.282399,170,122.810928
295.954925,169,123.260193
255.638195,153,123.694992
284.295661,150,124.687363
346.244055,191,125.164529
412.733437,295,125.885387
276.814555,139,126.217035
704.813319,651,127.832926
241.902645,129,128.199386
287.997851,201,128.75067
275.681125,166,129.19947
494.537249,390,130.894777
318.909003,155,131.300147
224.227408,126,131.647251
304.866783,166,132.139825
267.624246,167,132.584862
284.692486,146,132.951887
382.566298,232,133.630712
400.330538,260,134.44009
289.954809,176,134.996049
348.05504,188,135.524817
239.798793,124,135.852584
415.681151,292,137.387468
209.487873,100,137.660143
348.918358,187,138.221674
235.481079,139,138.638886
268.922199,141,139.154133
305.290072,149,139.707528
258.38224,145,140.215142
466.804927,324,141.273595
391.660493,229,142.04527
292.181359,151,142.524194
330.053477,164,143.010798
372.681811,210,144.298905
277.831873,159,144.804166
239.884211,140,145.230012
315.818876,183,145.711901
282.211763,141,146.098592
459.830261,320,146.933319
354.202146,187,147.515926
491.899399,277,148.428196
341.173156,178,148.910819
313.774444,151,149.298036
257.092656,145,149.675388
302.349959,156,150.792205
367.768436,211,151.404273
329.232376,410,152.570268
295.132945,161,153.054183
303.4746,155,153.517669
423.711431,235,154.205052
363.608368,181,154.716771
357.567741,193,155.276223
377.47423,207,155.813195
343.774798,170,156.30858
302.347888,159,157.386999
410.530468,202,157.995273
404.81359,230,158.70335
347.242382,173,159.169243
327.773274,187,159.728726
386.052653,191,160.2924
224.594943,125,160.6465
289.275156,139,161.008989
379.035633,181,161.523198
305.193222,144,161.906621
377.165082,196,162.419629
267.298719,132,162.770052
387.451042,197,163.951605
434.406584,237,164.587439
301.485924,163,164.999425
341.179929,177,165.497825
338.709306,170,165.931067
577.344237,402,166.959049
409.185226,218,167.502412
294.891486,151,167.878283
474.87354,299,168.6278
323.06243,157,169.648382
286.251482,137,170.018875
431.364846,285,170.729547
578.585243,349,171.613885
356.833171,195,172.100395
249.083623,126,172.401378
355.720345,162,172.816937
312.263574,149,173.298703
486.658019,287,174.103096
260.650448,121,174.392802
425.788419,225,175.532401
315.636489,145,175.895995
348.237017,178,176.331181
407.401091,217,176.857749
358.345463,196,177.328765
297.276708,161,177.720947
349.613027,176,178.15324
329.199148,144,178.604644
348.194742,193,179.170567
363.144314,172,179.680589
310.966623,155,180.054714
362.752282,159,180.437444
243.232778,129,181.342565
487.698538,286,182.038435
502.263921,325,182.938497
417.479802,200,183.522154
290.592504,132,183.886516
286.686863,131,184.255029
300.508525,124,184.621099
353.605943,169,185.080625
389.165505,215,185.701682
323.122516,149,186.132772
326.926002,154,186.549318
353.815147,210,187.812424
286.055181,137,188.215178
300.882458,140,188.596497
274.727465,123,188.917294
301.276723,149,189.305091
343.049391,180,189.814262
315.813412,163,190.26563
341.235256,159,190.716229
371.109759,184,191.23839
401.329658,215,191.806169
307.860957,140,192.168707
345.408097,157,192.569156
325.993015,180,193.07056
384.173249,222,194.408771
407.218197,189,194.978644
312.108885,151,195.369288
482.206606,250,196.106104
399.787758,187,196.644068
402.908347,215,197.325631
320.626748,175,197.905408
503.4625,289,198.762698
355.230957,151,199.23437
366.343912,175,199.750225
327.984277,150,200.901687
385.714995,198,201.445917
327.40212,175,201.89599
420.887457,227,202.526442
403.298016,217,203.095775
340.023704,144,203.487345
341.527423,153,203.918455
381.533352,167,204.390351
423.450479,214,204.987689
300.124712,151,205.392457
391.752357,202,205.978787
314.282899,151,207.074485
270.363284,131,207.442604
294.911629,144,207.81165
384.391232,205,208.415974
322.882746,150,208.844671
264.28858,138,209.27158
331.197681,153,209.727825
426.049973,194,210.28751
332.373543,163,210.733497
341.052546,160,211.166162
387.679501,176,211.674339
431.906188,248,212.371654
344.896956,144,212.799893
330.197865,160,213.902339
398.126114,203,214.476195
456.889228,228,215.137044
329.691974,149,215.556362
381.641744,202,216.143065
471.597837,214,216.799372
401.276227,211,217.466632
297.652758,154,217.935412
337.203955,151,218.382343
447.897606,230,219.018873
451.851589,219,220.391778
331.188124,158,220.822054
415.161905,186,221.315018
308.036518,142,221.664655
394.348634,177,222.08969
371.190452,186,222.552388
350.121602,161,222.977132
353.965575,168,223.404494
288.634906,141,223.756953
332.608923,166,224.159119
312.021955,146,224.507458
398.612437,171,224.920533
366.441737,175,225.34781
365.225375,162,226.33612
377.800389,194,226.819107
358.81844,175,227.272711
351.338402,153,227.662335
350.944395,164,228.085785
537.570335,309,228.950933
414.40233,213,229.597957
302.736984,142,229.980247
387.092541,177,230.42257
438.462661,184,230.888578
288.91177,131,231.223098
441.412561,219,232.592832
372.522283,182,233.137078
435.43965,173,233.673754
304.77197,143,234.061629
316.987839,144,234.50165
327.090745,153,234.905322
420.233396,210,235.460937
306.297799,152,235.91879
461.126117,230,236.568551
351.022123,156,236.978452
464.389361,247,237.639561
453.264701,248,238.994309
395.873606,171,239.506879
393.90664,169,239.931069
412.780489,200,240.452284
317.074408,138,240.800428
345.612293,153,241.219478
502.935421,286,241.98018
414.600061,223,242.634588
451.859907,204,243.156814
395.018167,174,243.592486
317.695283,156,243.987982
433.568053,178,244.992827
298.177312,124,245.30171
377.942855,184,245.84615
409.686397,202,246.373738
419.735408,218,246.960537
434.925101,217,247.526411
447.461194,220,248.080325
376.909971,172,248.496124
438.58631,183,248.940394
421.97824,198,249.431815
414.583939,199,250.689149
507.113864,246,251.516613
396.590966,159,252.038096
364.541384,159,252.523922
362.811824,152,253.010022
298.210287,138,253.464148
320.151816,144,253.87291
373.165721,165,254.365275
361.859394,188,254.868375
409.210444,188,255.379183
373.4067,183,255.953429
431.90294,184,256.460137
302.789293,147,257.603995
438.627171,209,258.24979
409.865629,182,258.779308
440.786357,213,259.425373
382.230413,168,259.941348
257.046165,111,260.245049
361.213612,150,260.668607
441.293831,206,261.231676
433.272798,220,261.888983
349.644322,160,262.354409
427.735357,179,262.848948
438.763626,195,263.469822
337.422113,147,264.47775
378.173894,176,264.996142
377.280375,172,265.517556
334.277719,145,265.926491
372.177643,179,266.449779
451.419219,239,267.165321
509.505458,231,267.847685
233.334178,116,268.216619
414.367223,175,268.718456
437.986867,225,269.328291
300.61007,126,269.680482
351.835437,157,270.67951
295.82245,126,271.011804
319.520689,146,271.440851
487.271151,241,272.151426
443.716607,194,272.626277
442.993571,175,273.162028
315.595814,119,273.490486
404.819075,170,273.964077
355.713087,148,274.347677
344.550739,146,274.782812
320.333395,140,275.131236
405.407973,206,275.688626
360.905044,145,276.071152
326.31723,141,277.019184
331.283103,144,277.380611
385.777639,161,277.780455
384.053698,159,278.180262
334.521621,151,278.555927
367.820209,169,278.976498
276.915301,118,279.271856
478.551282,261,279.928562
392.011754,179,280.378487
448.538138,200,280.876516
354.206191,156,281.270967
291.799302,118,281.572156
461.292316,205,282.681159
422.960299,163,283.085364
379.726921,157,283.484122
244.312,126,283.808462
366.065994,151,284.194192
473.628013,214,284.782653
432.140796,179,285.298191
409.241986,183,285.775708
361.437628,154,286.196835
368.108432,157,286.59822
302.836249,142,286.980779
304.382716,135,287.358022
225.886278,106,287.673033
337.884195,149,288.800985
312.376586,135,289.229399
506.742914,220,289.817662
426.076075,189,290.315863
293.817247,137,290.711198
403.469301,175,291.212525
383.419255,152,291.604769
289.134464,126,291.951707
439.880839,194,292.46547
442.388758,196,292.972147
401.094346,159,293.402307
469.187565,195,293.987354
418.631836,172,295.159464
380.585696,168,295.61262
442.114603,196,296.121331
309.134206,132,296.517534
296.935087,137,296.925665
412.550174,174,297.42044
336.126809,146,297.840189
437.758482,180,298.404551
455.636172,183,298.917272
372.11048,164,299.354069
508.151539,268,300.150257
241.86556,116,300.491027
398.308619,197,301.777529
478.857525,191,302.282551
398.577792,180,302.79862
371.551556,152,303.308067
402.702745,154,303.797921
465.64741,173,304.417522
512.413868,232,305.298541
479.583882,188,305.934067
367.347976,150,306.429243
450.164703,178,307.035965
425.820394,174,307.592629
391.432702,153,308.019649
436.429932,170,309.096319
413.61734,160,309.50994
364.03112,140,309.867592
396.565226,165,310.278073
421.726805,174,310.709217
372.948586,151,311.082223
413.129304,156,311.472781
574.998385,200,311.95736
377.315647,143,312.300283
453.604238,192,312.76125
429.455576,188,313.216082
398.421822,164,313.621885
470.815192,193,314.673562
426.703583,180,315.108139
441.864666,175,315.536298
447.492942,175,315.959299
446.917862,181,316.401192
467.721959,212,316.916825
466.760295,203,317.463845
447.333743,173,317.96803
485.178076,201,318.527577
281.110692,111,318.846329
521.91003,241,319.484465
327.752801,130,319.801215
354.100516,145,320.768682
325.120721,128,321.177839
445.510572,159,321.635195
354.863462,142,322.016491
360.003448,134,322.378876
402.330351,174,322.890948
373.368218,150,323.316732
408.610071,169,323.80345
377.308333,152,324.258715
415.654197,172,324.779819
414.17278,160,325.258587
461.96896,179,325.829025
522.358056,187,326.358869
385.618529,156,327.518059
430.30045,160,327.97794
468.449621,188,328.565834
432.26468,198,329.125726
371.853974,158,329.614942
462.036057,178,330.150409
459.291416,185,330.695343
408.900049,156,331.123902
444.625035,188,331.654387
384.057162,144,332.079705
418.570215,162,332.536692
351.598951,145,332.923192
399.186011,145,334.028882
413.034738,169,334.520802
479.617929,192,335.098647
481.210387,202,335.645409
289.824146,119,336.023536
498.576907,175,336.453564
367.057519,154,336.910432
501.643155,223,337.57197
395.086345,153,337.939617
443.561942,182,338.403536
528.377875,222,338.96447
385.032278,162,339.922185
348.133507,154,340.307636
425.785225,159,340.763079
515.141965,206,341.284651
384.537944,156,341.710679
361.141145,135,342.085968
450.454217,175,342.561008
411.400476,144,342.908087
398.403265,155,343.295915
437.069301,168,343.71887
557.321813,208,344.282918
512.745865,219,344.945963
492.190066,208,346.384643
525.925214,177,346.895023
489.323656,176,347.463484
408.674165,160,347.951874
425.814601,164,348.465898
528.692356,181,348.988302
543.196452,259,349.767349
311.257309,129,350.166855
378.417013,143,350.608166
429.632569,159,351.109137
376.538106,148,351.574066
314.608945,128,352.002312
571.724459,221,353.331337
427.130764,176,353.833992
459.331517,185,354.383422
480.892208,185,354.941061
477.192245,186,355.476638
450.909463,156,355.963414
476.517495,178,356.447773
355.121788,147,356.854636
327.202662,134,357.271658
436.169836,161,357.768817
510.359952,197,358.465273
582.706448,196,359.193428
490.967049,186,360.519541
486.752699,175,361.081245
398.520176,154,361.534852
527.499349,188,362.051814
554.636655,188,362.566328
452.534612,173,363.015737
388.732702,141,363.406812
376.898331,146,363.891213
478.847619,183,364.40427
637.914562,216,364.975391
490.26507,191,365.542398
350.084353,137,365.921279
413.885619,154,367.159729
341.68516,140,367.555689
517.621935,169,367.998908
499.92065,175,368.532221
623.990877,204,369.135405
507.825803,178,369.682016
575.576055,207,370.459086
406.041706,154,370.945305
448.938534,186,371.56943
618.602364,200,372.175499
314.835463,128,372.52081
414.939717,152,372.925342
479.067575,179,374.092783
404.872138,155,374.579887
456.598953,170,375.110463
463.748,193,375.664813
407.683794,155,376.116052
620.667817,216,376.75838
483.349494,193,377.383135
429.893813,174,378.000343
467.695162,165,378.484921
672.075638,219,379.155026
378.838555,143,379.582551
612.880321,198,380.916241
421.992821,157,381.338947
485.033544,168,381.806239
448.274814,166,382.22888
370.578114,138,382.57188
524.847259,193,383.051139
480.335846,175,383.489897
571.543836,206,384.001692
508.861506,190,384.476688
500.473439,184,384.992649
357.076732,133,385.424875
516.619372,202,386.005042
420.50585,153,387.018264
382.147372,140,387.368469
453.746209,166,387.83459
521.586878,171,388.271401
569.022226,197,388.783732
572.321069,198,389.393868
379.198264,146,389.850769
666.861256,238,390.509043
308.778179,132,390.90319
593.647641,191,391.429375
560.183648,187,392.011878
490.278114,159,392.467578
525.528381,193,393.839185
512.608435,178,394.406474
416.816358,155,394.837268
471.645483,156,395.265372
376.632035,139,395.632357
126.800547,68,395.814778
534.512846,191,396.372231
514.304951,175,396.923472
541.884764,177,397.502787
562.138598,203,398.108863
583.883016,193,398.683252
413.294304,143,399.138721
216.405145,93,399.428248
529.909542,178,400.690499
489.53317,182,401.246019
640.67739,203,401.889419
567.777325,192,402.4527
549.335186,194,403.043377
591.355833,194,403.578949
623.267985,228,404.17023
522.013267,179,404.644339
532.672913,177,405.154079
524.697868,177,405.598341
389.4051,146,405.998218
434.743556,167,407.126047
446.732697,151,407.561555
427.021958,171,408.066739
592.862244,197,408.566415
614.481942,212,409.101058
269.751938,116,409.387029
570.826903,196,409.877095
570.507447,188,410.348437
545.431363,183,410.799715
403.039888,149,411.192757
624.669299,204,411.780332
412.150263,142,412.143162
574.087363,204,413.41527
619.372802,218,414.009861
622.297617,198,414.511862
537.883219,194,415.003148
369.825635,134,415.335689
484.979574,160,415.736642
691.651394,242,416.339798
424.193878,169,416.757568
490.276721,170,417.180041
669.854325,230,417.756262
348.100065,125,418.097472
672.943606,224,419.451837
405.011881,144,419.929582
659.928418,222,420.557686
402.126502,143,420.932744
560.631139,204,421.456558
682.942839,229,422.049435
751.097545,248,422.690788
530.061011,219,423.260861
592.16988,194,423.764625
473.873774,180,424.244463
452.543601,172,425.308135
440.19955,173,425.764803
568.006515,190,426.246171
504.850873,172,426.733923
436.092539,164,427.182367
804.276701,251,427.827527
515.475097,185,428.334458
626.637672,217,428.903604
375.605318,143,429.321408
559.531172,201,429.837948
624.785541,222,430.448889
515.08631,201,431.72792
439.038868,168,432.215691
518.433533,181,432.74591
528.589823,176,433.26968
535.363048,183,433.73848
466.670258,164,434.168916
601.653217,188,434.654873
744.034791,251,435.353817
631.641862,197,435.885534
590.345481,192,436.38825
460.05754,177,437.45463
432.909067,151,437.854294
645.012286,208,438.45151
558.983166,203,439.124274
637.588386,205,439.869842
659.305805,227,440.512458
417.68923,158,440.987603
603.079775,222,441.726987
373.95382,138,442.1596
656.35062,210,442.769579
567.163416,199,443.345854
652.10192,233,444.671714
560.676287,182,445.23973
507.583527,212,445.948726
675.771488,234,446.69861
370.471659,133,447.112888
408.716227,170,447.670532
518.451143,190,448.30714
609.528608,201,448.934451
391.580191,162,449.452058
624.168013,212,450.068523
633.611041,218,450.736655
580.791616,189,452.067064
658.607883,213,452.701441
648.792276,214,453.376258
595.34078,205,454.052662
669.422321,235,454.7954
528.068993,214,455.416787
483.549502,177,455.978077
424.394461,163,456.500384
656.41886,228,457.164657
492.317758,189,457.669174
624.458945,188,458.781294
556.438433,201,459.283551
647.364858,213,459.815649
688.039488,225,460.377752
671.347116,214,460.908466
537.202904,186,461.355034
513.844814,195,461.844757
652.498082,208,462.44777
854.599833,289,463.29188
550.927199,200,464.471318
711.391192,248,465.105243
582.935495,209,465.646942
542.339395,193,466.125528
607.755942,201,466.620791
492.759785,179,467.116802
402.618458,173,467.594432
639.638301,223,468.250075
705.581381,233,468.929953
580.151845,185,469.422459
486.030578,170,469.905411
599.535455,193,471.126539
594.047983,206,471.695221
365.402533,153,472.1089
719.222548,241,472.734008
654.023816,216,473.307871
726.481398,266,474.012762
947.626836,446,475.26445
571.287823,239,475.919379
649.755248,230,477.302618
609.143504,230,478.05099
730.000722,250,478.788237
407.742026,141,479.207761
564.36334,198,479.712068
710.595173,251,480.355559
694.576374,233,481.022168
689.916552,235,481.716055
727.009037,228,482.370127
622.166436,204,483.609748
590.216483,189,484.135299
659.637663,228,484.877118
200.111068,123,485.231138
637.544236,243,485.894815
685.162467,220,486.451421
519.319488,194,486.934418
630.439416,226,487.512814
635.167504,256,488.205924
515.885912,216,488.832943
663.591041,203,490.031638
626.78294,223,490.619228
780.260932,240,491.290693
753.853317,244,492.010807
695.376462,231,492.669889
631.28896,224,493.340968
757.529,265,494.14917
544.691085,190,494.714863
550.898551,185,495.238044
681.664175,211,496.548989
378.512715,157,497.011675
706.22369,230,497.691099
588.630942,202,498.283571
545.715439,200,498.956951
719.21129,245,499.664789
709.603698,262,500.449099
714.106073,232,501.085974
366.928757,162,501.517823
426.290938,142,501.98613
653.281292,222,503.388081
784.976647,256,504.08883
753.009391,261,504.825185
609.02566,212,505.416046
544.683953,200,506.095416
772.734856,238,506.919431
424.742523,158,507.348802
637.352038,215,507.978626
695.745204,221,508.698592
718.172201,230,509.975743
520.903587,195,510.493113
755.218142,253,511.124769
565.863484,201,511.622931
627.300274,216,512.203511
645.565604,210,512.76036
660.055812,209,513.283212
506.182039,189,513.757992
692.929897,245,514.371021
680.227943,235,514.959091
572.407072,185,516.008292
755.585408,248,516.640921
635.592264,216,517.179069
633.857837,211,517.709061
702.099807,236,518.346824
843.143833,247,518.980552
644.172834,204,519.490267
614.432544,205,519.996272
553.935845,193,520.473902
580.135198,195,521.547923
712.371058,229,522.117923
406.400813,160,522.513198
427.671393,167,522.930459
578.768415,193,523.416448
666.370446,213,523.948284
707.857403,235,524.534816
771.078903,285,525.254093
579.158792,193,525.734471
686.634436,227,526.345036
722.998656,227,527.626489
775.050719,236,528.326586
607.425028,205,528.956485
640.595053,210,529.571424
598.122977,186,530.058036
533.919134,181,530.570572
532.075605,197,531.113032
648.865544,245,531.776779
704.925987,231,532.407517
667.602046,214,532.947898
480.727024,168,534.03106
643.407175,197,534.579719
55.9712,151,535.003937
571.003077,201,535.520704
588.966654,213,536.066234
806.2902,239,536.690439
688.706664,223,537.265891
893.617695,285,538.025876
107.395708,61,538.18579
713.936459,232,538.795906
685.959507,243,540.143135
787.570367,266,540.938918
848.631694,243,541.573341
628.204037,195,542.136588
848.964338,243,542.77672
582.315318,184,543.315553
611.643752,213,543.967961
708.492496,231,544.649241
780.486071,249,545.406592
793.258744,238,546.724425
514.018993,188,547.25227
978.054151,307,548.096128
774.255377,238,548.69998
668.832021,214,549.253007
665.744179,214,549.825266
667.136575,236,550.432337
717.100215,237,551.085785
791.234932,234,551.670333
596.616774,203,552.873446
601.747085,225,553.494527
585.308004,198,554.064962
751.339095,245,554.75918
840.416686,260,555.48964
734.013511,249,556.149672
751.948673,237,556.777914
632.604824,196,557.290346
713.866133,254,557.951863
694.952022,252,559.392545
700.144082,218,560.084886
851.495286,250,560.812769
663.96479,227,561.448799
760.425375,259,562.14212
446.416939,164,562.569455
659.787322,212,563.131663
789.897145,272,563.89777
640.101911,210,564.500631
808.616162,239,565.795912
698.686287,207,566.348372
830.24784,259,567.028882
810.471295,245,567.647166
656.292578,209,568.200369
598.785709,205,568.862264
606.645118,201,569.430497
619.464482,197,569.974105
626.202872,220,570.547816
672.773916,209,571.807356
742.25269,235,572.481461
868.023402,276,573.280777
583.858409,196,573.844333
770.460448,237,574.452045
482.118362,177,574.949786
970.727295,270,575.744738
625.758871,210,576.284964
631.15863,211,576.834342
115.644815,61,576.993404
615.442196,196,578.133878
381.148595,147,578.614461
674.943556,224,579.274639
807.069472,243,579.965815
594.571329,195,580.551268
418.831987,154,581.004895
687.023374,236,581.760235
714.1271,220,582.444274
946.095256,261,583.20306
619.296986,199,583.778975
533.517903,190,584.926745
884.741096,259,585.613485
672.832911,214,586.148704
728.228021,216,586.684114
666.463698,220,587.236494
599.000288,201,587.733391
867.649274,258,588.384758
1059.82745,285,589.149647
747.491732,239,590.37385
562.14079,197,590.901646
759.170638,242,591.50812
595.69694,204,592.019055
962.909585,273,592.779657
693.791364,212,593.326432
774.282845,229,593.927441
855.70861,249,594.527655
612.562777,196,595.089552
740.853811,225,596.340845
754.398663,238,596.941561
757.784945,244,597.655841
884.214214,267,598.400094
607.075243,183,598.924366
642.650328,203,599.544867
662.154607,227,600.161099
343.937128,124,600.512007
417.242383,142,600.879562
651.2462,201,601.397914
847.128678,250,602.653583
728.444498,230,603.249973
769.142916,236,603.865792
663.64545,204,604.548394
675.653959,229,605.186222
1103.834275,299,606.090098
999.839707,294,606.982538
924.132445,263,607.655392
783.566054,232,608.259332
700.866217,225,609.612168
658.726217,205,610.251055
1139.144366,312,611.291696
807.703196,252,612.019023
747.95066,222,612.643726
763.13872,239,613.406133
879.088499,248,614.22259
987.120696,286,615.148724
562.405139,195,616.500138
545.95118,189,617.127082
657.2009,211,617.768705
651.781606,207,618.366593
589.825661,189,618.883954
969.857875,262,619.681871
828.061358,267,620.491794
815.538114,236,621.247585
597.739696,188,621.828897
765.23157,228,623.177629
821.757018,284,624.078064
1082.370054,308,624.95477
707.537309,219,625.570842
647.207313,201,626.265087
861.685746,249,627.080187
367.882133,131,627.534631
572.621993,183,628.199934
924.544825,270,629.146019
759.286362,241,630.640703
1046.713755,293,631.48858
910.962743,291,632.276382
946.898552,274,633.08069
650.227917,206,633.782953
594.156717,195,634.3371
690.1554,218,634.990529
788.055832,240,635.617985
1097.620821,304,637.080489
943.890684,305,637.969367
315.537092,119,638.313737
107.596737,62,638.493821
1111.702559,306,639.316954
782.681448,231,639.9022
423.635509,148,640.275942
796.502697,244,640.893417
793.702747,232,641.475528
1294.554817,349,642.485472
670.485472,226,643.951127
1064.855175,309,644.934718
1181.789676,320,645.921743
861.381906,247,646.726549
535.970138,173,647.249588
1039.747888,295,648.089121
636.663282,207,648.668003
866.376386,259,649.367716
647.077659,202,650.75009
896.641478,256,651.529438
796.333125,239,652.258459
1151.922337,311,653.155353
519.813372,171,653.750927
646.549544,224,654.443708
783.522642,234,655.182893
701.876101,226,655.850993
413.092654,149,656.307087
436.959079,151,657.485863
1198.081219,320,658.385518
687.778004,211,658.943865
676.963701,226,659.547546
1207.897407,330,660.444091
803.683552,232,661.109353
664.276113,211,661.686115
689.105183,226,662.266473
905.079798,277,663.58056
907.654793,256,664.22999
775.2028,235,664.811344
850.957772,254,665.440517
830.141502,235,666.011536
544.272957,184,666.456625
807.716069,241,667.039347
1304.523311,359,667.905052
748.719435,231,669.033749
680.235671,209,669.548243
722.779201,220,670.118063
594.937242,175,670.637147
906.85944,289,671.338931
678.66244,216,671.86056
869.229523,250,672.442774
809.193266,236,673.102937
898.614616,251,673.788766
967.50601,269,675.177515
842.271127,245,675.830537
1123.09169,310,676.726423
866.584155,257,677.486885
896.979445,271,678.330342
1411.141137,364,679.380145
607.34186,207,679.99885
1138.760025,307,681.536477
1079.87476,311,682.483095
897.511478,261,683.270819
367.355322,135,683.715228
1403.24091,400,684.876551
824.136005,250,685.593418
890.434955,262,686.332079
1037.927586,290,687.269965
806.731779,230,688.517722
753.047873,239,689.128726
881.246702,265,689.793234
1342.256954,351,690.649751
1043.457812,281,691.328042
1160.753167,315,692.084807
653.410768,204,692.573438
347.228413,128,692.871093
924.826267,280,694.117062
873.834989,246,694.791345
1085.87783,304,695.561205
995.953214,276,696.377061
1107.324718,307,697.179439
1015.983876,285,697.950449
665.048911,240,698.718322
1341.947388,353,700.251724
907.19736,247,700.925882
868.568874,255,701.599569
957.436761,265,702.274903
873.700668,254,702.995599
1198.267916,337,703.862676
606.429734,187,704.351794
399.339813,140,704.718827
1081.393157,281,705.445666
851.085728,248,706.816315
593.767898,192,707.373581
783.866728,226,708.033534
374.117667,131,708.440154
995.28564,285,709.238742
414.893188,147,709.661373
627.158292,197,710.31248
760.246263,226,710.994435
492.109637,166,711.492256
850.450526,245,712.818633
1087.880917,284,713.589983
965.256755,276,714.302967
400.734219,137,714.681764
683.87896,206,715.332196
1311.807183,354,716.3121
967.481858,257,716.994955
1296.460838,334,717.978655
268.159785,106,718.311322
492.136992,155,719.431063
388.334477,138,719.825199
845.905086,273,720.602147
1118.293489,292,721.473284
547.460933,176,721.929827
764.428853,229,722.565174
1220.980652,319,723.482552
939.964081,278,724.290203
1291.259132,321,725.891606
2483.576751,652,727.620569
1330.811288,337,728.588041
414.37917,147,729.008999
1147.495317,309,729.918715
864.001019,250,730.659544
1636.211541,424,732.434718
956.141911,275,733.147952
740.464611,214,733.713475
565.443815,186,734.196414
1148.954551,318,735.017093
661.154612,203,735.533069
731.012391,226,736.164985
1841.142518,444,737.301452
1075.27796,302,738.792166
792.98165,227,739.428686
609.940012,188,739.920779
420.370614,145,740.316778
521.080725,180,740.832839
778.068387,222,741.407537
638.906735,201,741.93464
1666.078773,408,742.969599
1216.905828,323,744.476991
916.093302,255,745.208076
901.389343,259,745.897137
1722.184833,460,747.196762
955.110118,269,747.925819
1235.275525,315,748.778095
1328.556014,378,749.79479
906.357327,262,751.153504
592.770981,183,751.642125
1376.269304,361,752.605364
579.874915,179,753.077972
792.978957,236,753.712273
1231.425461,316,754.54411
676.532319,214,755.118183
651.542459,195,755.663869
1378.899228,372,757.183213
613.9012,183,757.636194
1181.729803,330,758.436346
1089.169842,299,759.240176
813.675002,229,759.884545
1042.273921,277,760.639073
1469.036532,392,761.663979
1052.114804,291,762.932093
1095.281539,297,763.653102
394.346818,143,764.001263
1100.482925,315,764.760778
425.377444,154,765.141063
1028.304021,286,765.83463
909.299989,245,766.454547
1081.548981,308,767.275694
1002.321985,275,768.587472
1829.863947,449,769.685852
1540.233903,374,770.589505
964.610057,263,771.299746
1065.391989,297,772.089714
1009.513245,271,772.828883
1777.373368,436,774.739305
692.173766,211,775.320957
1858.236341,498,776.598291
1153.995906,313,777.408134
792.882156,229,778.102541
598.674052,188,778.645998
596.398464,186,779.141904
603.610394,182,779.669476
785.977637,228,780.932435
773.318215,215,781.506864
1032.250296,288,782.283042
1026.112416,281,783.057586
1322.471254,344,783.96706
849.282647,247,784.716503
1042.493177,292,785.554775
740.160308,222,786.743828
1052.174751,291,787.470844
397.540686,140,787.818705
1981.784378,505,789.220504
645.282965,188,789.731227
1070.2146,302,790.564739
630.93902,179,791.033835
1047.818228,290,791.904963
1475.941665,386,793.636048
358.633688,131,793.964308
1023.293464,279,794.660027
1197.779017,328,795.461419
1551.101913,389,796.433482
958.852046,284,797.206341
1778.381788,429,798.919016
326.354518,125,799.248225
1048.094454,283,800.001971
913.382443,250,800.622193
1548.584701,397,801.631877
1313.132419,351,802.514409
841.086732,243,803.172277
1333.767108,352,804.801995
785.71317,227,805.402609
590.532676,183,805.92009
1328.72181,341,806.815922
1061.233188,278,807.612266
971.190361,256,808.422142
1452.092303,380,809.695851
341.556753,127,810.070261
598.60621,179,810.659174
1370.868063,347,812.460999
591.509557,189,813.011899
1056.052927,283,813.802436
1088.069438,288,814.564692
760.56594,225,815.163564
937.157701,283,815.920394
930.763855,259,816.591877
1036.117857,298,818.170079
837.048567,231,818.749492
1072.775843,298,819.49826
1101.413992,312,820.248052
787.780376,258,820.889561
781.638223,220,821.421683
1043.561965,294,822.128938
977.627783,262,822.748133
1893.641115,483,824.446553
1080.683822,291,825.158114
1996.758997,516,826.441707
334.008591,126,826.737285
579.550421,179,827.178739
1141.412798,302,827.94259
825.291416,227,828.540672
2098.490733,519,830.44645
1020.035717,281,831.204485
884.435663,257,831.898939
807.256492,235,832.513274
1609.198471,418,833.560747
746.824611,211,834.086937
376.989793,134,834.417967
1861.750508,475,836.186329
604.890672,207,836.706094
856.8479,242,837.310182
1082.748971,311,838.248195
1073.12491,304,839.086286
793.904096,236,839.747302
1056.399197,289,840.557565
886.686463,260,841.88758
1558.888629,408,843.035972
952.761397,255,843.693878
1406.430989,384,844.677276
2196.935973,544,846.046569
1105.044692,319,847.655155
1023.813386,278,848.329729
1088.867097,301,849.175235
2690.12802,632,850.840111
795.769827,220,851.428755
2552.15865,620,853.541827
1503.895227,394,854.740573
1015.139323,271,855.469027
1312.744544,361,856.484446
1120.143632,290,857.33736
1065.950088,307,858.12824
387.9229,136,858.491292
771.795964,221,859.824508
2074.825679,524,861.292438
1902.860093,501,862.786488
1493.242684,388,863.79177
1167.317229,333,864.64474
2096.015116,571,866.720034
1310.999037,362,867.658576
853.052062,252,868.291643
1527.318832,382,869.244396
1536.405962,423,870.297501
765.236416,231,870.853314
2687.021952,651,873.003564
981.502751,264,873.643295
687.912489,199,874.11294
1394.310464,341,874.904543
1023.56805,290,875.580312
1521.988275,389,877.148668
835.094753,230,877.697518
367.701422,154,878.06574
809.719761,248,878.650485
708.702735,272,879.289335
1306.118533,328,880.05797
1256.754466,345,880.875746
2752.895104,684,883.087737
2382.849032,567,884.469211
390.024997,135,884.806465
2100.657646,507,886.069939
1374.350656,362,886.971279
1292.28576,338,888.406387
35.644408,148,888.77317
557.984235,175,889.235292
727.67343,207,889.843356
356.193325,130,890.233387
4174.158414,1000,892.845777
962.300551,259,893.499542
994.241817,287,894.815651
894.845437,257,895.530931
3252.799253,829,897.96914
1333.626613,356,898.98926
1245.152712,345,899.979858
967.138002,275,901.29282
990.778025,263,902.00758
802.165409,227,902.638766
2330.592083,585,904.319293
1858.179205,464,905.66348
1895.434205,478,907.642304
1173.488896,309,908.474744
2606.819993,605,910.269939
737.111193,205,911.002312
1011.717691,283,912.046811
991.985249,274,912.867733
1428.807077,383,914.730029
1249.78166,344,915.648357
972.061698,257,916.311709
992.488721,261,916.96863
1544.897601,385,918.036416
2091.307049,537,919.59014
348.615993,128,920.597239
917.157929,250,921.371566
1298.864954,348,922.264841
2567.100895,623,923.968634
963.062941,276,924.780691
2275.888139,597,927.018903
1241.022697,357,928.01029
386.561014,137,928.468645
1243.083054,319,929.419595
1530.656547,393,930.439984
923.105036,255,931.101259
2663.823932,645,933.77896
940.799863,279,934.621384
701.743691,203,935.188763
1490.001332,376,936.366635
2067.323976,494,937.755625
1391.27837,396,938.976542
1639.994958,407,940.818263
2241.045395,578,942.426703
1029.653786,284,943.279207
1340.67808,368,944.225787
2137.387186,548,946.129341
642.134536,189,946.592042
983.34246,267,947.277901
1341.224411,380,948.321642
1642.206935,394,949.302855
365.263073,131,949.632907
2303.046876,555,950.980486
1022.124353,281,952.265799
1469.111561,409,953.285905
365.881886,129,953.60684
454.761475,147,953.972337
2506.090388,601,955.469423
1988.57694,477,956.725341
3392.366957,807,959.449747
309.655056,121,959.744394
881.961088,253,960.374018
483.457727,162,960.801605
1850.146812,466,961.998665
1560.227125,393,963.824993
557.298889,170,964.25656
543.566693,169,964.68753
728.550197,206,965.219304
1488.758352,398,966.269835
1534.841872,391,967.361892
374.120725,134,967.731692
1264.925436,344,968.700254
1774.302988,443,971.005209
1782.647089,440,972.200631
1334.552318,353,973.093043
1367.506078,332,973.998539
1336.917331,347,974.871582
700.110995,206,975.53312
1434.386958,363,977.059605
1557.010656,432,978.166603
1657.95082,431,979.251006
2358.987649,564,980.710876
2876.500507,683,983.34424
1322.815115,351,984.378443
1816.448534,436,985.678854
2017.978569,481,987.097038
1076.830583,292,987.869042
843.341798,250,989.134627
1912.66879,461,990.317568
898.53913,246,990.947391
2983.641272,718,992.783672
940.454462,266,993.446482
2011.836407,510,995.290055
1927.405446,470,996.44168
1219.627247,351,997.417766
1879.488539,460,998.704026
1863.508596,484,1000.223488
924.503359,250,1001.63521
1836.03663,450,1002.825967
2527.991971,597,1004.641738
389.223679,132,1005.069336
1772.357918,532,1006.701919
840.311927,245,1008.094121
2158.029414,521,1009.776741
1499.066782,377,1010.872466
861.805455,240,1011.555572
1302.087972,329,1012.623587
1551.190425,389,1013.77526
1992.044388,471,1015.990222
1068.047759,290,1016.870829
2615.670756,645,1019.161479
1315.844361,331,1020.315159
1780.576662,428,1022.478732
988.411779,253,1023.351205
1410.970331,359,1024.549371
2599.123799,623,1026.680387
1283.005899,333,1027.720837
2713.677235,634,1030.444702
2442.585563,568,1032.156358
1734.316224,451,1033.458571
1990.793486,475,1034.88403
3296.847783,751,1038.096252
1902.569012,485,1039.606597
1687.408026,424,1041.060566
2129.567965,510,1042.781729
1306.824118,319,1044.548473
4295.904734,1000,1047.700289
1460.685998,396,1048.990833
2723.217874,634,1051.503997
1525.301423,372,1052.57814
1458.15656,401,1053.661995
3439.229249,806,1055.97189
1694.795862,454,1058.115462
1276.151064,351,1059.151725
121.472163,223,1059.788687
2578.124451,606,1061.577573
2422.089654,560,1063.134824
1373.103268,376,1064.841907
1103.310916,289,1065.614261
2514.983848,646,1067.328804
734.564025,215,1067.908766
516.669424,165,1068.368833
1456.217326,397,1069.437172
1306.878024,350,1070.980864
981.840454,266,1071.681661
1692.937469,450,1072.862434
4252.957018,1000,1075.414237
2122.345776,526,1077.54313
3975.136381,895,1079.983396
4240.022506,1000,1083.599178
1458.143049,361,1084.617593
1350.774712,356,1085.568081
1880.472801,462,1086.872145
704.796398,202,1087.428435
1981.991127,499,1088.818881
3434.001865,823,1091.846718
4266.482701,1000,1094.507653
1626.977537,459,1096.384086
4261.192066,1000,1098.910991
2080.604789,522,1100.198972
3076.604846,707,1102.638498
902.386854,247,1103.301544
4197.353094,1000,1105.97859
1495.368926,395,1107.601954
2471.782197,598,1109.161743
1213.661913,329,1110.00393
2429.439594,601,1111.594155
2972.829543,686,1114.063611
3639.961497,1000,1116.636759
1369.266145,531,1117.987189
4184.947533,1000,1121.25624
2292.150108,546,1122.632194
2807.211025,682,1124.375164
2032.081589,498,1126.307892
1462.194144,394,1127.298245
4264.890793,1000,1130.127819
3687.768924,856,1133.401347
2127.242234,533,1135.078758
2996.430502,710,1137.236405
2995.313541,732,1139.990691
3369.496054,806,1142.06976
3277.727266,812,1144.858344
4275.789297,1000,1147.42043
4197.750428,1000,1150.073047
4273.002962,1000,1153.401827
4294.845998,1000,1156.183943
4329.857147,1000,1159.562387
772.887035,224,1160.1865
4300.737504,1000,1163.621409
1844.121654,450,1164.831276
3915.890245,921,1167.183843
2882.166201,653,1169.573673
3981.854577,911,1172.199782
2826.212339,656,1174.098201
2277.647067,536,1176.140917
95.282405,199,1176.666527
4355.753011,1000,1179.488705
1021.320484,267,1180.224825
4434.84546,1000,1183.545259
4493.037879,1000,1186.45654
1178.617775,306,1187.32647
478.879574,159,1187.793106
4152.201597,926,1190.996867
2860.782723,654,1192.77831
2276.413598,533,1194.815379
3023.678932,700,1196.627981
3896.019307,865,1199.067314
1503.626772,379,1200.091237
1235.900297,307,1201.566647
3609.39338,809,1203.806537
4404.365671,1000,1207.124463
3543.729463,790,1209.244648
3559.32579,779,1211.311173
1691.908919,404,1212.329072
4472.015462,1000,1215.555639
1543.086932,375,1216.602607
2061.887804,503,1218.086013
1409.499515,347,1219.7132
2122.430307,505,1221.331105
4472.049882,1000,1224.797282
1612.109293,398,1226.16189
3194.473072,723,1229.447165
1327.266477,339,1230.657507
1928.252222,460,1232.171357
4480.298968,1000,1236.047098
2443.821261,579,1237.787119
4485.300519,1000,1241.120925
1727.369297,413,1242.997629
2661.847057,614,1244.706555
2933.757576,673,1247.05911
2498.84849,588,1249.40262
1138.009373,299,1250.210588
4482.575376,1000,1253.553444
1616.425864,390,1254.771181
2664.160105,608,1257.21045
4554.697305,1000,1260.394541
1263.945813,321,1261.402552
1498.818606,364,1263.144432
2043.038528,479,1264.63087
3501.560303,757,1266.94966
3958.11486,870,1270.381586
2029.268074,482,1271.770634
4467.875219,1000,1274.663252
4313.977708,942,1278.22799
2527.197942,588,1279.83163
4580.264267,1000,1283.144802
4400.967057,1000,1285.653332
680.127739,201,1286.159472
878.142134,246,1286.771178
1680.610017,419,1287.818695
4473.391819,1000,1290.927261
4539.699814,1000,1293.407999
4539.305186,998,1296.668911
4475.833204,1000,1299.21001
4504.227859,1000,1302.464621
4535.850473,1000,1305.081519
4521.97755,1000,1308.256557
4559.779988,1000,1310.72039
1905.628352,460,1312.646053
3213.182029,735,1314.485271
4471.707449,1000,1316.979831
1841.346774,461,1318.771065
4513.059687,1000,1321.406999
4521.56815,1000,1324.609453
2883.376691,641,1326.253685
52.203096,157,1326.667067
1748.699125,419,1327.752288
4187.11032,912,1330.655262
4568.081322,1000,1333.110807
4522.715079,1000,1336.092428
1849.359216,451,1337.178515
1024.639598,271,1337.82892
4533.629409,1000,1340.265461
4522.085533,1000,1343.359288
3344.871428,737,1345.197627
4433.438956,1000,1348.357976
1457.728441,357,1349.274098
4511.171419,1000,1351.847245
4499.524434,1000,1354.983168
2842.741156,671,1356.652778
4551.596994,1000,1359.64593
4608.547546,1000,1362.051107
2323.633547,549,1363.951478
1834.744451,444,1365.020755
2676.578932,610,1366.51586
3986.451759,886,1368.720116
3050.479449,679,1370.991335
4535.679502,1000,1373.484829
4574.275205,1000,1376.654233
4628.50184,1000,1379.197819
2637.586625,593,1381.264339
3433.682178,782,1383.161635
3797.90525,835,1385.186178
4698.965199,1000,1388.197528
3822.459854,842,1390.262917
486.250193,163,1390.665226
4562.013865,968,1393.663785
2006.788604,514,1394.991435
1887.698349,472,1396.221779
1070.665848,304,1397.009544
3196.442441,705,1399.425928
2344.401554,536,1400.773957
1781.365905,414,1401.811102
4575.010833,1000,1404.819699
4543.176744,1000,1407.222281
4621.836439,993,1410.201631
4537.694073,1000,1412.601923
4522.190013,1000,1415.665471
4561.660485,1000,1418.199262
2799.381552,628,1419.817964
4607.128979,1000,1422.988701
4528.268921,1000,1425.578148
323.654291,126,1426.483299
2372.854704,536,1427.813583
3960.241198,867,1429.919979
1323.344641,334,1430.752337
4719.70792,1000,1433.758977
3334.734887,718,1435.485167
2489.91966,581,1436.887479
3225.378367,714,1439.184448
4712.045245,1000,1441.585113
4287.365596,936,1444.408176
2876.830048,656,1445.999758
4558.613429,1000,1449.0943
4586.300455,1000,1451.666033
4564.268575,1000,1454.859459
4607.06975,1000,1457.431122
4687.691312,1000,1460.513009
4565.192099,1000,1462.919278
4521.886451,1000,1465.915443
4551.738614,1000,1468.321742
4592.704854,1000,1471.337865
2391.757144,549,1472.698455
4579.334162,1000,1475.201572
4598.817846,1000,1478.268107
4580.524827,1000,1480.748738
4545.626007,1000,1483.848919
4605.546734,1000,1486.353569
4586.512454,1000,1489.492536
4634.825961,1000,1491.98848
4614.593267,1000,1495.070999
4596.277008,1000,1497.474451
4510.718838,1000,1500.464209
4675.063873,1000,1502.879436
4683.665849,1000,1505.946939
1681.376674,395,1506.926317
4574.853012,1000,1509.434312
1459.758448,363,1510.375373
2146.964116,489,1512.243288
4661.201791,1000,1514.82308
3595.973176,784,1517.420878
4725.051934,1000,1519.903655
4650.921438,1000,1522.872296
3889.269232,831,1524.890564
779.658979,221,1525.421234
1487.161296,365,1526.309644
3142.857619,704,1528.58693
4767.000832,1000,1531.002436
4712.00524,1000,1534.009782
4746.938391,1000,1536.522451
502.45379,167,1536.939391
4592.064555,1000,1540.017404
331.297538,129,1540.337153
4720.562559,1000,1542.819995
973.885089,260,1543.471911
2543.847265,573,1545.493825
4697.250578,1000,1547.981757
397.153379,139,1548.330352
4673.240996,981,1551.373369
2597.851055,575,1552.798653
1262.095727,323,1553.618983
4620.051885,1000,1556.699036
4660.730199,1000,1559.118781
1251.605415,313,1559.868657
1702.494704,430,1560.911506
4744.520709,1000,1563.856928
1048.959843,290,1564.536384
4722.02472,1000,1567.447987
332.340215,130,1567.760875
2402.251912,542,1569.084537
2419.74327,541,1570.542444
3725.924857,800,1573.175304
4580.736479,1000,1575.753078
1458.747913,345,1576.640745
2513.855747,564,1578.091388
1862.482242,427,1579.80475
4721.857459,1000,1582.331108
3401.082106,750,1584.761242
3186.695878,702,1586.466988
1872.932799,434,1587.513101
2603.030072,575,1588.904473
4743.672234,1000,1591.884809
4581.001822,1000,1594.318554
316.823032,122,1594.624189
1255.199454,315,1595.993661
4555.632489,1000,1598.484882
4654.057932,1000,1601.569822
4575.785208,1000,1604.071324
3100.003568,683,1605.783271
4704.716229,1000,1608.863615
4625.679467,1000,1611.352834
1948.794997,458,1613.086859
4493.865985,1000,1615.589354
4596.86272,1000,1618.597127
366.217879,132,1618.914624
2127.64316,501,1620.135219
2856.620269,627,1621.651944
4454.170761,1000,1624.739403
4737.599911,1000,1627.272529
3159.693511,691,1629.066191
4680.038504,1000,1632.249509
3520.411914,756,1634.210886
1024.503591,277,1634.929198
4130.688394,874,1637.740177
2176.093866,503,1638.989603
4749.859245,1000,1642.006069
4689.370928,1000,1644.430004
4741.219559,1000,1647.444921
3715.86169,807,1649.450806
3121.931775,682,1651.152548
3353.477066,720,1653.669527
2961.418216,653,1655.351315
2083.333969,475,1656.573944
1991.19006,457,1657.751965
4768.731555,1000,1660.886255
4783.659837,1000,1663.389339
2170.034264,494,1665.224746
3825.926312,833,1667.290652
3097.755033,673,1668.961797
932.056262,255,1670.148515
3716.340416,802,1672.08099
1680.291812,402,1673.047447
4705.808367,1000,1676.049036
4689.956127,1000,1678.515614
2861.890249,635,1680.098441
2205.681076,511,1681.962153
2630.432452,590,1683.42725
4645.214094,1000,1685.925665
4672.893721,1000,1688.991292
4656.660427,1000,1691.46176
3148.632365,679,1693.674318
4777.220624,1000,1696.075855
4636.513832,1000,1699.079852
1108.557956,284,1699.777618
4621.250722,1000,1702.1871
353.978441,135,1702.522217
3359.060822,728,1704.933981
4713.797814,1000,1707.412905
4622.628009,1000,1710.501333
4527.976977,1000,1712.987809
4681.139401,1000,1716.073632
4676.692152,1000,1718.562177
4644.554795,1000,1721.639682
1697.186001,402,1722.630717
2770.660144,630,1724.200655
4663.84893,1000,1727.178938
1705.052779,396,1728.124795
4702.636568,1000,1730.539434
3642.088474,803,1733.168194
4610.609226,1000,1735.720574
4627.288694,1000,1738.853189
4652.821573,1000,1741.427508
2325.395228,550,1742.842701
1543.242457,384,1744.406046
2115.812785,484,1745.607546
1387.181246,351,1746.455816
4684.335442,1000,1749.436549
3639.577105,792,1751.345193
4060.575122,867,1753.443325
558.409146,177,1753.874245
1594.508463,383,1755.362129
1443.036029,373,1756.25659
4698.158966,1000,1758.686418
2547.437277,581,1760.716792
2554.77345,566,1762.119404
4668.093113,1000,1764.620824
4035.358606,868,1767.363739
4675.970418,1000,1769.858693
4649.18118,1000,1772.93076
4628.052823,1000,1775.431391
4581.962933,1000,1778.46216
4620.275506,1000,1780.872714
4673.92113,1000,1783.847415
4718.559922,1000,1786.26228
4317.264391,930,1789.067041
3044.769613,682,1790.705352
4643.473189,1000,1793.204408
4717.221456,989,1796.251871
3121.777614,692,1798.041984
4688.681673,1000,1801.225482
787.438936,240,1801.818484
4572.368652,1000,1804.275162
3810.586364,820,1806.811652
4535.002524,1000,1809.220903
4577.297968,1000,1812.110004
4609.708116,1000,1814.545329
4632.183406,1000,1817.649393
2300.004368,537,1819.025206
3941.466345,851,1821.219512
1418.895913,392,1822.830713
4620.563666,1000,1825.321103
1518.542661,375,1826.233008
4625.012142,1000,1829.216395
4573.431904,984,1831.59499
4573.748034,1000,1834.555661
4521.022754,1000,1836.893301
4590.789329,1000,1839.822354
3117.229758,698,1841.506108
4660.588148,1000,1844.589429
4584.294032,1000,1847.134755
4542.00731,1000,1850.316411
4590.797024,1000,1852.881658
4512.661744,1000,1855.386926
4605.786953,1000,1858.402424
4701.454715,1000,1860.820611
3611.691884,792,1863.300504
4607.671754,1000,1865.722605
4667.92813,1000,1868.745222
4658.8316,1000,1871.405327
3531.162705,772,1873.935637
4589.881093,1000,1876.451426
4613.415762,1000,1879.637723
4609.750444,1000,1882.13972
4676.018277,1000,1885.14669
4560.152985,1000,1887.507371
4635.045896,1000,1890.41613
3433.360634,762,1892.214813
4589.514925,1000,1894.636561
4565.294969,1000,1897.698281
4539.42595,1000,1900.191726
4597.283146,1000,1903.289548
4649.864039,1000,1905.812278
4494.313736,1000,1908.878357
4673.375869,1000,1911.29155
3767.833442,823,1913.852238
3622.086182,794,1915.771788
1377.697187,355,1916.629507
4563.091324,1000,1919.634982
4634.604582,1000,1922.049854
4656.164544,1000,1925.044486
2813.287884,632,1926.562216
4530.243119,1000,1929.626638
4581.935047,1000,1932.118887
4561.669519,1000,1935.210711
4374.195539,1000,1937.698542
4568.828349,1000,1940.734651
4534.966651,1000,1943.166148
4524.080788,1000,1946.143265
3497.532205,762,1947.983656
4530.207341,1000,1950.436193
4599.339584,1000,1953.513141
4583.734356,983,1955.958554
4593.449559,1000,1959.038448
4590.320829,1000,1961.488927
2455.294075,561,1963.418545
3916.671789,836,1965.442821
4707.876427,1000,1968.425896
4610.454688,1000,1970.887023
4570.208615,1000,1973.970798
2770.801284,617,1975.559903
4671.060791,1000,1978.126105
3150.800288,691,1980.467417
2833.018255,636,1982.009354
4583.840839,1000,1984.421666
4660.769854,1000,1987.31077
4373.354013,937,1989.508326
4623.20993,1000,1992.456426
1503.539792,374,1993.360073
4062.962124,861,1995.509083
4704.680464,1000,1998.619068
4633.36223,1000,2001.19852
1590.580214,391,2002.810075
4614.768096,1000,2005.256995
4651.888811,1000,2008.245307
2446.906847,561,2009.598969
4659.161354,1000,2011.93544
4708.835279,1000,2014.838708
4302.711691,937,2017.092045
4652.223176,1000,2020.14057
4651.780564,1000,2022.629421
3190.38339,702,2024.986134
4690.357975,1000,2027.463052
4739.32671,995,2030.497247
4742.897494,1000,2032.885082
4690.183003,1000,2035.880907
4614.355625,1000,2038.2949
3521.185321,768,2040.159065
3712.923895,811,2042.691574
4634.698916,1000,2045.179356
4639.779407,1000,2048.261783
4482.284097,958,2050.643233
4623.405071,1000,2053.695053
4613.637268,1000,2056.101453
4629.549185,1000,2059.095666
1571.427572,379,2060.00233
3048.201489,683,2061.648368
4630.310933,1000,2064.637814
4597.619625,1000,2067.084644
2503.409257,581,2069.121015
4577.455265,1000,2071.599949
4672.529997,1000,2074.758864
1926.85895,436,2075.841283
4581.391171,1000,2078.31693
547.222959,177,2078.773804
4687.962657,1000,2081.779804
4737.089758,1000,2084.189964
4701.452622,1000,2087.099113
4656.534501,1000,2089.438924
4679.262597,1000,2092.448789
4756.627498,1000,2094.937725
4869.379394,998,2098.111798
2735.831822,608,2099.670944
4810.268168,1000,2102.798991
4711.910075,1000,2105.231944
4722.793013,1000,2107.70134
4256.345869,909,2110.403806
2550.784426,590,2111.77632
3799.320845,818,2114.280063
4714.265082,1000,2116.709687
2026.794514,467,2117.890234
2210.652213,508,2119.77264
4715.025632,1000,2122.334746
4714.199994,1000,2125.498284
4649.810683,1000,2127.939188
3726.357342,806,2129.893327
1750.979998,423,2131.485437
4748.662094,1000,2133.877811
4641.315861,1000,2136.846825
2718.976623,619,2138.282735
4722.255361,1000,2140.619142
1381.038042,357,2142.040449
2239.668057,511,2143.272104
4702.641729,1000,2145.748818
1359.504098,346,2147.197128
4558.725025,974,2149.611282
4684.801395,1000,2152.110332
4735.130586,1000,2155.187978
4753.154586,1000,2157.628327
3582.825947,775,2160.066392
4769.162286,1000,2162.476395
4658.300373,1000,2165.460946
4715.858728,1000,2167.868196
4701.832845,1000,2171.178716
2413.579557,535,2172.742891
3286.693981,704,2174.664861
1779.677534,418,2176.337685
4405.625684,917,2178.681839
4758.79103,1000,2181.875951
4706.362304,1000,2184.438941
2811.976399,606,2186.002415
3885.952806,836,2188.636075
4622.041406,1000,2191.051471
1878.242275,432,2192.094738
4706.682324,1000,2195.01324
4671.146832,1000,2197.366288
3564.682344,788,2199.81422
1286.039137,323,2200.586936
4655.618663,1000,2203.111165
4676.792602,1000,2206.190751
4734.598091,1000,2208.709565
4598.83513,1000,2211.766816
4653.226633,1000,2214.269882
1470.77037,355,2215.744065
4190.574226,888,2217.893266
2673.098504,591,2219.332681
4753.282616,1000,2222.335077
4670.748405,1000,2224.755521
4750.745547,1000,2227.796244
4769.28262,1000,2230.282582
4358.734277,932,2233.740408
2633.34566,584,2235.413745
4681.979755,985,2237.97735
4720.304213,1000,2241.129333
4749.934568,1000,2243.635478
4683.39017,1000,2246.609311
4708.842054,1000,2249.040329
4656.760024,973,2251.937405
2004.537979,463,2253.05337
1150.64009,300,2253.781833
4797.847304,1000,2256.765015
4761.570246,1000,2259.178117
2821.281994,613,2261.267514
1694.397863,405,2262.268142
280.933896,113,2262.551318
1759.299207,411,2263.57743
1680.928662,417,2264.615105
3245.521991,693,2266.947242
1897.712388,440,2268.024934
2909.339907,634,2269.554553
2018.595655,456,2270.654782
1888.189756,473,2271.79623
4676.712487,1000,2274.716831
1160.578027,306,2275.423384
1932.67672,433,2276.43944
1591.387629,380,2277.899792
1398.46899,354,2278.768431
2535.474693,555,2280.117269
4736.264104,1000,2282.610985
1687.823335,392,2284.190054
4677.432763,972,2286.60594
1723.985438,403,2287.617841
850.076421,234,2288.184879
463.075315,153,2289.122735
4786.238686,1000,2291.539401
2077.038866,470,2292.636007
4798.153303,1000,2295.527889
360.436871,133,2295.844711
934.514966,249,2296.425521
4157.697664,869,2298.483564
4015.560986,852,2301.164121
4219.088529,888,2303.363481
1608.07156,380,2304.326814
1323.867585,332,2305.735213
4771.385425,1000,2308.221531
4697.909832,1000,2311.30733
4726.429577,1000,2313.797066
3660.102912,805,2315.799706
1478.076545,360,2317.248206
3754.871304,797,2319.166418
311.995856,117,2319.445076
4765.766941,1000,2321.85638
4435.99311,1000,2324.75672
4739.55874,1000,2327.034579
4699.892512,1000,2329.711996
1861.695146,449,2330.662393
4634.38357,1000,2333.287805
4736.721191,1000,2335.4341
3544.059952,764,2337.606823
4740.150164,1000,2339.866644
4737.607564,1000,2342.631913
4543.994763,1000,2344.90011
4587.737202,1000,2347.121618
4708.73699,1000,2349.76166
4653.958332,1000,2351.889474
4746.634212,1000,2354.518134
2057.850074,471,2355.520449
4709.911406,1000,2358.139867
428.829439,151,2358.464453
4701.618135,1000,2360.58567
3493.23229,759,2362.757128
1923.867917,450,2363.750118
4656.468493,1000,2365.942246
283.174111,112,2366.185247
4758.50859,1000,2368.817998
4778.484041,1000,2370.824915
2025.266721,466,2372.158195
4753.820633,1000,2374.034904
4726.20206,1000,2376.22013
1343.913553,333,2376.82105
2541.800817,564,2377.801106
2221.024531,511,2378.694325
4818.959489,1000,2380.839541
4697.915193,976,2382.522445
4710.646642,1000,2384.692286
4666.196745,1000,2386.431841
4754.179326,1000,2388.580126
4698.003918,1000,2390.306819
4394.423184,1000,2392.505921
2218.540247,509,2393.432387
4721.057544,1000,2395.250316
4697.317966,1000,2397.505114
3285.783423,710,2398.820365
4709.86792,1000,2401.05064
4701.869573,1000,2402.833262
4722.57195,1000,2405.001428
3282.276913,707,2406.225603
4713.26981,1000,2408.371092
1597.685185,380,2409.04245
4155.819634,879,2410.555142
1904.428597,437,2411.330508
1854.745827,425,2412.477307
4297.512164,896,2414.101028
288.837683,114,2414.30029
3796.396136,799,2415.765219
353.335168,141,2416.024979
571.079125,174,2416.765891
1966.754366,451,2417.593062
1692.972468,399,2418.322281
1897.739302,437,2419.12659
56.257492,145,2419.401479
1208.617548,314,2419.982841
4829.022947,1000,2422.233699
316.023718,125,2422.462429
4797.367398,1000,2424.272715
4825.476971,1000,2426.473239
2788.721768,602,2427.543898
1628.798696,391,2428.253957
4767.079313,1000,2430.258481
4784.606143,1000,2431.791854
1404.826829,352,2432.661784
749.765201,223,2432.991304
4749.355425,1000,2434.482679
3009.504765,663,2435.823837
1770.603646,415,2436.440502
4793.577715,1000,2437.926268
2296.092086,506,2438.686208
4820.286166,1000,2440.533612
2121.57047,480,2441.268917
4892.50799,1000,2443.161562
4806.62421,1000,2444.690893
4721.557325,1000,2446.597048
4823.082527,1000,2448.117631
4708.606837,1000,2450.02483
4586.819847,1000,2451.544877
2490.744712,557,2452.409178
4686.556351,1000,2454.30639
1496.347499,359,2454.856168
2239.841981,504,2455.639727
824.63662,240,2456.00602
4768.287974,1000,2457.88395
4711.562511,1000,2459.433393
4763.444343,1000,2461.315846
4728.507762,1000,2462.846854
4753.214722,1000,2464.744855
4737.525909,1000,2466.281277
2899.488073,642,2467.618893
4724.474051,1000,2469.127057
4714.597977,1000,2471.049802
4712.205229,1000,2472.540546
4713.209213,1000,2474.381711
4740.444833,1000,2475.818153
4775.061659,1000,2477.587394
4756.4781,1000,2479.029285
4777.434315,1000,2480.823436
4797.754227,1000,2482.302559
4728.488847,1000,2484.165249
4647.499273,965,2485.644318
4780.812424,1000,2487.195963
4790.436304,1000,2489.08233
1774.849209,419,2489.727192
4767.628154,1000,2491.617796
4719.284016,1000,2493.145315
2804.224801,621,2494.114985
4718.556204,1000,2496.003281
1996.018204,459,2496.704813
4755.626089,1000,2498.561147
1142.477245,298,2499.005974
4700.673041,1000,2500.491037
4676.857322,1000,2502.324298
3127.880472,673,2503.290662
4700.198997,1000,2505.087201
1491.809427,378,2505.638138
1727.87332,407,2506.222726
4586.037381,1000,2507.664485
3601.675741,784,2509.153165
4592.682116,975,2510.599162
4743.124467,1000,2512.42874
2838.159209,630,2513.365036
4672.161217,1000,2515.253844
4683.366347,1000,2516.769697
4663.736395,1000,2518.673328
4704.157664,1000,2520.317613
881.868303,253,2520.962418
4699.390255,1000,2522.885992
4732.886142,997,2524.411419
4692.777921,1000,2526.312223
4693.112616,1000,2527.816739
965.122521,265,2528.214373
4730.909143,1000,2530.046932
3302.490901,729,2531.131116
4677.205406,1000,2532.973153
4622.01892,1000,2534.489208
4726.782648,1000,2536.327377
2963.717639,667,2537.311988
4714.700594,1000,2538.797543
4714.672614,1000,2540.627591
4714.612645,1000,2542.137899
4705.030583,1000,2544.031764
4701.728796,1000,2545.554365
4821.316187,1000,2547.446125
3112.694057,669,2548.467529
4669.358238,1000,2550.355075
4745.094358,1000,2551.884044
4818.937549,1000,2553.779934
4787.64172,1000,2555.280809
4592.980039,967,2557.065868
1566.058154,386,2557.636648
4732.250711,1000,2559.08774
4786.55692,1000,2560.862465
4759.712149,1000,2562.299939
281.407191,112,2562.459722
1701.991702,398,2563.379435
4056.532383,865,2564.627215
3230.975449,711,2565.67076
4721.267607,1000,2567.504786
4777.85354,1000,2568.984679
4792.188519,1000,2570.818696
3927.806464,1000,2572.355054
4746.233573,1000,2574.249292
4763.119394,1000,2575.770486
4726.210159,1000,2577.662408
4755.13674,1000,2579.156094
4703.61942,1000,2580.991533
4667.215284,1000,2582.472358
4753.156612,1000,2584.314313
4726.817805,1000,2585.789818
2059.47263,481,2586.505509
4492.333321,1000,2588.330141
4689.061639,1000,2589.765515
4689.435719,1000,2591.556833
4718.283081,1000,2592.993592
4718.266359,1000,2594.83741
4673.191088,1000,2596.323426
4261.890431,1000,2598.214275
4671.162894,1000,2599.736815
4740.583678,1000,2601.624749
4708.045731,1000,2603.143598
2531.0576,588,2604.408772
4677.344977,1000,2605.927138
4695.06682,1000,2607.831575
4619.884893,1000,2609.320201
4293.951295,895,2610.643492
4670.45097,1000,2612.479864
2494.720119,561,2613.311874
4769.107237,1000,2615.151409
2578.52892,581,2616.007322
2730.19609,617,2616.91251
4718.096286,1000,2618.750551
4690.526238,1000,2620.219947
4685.734552,1000,2622.054706
4647.864306,1000,2623.532492
1660.47274,413,2624.149502
4689.566476,1000,2625.986021
2240.191916,502,2626.723193
4158.471547,887,2628.384133
4718.899583,1000,2629.897101
4663.804673,1000,2631.789506
4695.021404,1000,2633.314202
4756.528507,1000,2635.157623
4632.827029,1000,2636.626493
4684.479302,1000,2638.406297
4741.086242,1000,2639.845651
4705.362007,1000,2641.624162
4815.294585,1000,2643.058536
3226.430851,700,2644.084613
4737.083573,1000,2645.916584
4661.045258,1000,2647.385464
4656.654917,1000,2649.265836
4737.904701,1000,2650.779524
4702.060462,1000,2652.681616
2634.450162,607,2653.606236
4719.571439,1000,2655.49061
1381.161276,345,2656.002634
4732.945502,1000,2657.471251
4668.764866,1000,2659.196
3842.498147,824,2660.258335
2592.560583,568,2660.974641
4731.652849,1000,2662.488095
4082.555157,847,2663.48733
4771.376234,1000,2664.942017
4701.791578,1000,2666.11407
4661.788992,1000,2667.586156
4715.503829,1000,2668.767193
4662.705609,1000,2670.273896
4572.412371,1000,2671.391551
4574.378315,1000,2672.759253
4700.045021,1000,2673.866618
4706.873215,1000,2675.220529
4692.530626,1000,2676.313719
4712.470867,1000,2677.656883
3434.458251,738,2678.466246
4691.555745,1000,2679.813124
1910.20239,462,2680.316475
4693.032822,1000,2681.418082
4664.961124,1000,2682.764945
4694.211408,1000,2683.875332
4675.362432,1000,2685.227873
4668.176768,1000,2686.328824
