#{"t_start": 1667874921.213485, "env_id": "ElectricityMarket-v0"}
r,l,t
-26906.47736,24,1.047283
-26789.399656,24,1.072187
-27516.910475,24,1.090467
-27146.939362,24,1.107182
-26995.126703,24,1.123027
-27231.525876,24,1.139918
-27041.976527,24,1.157677
-27050.044031,24,1.175145
-27127.433812,24,1.19461
-27019.536223,24,1.216014
-27164.917693,24,1.236273
-27034.95621,24,1.255336
-27347.439226,24,1.275248
-26964.993256,24,1.293987
-27527.226318,24,1.312398
-27038.2368,24,1.332129
-26777.27938,24,1.350604
-27411.391961,24,1.370641
-26950.446839,24,1.390328
-27203.78876,24,1.409455
-27219.172977,24,1.429957
-27432.259738,24,1.450292
-27193.010175,24,1.469712
-26746.855741,24,1.489451
-27069.079415,24,1.508129
-27191.102542,24,1.527151
-27078.357469,24,1.546422
-26915.660021,24,1.565201
-27020.124818,24,1.584044
-27310.56917,24,1.603036
-26857.531011,24,1.621553
-26975.719196,24,1.640551
-27249.296834,24,1.661577
-27587.795977,24,1.687116
-27003.600921,24,1.705171
-27161.969985,24,1.722785
-26900.679755,24,1.740679
-27319.992792,24,1.758988
-27023.38414,24,1.77935
-26906.065432,24,1.798569
-27000.285691,24,1.820458
-27147.292648,24,1.839955
-27107.487796,24,2.214523
-27160.227318,24,2.233081
-27053.279066,24,2.250175
-27085.214424,24,2.26767
-26936.076906,24,2.285996
-27374.786946,24,2.302976
-27105.295317,24,2.324213
-27382.779793,24,2.345036
-27566.550152,24,2.364213
-27429.994922,24,2.382984
-26803.728554,24,2.402847
-26923.250381,24,2.421582
-27243.311134,24,2.440149
-27111.889955,24,2.459152
-27190.531374,24,2.476286
-27033.490478,24,2.494232
-27051.478102,24,2.51427
-26737.394768,24,2.534048
-27574.660617,24,2.55283
-26976.760097,24,2.571327
-26889.568793,24,2.590168
-27241.000482,24,2.607588
-27023.875031,24,2.624754
-26965.881534,24,2.641969
-26929.81402,24,2.658958
-26903.014452,24,2.67561
-27259.977784,24,2.692419
-26959.693064,24,2.709658
-27276.688596,24,2.726234
-27057.594258,24,2.742194
-27516.958038,24,2.758843
-27150.162657,24,2.775366
-26949.022936,24,2.791391
-27146.927186,24,2.807983
-27216.873998,24,2.825177
-27076.88494,24,2.842847
-26894.483921,24,2.860116
-27133.74362,24,2.875831
-27188.879288,24,2.891664
-26755.201752,24,2.907039
-26823.004164,24,2.92311
-27032.095557,24,2.938965
-26904.779293,24,2.954842
-26984.581659,24,3.050148
-27482.26071,24,3.070004
-26929.449866,24,3.088084
-27205.059048,24,3.105275
-26644.250814,24,3.121521
-27141.340657,24,3.137314
-27108.116283,24,3.152866
-27093.576921,24,3.16984
-27318.777796,24,3.190498
-26816.799318,24,3.208015
-26857.657674,24,3.224494
-27369.210616,24,3.240188
-27194.780465,24,3.255726
-27539.983736,24,3.271349
-27129.245236,24,3.287026
-26929.033396,24,3.302549
-27353.533321,24,3.318163
-27171.633346,24,3.333599
-27144.902744,24,3.351119
-27116.378397,24,3.367711
-27177.162548,24,3.384339
-26697.544668,24,3.400373
-27022.181854,24,3.41646
-27394.926063,24,3.433453
-27042.773413,24,3.449394
-27260.983201,24,3.465015
-27136.792436,24,3.48036
-27177.722135,24,3.495857
-26938.609869,24,3.511243
-27237.919542,24,3.532555
-27029.5652,24,3.552891
-27120.196914,24,3.577465
-27040.888875,24,3.595451
-27213.393286,24,3.611701
-26923.325733,24,3.627318
-26687.018609,24,3.643003
-26847.52441,24,3.658766
-26966.661449,24,3.676036
-26882.832954,24,3.692543
-27195.191137,24,3.708398
-27079.682536,24,3.724263
-27059.598821,24,3.739727
-27140.574278,24,3.755059
-27210.080759,24,3.852605
-27070.087799,24,3.870254
-27075.875535,24,3.887203
-27256.150594,24,3.903089
-27058.636357,24,3.919634
-27008.763363,24,3.935436
-27100.172534,24,3.951239
-27203.159073,24,3.968165
-26940.688174,24,3.987916
-27141.276004,24,4.005098
-27230.779652,24,4.021555
-26603.022102,24,4.037181
-27126.415164,24,4.052812
-27299.197783,24,4.068596
-27181.266297,24,4.084679
-26950.697811,24,4.102422
-27069.137139,24,4.119985
-27069.323082,24,4.136832
-27488.694366,24,4.1523
-27041.62172,24,4.167747
-27130.279812,24,4.184253
-27113.223488,24,4.200724
-27396.269569,24,4.216252
-27154.402311,24,4.231692
-27213.464613,24,4.247096
-27140.337367,24,4.262469
-27074.218753,24,4.278048
-27013.525954,24,4.293506
-26609.397682,24,4.309072
-27161.459459,24,4.32456
-27428.458044,24,4.339945
-26902.568037,24,4.355549
-27067.651046,24,4.372169
-26742.439461,24,4.389121
-27105.473806,24,4.405818
-27247.03617,24,4.423048
-26869.216483,24,4.439788
-26946.491475,24,4.456707
-26991.199111,24,4.47333
-27284.127489,24,4.493271
-27087.452123,24,4.510713
-27058.295367,24,4.527242
-26824.882751,24,4.612541
-27031.693643,24,4.634446
-27212.325366,24,4.653816
-27248.217115,24,4.671346
-27207.225093,24,4.687535
-27171.768823,24,4.703512
-27214.939879,24,4.719071
-27127.255547,24,4.734798
-26998.527854,24,4.753266
-27216.848727,24,4.772657
-27054.329266,24,4.789502
-27008.929853,24,4.805416
-27412.769608,24,4.821282
-27190.284334,24,4.837263
-27140.474517,24,4.852788
-27102.453529,24,4.868501
-26697.790034,24,4.883992
-26947.22488,24,4.899911
-27069.732007,24,4.916185
-26866.587816,24,4.931974
-26871.358921,24,4.951417
-27562.641966,24,4.970919
-27166.740361,24,4.988509
-26889.077484,24,5.00679
-27420.576933,24,5.02433
-26884.510166,24,5.041147
-26833.960621,24,5.059606
-26711.642295,24,5.082459
-27195.288456,24,5.100004
-26988.002063,24,5.116785
-26882.17948,24,5.133802
-27051.064284,24,5.15195
-26947.39202,24,5.170652
-27364.512903,24,5.187704
-26863.752705,24,5.2041
-27043.268349,24,5.220519
-27156.087218,24,5.236805
-26971.45463,24,5.253844
-26961.735705,24,5.269494
-27345.087233,24,5.285104
-27052.968022,24,5.300811
-27175.417476,24,5.316402
-26812.566211,24,5.332057
-27014.391688,24,5.408106
-27118.541396,24,5.4271
-27358.961516,24,5.44475
-26869.699362,24,5.461605
-27061.964974,24,5.477874
-27113.757327,24,5.493988
-27137.010398,24,5.510581
-27013.144153,24,5.527454
-27290.223931,24,5.544193
-27086.76545,24,5.563801
-26937.588005,24,5.582052
-27098.941871,24,5.599214
-27263.190965,24,5.614922
-27233.114959,24,5.630873
-27244.797685,24,5.646922
-27164.501284,24,5.663336
-27294.469297,24,5.680702
-27220.548893,24,5.699288
-27247.448377,24,5.717291
-27389.396129,24,5.733844
-26942.952366,24,5.752605
-26961.852739,24,5.770235
-27273.085125,24,5.787552
-27177.008743,24,5.803572
-27007.569315,24,5.819015
-27103.813501,24,5.835233
-27030.763033,24,5.851004
-27116.200825,24,5.867373
-26916.159494,24,5.885157
-26999.095957,24,5.904382
-27201.001739,24,5.921863
-27159.819865,24,5.938571
-27032.136901,24,5.954384
-27097.975209,24,5.970257
-27111.093236,24,5.989656
-27272.634958,24,6.007662
-27225.931637,24,6.023567
-26927.204674,24,6.03927
-26782.935741,24,6.055353
-27142.521215,24,6.071456
-27522.754954,24,6.087797
-26927.822843,24,6.10373
-26800.112994,24,6.119719
-27091.35677,24,6.212235
-27075.526045,24,6.2326
-27081.097961,24,6.250262
-27321.13397,24,6.267032
-27054.942858,24,6.283012
-27039.091217,24,6.29895
-26548.52105,24,6.314868
-27148.94006,24,6.332411
-27162.231452,24,6.352699
-26902.725335,24,6.369761
-26804.019855,24,6.38655
-27293.302402,24,6.402548
-27119.183045,24,6.418844
-27071.570857,24,6.43523
-27158.283918,24,6.450808
-26336.376639,24,6.466841
-26847.920002,24,6.482486
-27037.834744,24,6.498113
-26988.970604,24,6.514089
-26897.22603,24,6.529601
-27239.2894,24,6.545141
-27124.192711,24,6.560633
-26734.08122,24,6.576271
-27018.886327,24,6.59193
-26883.674022,24,6.607516
-27245.893335,24,6.623034
-27253.930391,24,6.638589
-27287.952355,24,6.654206
-27033.010789,24,6.669764
-26892.223321,24,6.68538
-26923.76531,24,6.700982
-27036.825409,24,6.716877
-26713.89553,24,6.732427
-27080.316137,24,6.749519
-26952.020759,24,6.767656
-26842.785937,24,6.784101
-27402.437227,24,6.800274
-27221.942411,24,6.815754
-27337.664604,24,6.831504
-27056.623728,24,6.84707
-27254.416996,24,6.862541
-26783.976796,24,6.87815
-26962.883084,24,6.954489
-27069.94098,24,6.975353
-27262.171418,24,6.993036
-26922.718382,24,7.009716
-27096.252759,24,7.03319
-26808.091533,24,7.049957
-27282.828801,24,7.06587
-26860.266212,24,7.081728
-26921.699391,24,7.098795
-27041.547786,24,7.119423
-27126.022869,24,7.136672
-27312.572743,24,7.153282
-27113.121573,24,7.169063
-26960.477813,24,7.184895
-26986.242402,24,7.201152
-27152.795201,24,7.217908
-26679.748621,24,7.233721
-27300.091291,24,7.249349
-26995.668064,24,7.265042
-27023.780548,24,7.283778
-27081.070058,24,7.300922
-26999.194027,24,7.317025
-26745.73056,24,7.33274
-26988.25413,24,7.348316
-26913.372429,24,7.364332
-26758.222511,24,7.380037
-27160.175771,24,7.395759
-27003.90861,24,7.411398
-26797.274362,24,7.427723
-27273.409698,24,7.443513
-26700.734927,24,7.459832
-27017.287404,24,7.475505
-27058.76469,24,7.491186
-27102.928891,24,7.506796
-27412.307828,24,7.522731
-26736.104405,24,7.538439
-27375.749893,24,7.55408
-27133.597821,24,7.570004
-26999.546639,24,7.586453
-27095.614977,24,7.602421
-27121.098964,24,7.618453
-27278.859064,24,7.634226
-27041.208811,24,7.658742
-27223.906072,24,7.748977
-27484.148362,24,7.769339
-27097.512978,24,7.787118
-27099.476095,24,7.805043
-26917.278254,24,7.823163
-27029.897269,24,7.839815
-26737.780361,24,7.856244
-26796.96808,24,7.873624
-26997.190013,24,7.893778
-27138.560129,24,7.911143
-26863.946155,24,7.928019
-27075.225472,24,7.944197
-27244.785997,24,7.966755
-26942.248975,24,7.985048
-27520.067685,24,8.001756
-27054.434871,24,8.018462
-26871.5932,24,8.034253
-27125.322791,24,8.049921
-27028.764749,24,8.065545
-27138.096074,24,8.081101
-27227.730194,24,8.098393
-27302.766228,24,8.115414
-27173.726038,24,8.130993
-27109.179899,24,8.146622
-27222.104558,24,8.162324
-26797.731466,24,8.17781
-27169.485112,24,8.193323
-27113.719653,24,8.209309
-26973.821671,24,8.225452
-27048.503795,24,8.241022
-26581.686161,24,8.25668
-27179.334024,24,8.272366
-26953.204854,24,8.288054
-27527.241189,24,8.303768
-27084.846811,24,8.319534
-26935.202484,24,8.335908
-27392.981586,24,8.355198
-27320.433808,24,8.372222
-27044.616168,24,8.388267
-27069.2823,24,8.404056
-27011.389006,24,8.42061
-27244.259875,24,8.436665
-27110.86542,24,8.452611
-27015.205956,24,8.531048
-27171.544427,24,8.548477
-26897.817713,24,8.564857
-27122.204562,24,8.580622
-27343.947537,24,8.596101
-26986.062569,24,8.61185
-27103.906977,24,8.627416
-27037.77373,24,8.643192
-27156.082635,24,8.659167
-27091.023919,24,8.679791
-27175.249429,24,8.697267
-27268.186713,24,8.714542
-27428.79552,24,8.730056
-27310.739782,24,8.745539
-26751.706301,24,8.761138
-27058.126926,24,8.776796
-27102.721859,24,8.79431
-26893.253222,24,8.810472
-26658.293845,24,8.826069
-26745.168188,24,8.841815
-27210.027905,24,8.857344
-26643.019686,24,8.878917
-26935.42551,24,8.895367
-27053.346332,24,8.911412
-27045.963062,24,8.92704
-26775.310523,24,8.942981
-26953.93842,24,8.95859
-27005.917708,24,8.974445
-27063.478033,24,8.989899
-26683.971285,24,9.005966
-27165.711538,24,9.022253
-26819.182248,24,9.037887
-27099.780119,24,9.053508
-27156.805042,24,9.068922
-27238.483169,24,9.08449
-26665.331325,24,9.10014
-27001.886619,24,9.115542
-27100.728689,24,9.13101
-27175.974159,24,9.146477
-26862.937405,24,9.16192
-27036.096539,24,9.178325
-27002.150018,24,9.194297
-27020.665749,24,9.282404
-26793.65869,24,9.310414
-26884.612729,24,9.3282
-26844.395905,24,9.345414
-26927.978979,24,9.361442
-27504.51149,24,9.377311
-27380.337087,24,9.395955
-26846.880054,24,9.414566
-27261.518546,24,9.434669
-27324.164827,24,9.452136
-27204.376315,24,9.469059
-27421.799317,24,9.485079
-27125.385528,24,9.500842
-27344.022598,24,9.517008
-27228.142202,24,9.533489
-27250.430193,24,9.549695
-26873.110955,24,9.566147
-27002.313028,24,9.582534
-26737.536596,24,9.601186
-27117.606129,24,9.618801
-26873.213821,24,9.635302
-27071.357266,24,9.651453
-27238.263797,24,9.667609
-27030.886609,24,9.685285
-27272.912157,24,9.700964
-27211.899499,24,9.71723
-27384.800949,24,9.733411
-26955.547122,24,9.749046
-27209.868558,24,9.765145
-27080.683562,24,9.780677
-26998.885709,24,9.796216
-26988.069922,24,9.811914
-27077.588593,24,9.827973
-26897.257802,24,9.846332
-27180.888902,24,9.863414
-26862.374423,24,9.879949
-27088.362287,24,9.896258
-26829.753469,24,9.912899
-27094.417549,24,9.933905
-27057.834177,24,9.951375
-26988.366177,24,9.967328
-26830.680917,24,9.984819
-27049.363513,24,10.000908
-26743.873589,24,10.092898
-27388.27142,24,10.113042
-27150.199855,24,10.130696
-26753.08352,24,10.146867
-26993.344844,24,10.162939
-26924.546768,24,10.178847
-27426.651339,24,10.194304
-27085.30036,24,10.211899
-27176.813453,24,10.232358
-27154.379702,24,10.249952
-27353.115436,24,10.266634
-27015.603093,24,10.283092
-27140.611305,24,10.298928
-27117.931321,24,10.314865
-27047.273321,24,10.33078
-26608.482826,24,10.346707
-26931.617151,24,10.362399
-26837.978916,24,10.377978
-27059.156817,24,10.393614
-27025.892334,24,10.409222
-26946.410639,24,10.425488
-27135.615928,24,10.441169
-27061.243157,24,10.458644
-27236.178832,24,10.476828
-26630.703008,24,10.49463
-27102.083235,24,10.510554
-27091.547403,24,10.526234
-26916.751259,24,10.542261
-27167.295503,24,10.557784
-26947.425977,24,10.573415
-26849.10359,24,10.58893
-27237.111766,24,10.604452
-27177.776866,24,10.620837
-27095.012247,24,10.639865
-26821.363941,24,10.657519
-26988.782993,24,10.674558
-27283.08296,24,10.69082
-27018.129729,24,10.706468
-27344.004747,24,10.722267
-27155.206802,24,10.737728
-27467.615452,24,10.753335
-27078.593965,24,10.769465
-27131.784319,24,10.785174
-27074.311776,24,10.872515
-27342.767643,24,10.890976
-27342.438193,24,10.908461
-26760.48494,24,10.924768
-26923.041475,24,10.940708
-26738.864844,24,10.956953
-27022.009064,24,10.972782
-26770.964619,24,10.991437
-27419.438215,24,11.012353
-26806.082803,24,11.029802
-27106.929539,24,11.046505
-27116.491398,24,11.062685
-26897.031665,24,11.07862
-27059.528673,24,11.094648
-27072.152008,24,11.11033
-27076.565304,24,11.125976
-27345.747416,24,11.141569
-27001.168989,24,11.15721
-26956.302472,24,11.173052
-26911.316837,24,11.190096
-26895.254138,24,11.210706
-26831.313713,24,11.228341
-27165.480576,24,11.244502
-27047.617684,24,11.260447
-27060.261083,24,11.276189
-27363.734235,24,11.291863
-27166.830735,24,11.307466
-26660.379196,24,11.323463
-27216.450309,24,11.339039
-26824.878055,24,11.354643
-27055.585281,24,11.370179
-27307.327066,24,11.386102
-27319.49988,24,11.40295
-26730.168279,24,11.41987
-27013.040062,24,11.436072
-26882.186519,24,11.451738
-26886.204151,24,11.467343
-26719.678561,24,11.483167
-26814.676697,24,11.498759
-27031.486176,24,11.51627
-26692.358972,24,11.537609
-26796.261878,24,11.554758
-26739.449515,24,11.637937
-27170.145587,24,11.658295
-26645.602611,24,11.67753
-26917.243062,24,11.694841
-26405.335169,24,11.711511
-26535.027841,24,11.728598
-26837.392598,24,11.744609
-27048.457042,24,11.760172
-26897.304298,24,11.777345
-27246.910838,24,11.796819
-27101.136996,24,11.813912
-26903.707695,24,11.830481
-26834.480902,24,11.845995
-26819.72469,24,11.861787
-27128.363743,24,11.877331
-27065.779699,24,11.893341
-26754.132614,24,11.909482
-27287.6209,24,11.926318
-27013.377834,24,11.94323
-26791.635581,24,11.959156
-27187.708147,24,11.974676
-26830.133536,24,11.991287
-27204.851634,24,12.007137
-27188.251079,24,12.02291
-27348.044742,24,12.040855
-27032.069756,24,12.061014
-27019.234914,24,12.077065
-27135.039419,24,12.09302
-26902.506466,24,12.108592
-27197.404736,24,12.124374
-26951.939919,24,12.139927
-26901.874077,24,12.155532
-26928.450223,24,12.171105
-26743.174551,24,12.186678
-27230.131248,24,12.202278
-27508.233408,24,12.218024
-26926.350513,24,12.233719
-26930.194001,24,12.249248
-26884.509105,24,12.26476
-27037.566984,24,12.280312
-26951.961839,24,12.295734
-27034.355587,24,12.311841
-26975.312983,24,12.327531
-27068.978948,24,12.41052
-26900.811685,24,12.42851
-26587.346473,24,12.445819
-26913.468928,24,12.462267
-26910.868768,24,12.47811
-27169.041715,24,12.494005
-26922.414338,24,12.509711
-26956.686475,24,12.525384
-27098.450995,24,12.542746
-27470.154081,24,12.562837
-27198.258741,24,12.580428
-27003.943681,24,12.598646
-27057.794549,24,12.615682
-27137.108708,24,12.632546
-26961.858696,24,12.64837
-26913.475428,24,12.664435
-27257.010816,24,12.68044
-27186.212592,24,12.696116
-26945.925083,24,12.711818
-27118.076771,24,12.727447
-27129.297444,24,12.74323
-27201.917447,24,12.759144
-26934.080805,24,12.774692
-27068.313522,24,12.790301
-26869.56438,24,12.805886
-26843.321754,24,12.821637
-27167.859693,24,12.837229
-27069.195557,24,12.852845
-26984.117956,24,12.872732
-27361.083729,24,12.889468
-27097.697997,24,12.905331
-26607.594279,24,12.922525
-26950.178298,24,12.955368
-27478.169097,24,12.994011
-27273.471199,24,13.034112
-27101.421587,24,13.074732
-27241.833155,24,13.093493
-26883.27388,24,13.116502
-26768.515939,24,13.138204
-26801.75584,24,13.178138
-27494.425797,24,13.196447
-26898.155486,24,13.213108
-26924.312177,24,13.228857
-26850.346106,24,13.326297
-26960.836947,24,13.34476
-26936.292198,24,13.367363
-27171.630571,24,13.384501
-26931.69353,24,13.400461
-26823.837595,24,13.416499
-26842.915752,24,13.433003
-26979.938319,24,13.478336
-26821.887445,24,13.495776
-26887.742727,24,13.5129
-27192.270459,24,13.528686
-27185.93017,24,13.545163
-27012.349056,24,13.561666
-26843.225667,24,13.577183
-26774.100098,24,13.593344
-27200.573068,24,13.609062
-27058.145015,24,13.624749
-26922.443206,24,13.645237
-27354.777586,24,13.66316
-27195.295542,24,13.679275
-26850.549197,24,13.69521
-27020.319759,24,13.711081
-26984.955383,24,13.727092
-27196.488898,24,13.742889
-27033.635524,24,13.758697
-27286.849441,24,13.774457
-26763.734931,24,13.789993
-26741.083187,24,13.807621
-26749.843553,24,13.826988
-27171.61792,24,13.848569
-26836.097678,24,13.864243
-27080.721827,24,13.880167
-26784.428082,24,13.895755
-27211.979502,24,13.911776
-26791.894095,24,13.927577
-26911.129148,24,13.943234
-27146.982617,24,13.959239
-27102.318077,24,13.975306
-27129.344105,24,13.991182
-27164.300489,24,14.006704
-27425.364153,24,14.022476
-26662.206029,24,14.038347
-27090.838378,24,14.126532
-26966.066232,24,14.148737
-27226.90412,24,14.168799
-26903.889203,24,14.186369
-27004.339688,24,14.203075
-27305.707396,24,14.218695
-26982.004825,24,14.234449
-26885.494666,24,14.250283
-27161.12001,24,14.270867
-27096.466973,24,14.288938
-26463.50594,24,14.305664
-26883.011463,24,14.321381
-26950.779023,24,14.338814
-27068.165214,24,14.354609
-27060.740097,24,14.370455
-27567.161595,24,14.385953
-26911.772961,24,14.40154
-27059.037155,24,14.41782
-26660.702514,24,14.433559
-26865.025136,24,14.449515
-27102.597658,24,14.465138
-27107.954894,24,14.480663
-26826.087686,24,14.499792
-27140.684721,24,14.516421
-26745.539485,24,14.532151
-27228.501812,24,14.548354
-26843.490786,24,14.565331
-27169.079618,24,14.582809
-27387.082306,24,14.598905
-26853.69275,24,14.614516
-26929.028996,24,14.630117
-27248.611952,24,14.646021
-27062.297342,24,14.661714
-26866.351724,24,14.677583
-27135.148877,24,14.693166
-26706.447156,24,14.712268
-27404.468944,24,14.729211
-26930.524593,24,14.745099
-27136.44005,24,14.760835
-26492.805661,24,14.777001
-26976.214786,24,14.79288
-26820.659092,24,14.808384
-27069.881445,24,14.824029
-27306.503002,24,14.899929
-26928.195659,24,14.919731
-26944.294792,24,14.937282
-26918.759258,24,14.954048
-27102.975567,24,14.96979
-27158.839051,24,14.9859
-26788.675792,24,15.003049
-27026.730674,24,15.019461
-27018.11442,24,15.035326
-27212.68153,24,15.055853
-26644.369492,24,15.073648
-27015.739361,24,15.090655
-26734.651874,24,15.106258
-26645.754648,24,15.122143
-27041.484516,24,15.137746
-26724.337199,24,15.153685
-27127.42667,24,15.16915
-26504.436025,24,15.18489
-26958.63558,24,15.200971
-26657.11686,24,15.216571
-27127.955406,24,15.234709
-27183.478934,24,15.252415
-27162.928517,24,15.268533
-26932.398502,24,15.284151
-26800.941967,24,15.299994
-26878.71585,24,15.315841
-27105.067085,24,15.332298
-26846.742013,24,15.348007
-27146.338542,24,15.363627
-27078.062959,24,15.379311
-26666.824417,24,15.394851
-27395.202964,24,15.410394
-27393.612548,24,15.427201
-27238.840216,24,15.442767
-27437.266801,24,15.458354
-27375.360204,24,15.473834
-26543.450818,24,15.489832
-27025.303097,24,15.505398
-26988.439446,24,15.520961
-27044.383072,24,15.536422
-26947.163048,24,15.551941
-27320.035407,24,15.567997
-27018.962697,24,15.583829
-27023.875066,24,15.670085
-26984.539,24,15.690509
-27143.648386,24,15.709032
-26949.654763,24,15.725353
-27070.191701,24,15.741264
-27035.941635,24,15.760085
-27057.995935,24,15.77734
-27011.038862,24,15.795287
-26661.547162,24,15.815081
-26689.33091,24,15.833188
-27095.301999,24,15.849884
-27070.356679,24,15.865596
-27118.276266,24,15.881211
-27351.065024,24,15.897112
-27115.433568,24,15.913602
-26754.002243,24,15.93016
-26875.391331,24,15.949465
-27135.238888,24,15.965278
-26853.384541,24,15.980817
-27086.990646,24,15.996581
-27350.337215,24,16.01205
-26976.207188,24,16.027631
-27247.965023,24,16.043351
-27278.995917,24,16.059293
-27125.034995,24,16.075061
-26999.965823,24,16.09059
-26755.45251,24,16.10612
-26751.181589,24,16.121704
-26970.579984,24,16.137519
-26732.035985,24,16.153362
-27255.164061,24,16.168929
-27017.888732,24,16.184674
-26753.066589,24,16.200395
-27083.606098,24,16.216429
-27015.069126,24,16.23202
-27262.581982,24,16.247792
-27001.452877,24,16.263455
-26849.569476,24,16.281115
-27386.601687,24,16.299269
-26704.237961,24,16.316329
-27362.365542,24,16.333489
-26723.86157,24,16.349115
-27036.097647,24,16.422314
-27183.314893,24,16.443372
-27199.750744,24,16.462297
-27140.905471,24,16.479508
-27031.16395,24,16.4957
-27056.929839,24,16.511269
-27149.682115,24,16.527027
-27193.799449,24,16.542435
-26723.381716,24,16.558037
-27015.766294,24,16.575878
-27018.038413,24,16.601323
-27312.716756,24,16.617782
-27001.091151,24,16.63339
-26835.159541,24,16.648994
-26895.806139,24,16.664742
-27044.5282,24,16.680804
-27187.075195,24,16.696404
-27021.386055,24,16.711979
-27012.964702,24,16.7275
-27064.179518,24,16.74694
-27066.640046,24,16.764135
-26946.777267,24,16.780669
-27082.447989,24,16.796207
-27431.639528,24,16.811789
-27316.009516,24,16.833478
-26895.930113,24,16.850148
-26821.288227,24,16.865936
-27030.02235,24,16.881468
-26897.024128,24,16.897125
-26712.374527,24,16.913037
-26647.055921,24,16.928706
-26730.435739,24,16.945217
-27050.567206,24,16.96151
-26661.710951,24,16.977168
-27059.356528,24,16.992921
-26639.044542,24,17.008406
-26958.768387,24,17.023974
-26979.008752,24,17.039392
-27070.198268,24,17.054868
-27199.257463,24,17.070379
-27170.403672,24,17.086123
-26725.177984,24,17.101671
-27373.084748,24,17.117281
-26707.781635,24,17.206185
-26882.123796,24,17.226594
-27139.359366,24,17.244166
-27051.097354,24,17.260629
-27365.699951,24,17.276465
-27121.811677,24,17.292573
-27122.906889,24,17.308202
-26589.254354,24,17.324057
-27002.081811,24,17.344094
-26813.087472,24,17.363801
-26940.488325,24,17.381335
-26936.30748,24,17.398813
-26692.425113,24,17.415029
-26902.93917,24,17.430737
-27192.082386,24,17.446799
-27079.664291,24,17.462429
-27268.896832,24,17.478159
-26841.433433,24,17.493693
-27227.403721,24,17.509415
-26826.836673,24,17.525208
-27085.815943,24,17.540692
-26880.805606,24,17.557049
-27063.995332,24,17.573267
-27131.025953,24,17.588926
-26704.203292,24,17.604361
-26821.21292,24,17.619853
-27179.380998,24,17.635601
-27121.743048,24,17.651146
-27213.60766,24,17.666652
-26767.550466,24,17.682407
-27156.316429,24,17.698187
-27258.740278,24,17.713776
-27216.83859,24,17.729692
-26875.343143,24,17.745209
-27078.135494,24,17.760991
-26971.67769,24,17.776674
-27213.175806,24,17.792207
-27067.887358,24,17.807681
-26870.465847,24,17.823241
-26681.463492,24,17.838803
-27495.874705,24,17.854357
-26844.665786,24,17.870143
-26677.81221,24,17.890488
-27268.33945,24,17.974167
-27144.769958,24,17.993167
-27135.038933,24,18.010673
-27105.751607,24,18.026985
-27209.733267,24,18.043197
-27270.17951,24,18.059195
-27089.232588,24,18.075246
-26687.260975,24,18.09096
-27104.966476,24,18.111171
-26880.13907,24,18.129193
-26766.649724,24,18.145555
-26550.360092,24,18.161498
-27308.335766,24,18.177759
-27136.065615,24,18.193729
-27062.255316,24,18.209635
-27008.459422,24,18.225312
-27042.360588,24,18.24127
-27183.946651,24,18.257134
-27495.834616,24,18.272832
-27035.268417,24,18.288499
-27200.587606,24,18.304025
-26786.765625,24,18.319717
-26894.432536,24,18.335394
-26604.353186,24,18.351074
-27104.054892,24,18.366873
-27156.721082,24,18.382394
-27194.164595,24,18.399623
-27189.822658,24,18.417747
-26816.291352,24,18.434256
-26946.276666,24,18.450834
-27218.130991,24,18.466419
-27180.406577,24,18.481934
-27261.050698,24,18.497593
-26687.575005,24,18.51332
-26948.473527,24,18.529063
-27026.892879,24,18.544515
-27085.599046,24,18.560101
-26992.990783,24,18.575802
-27050.484971,24,18.592844
-27176.841989,24,18.60864
-27011.368754,24,18.624238
-26769.35718,24,18.639778
-27009.161344,24,18.725391
-26828.031866,24,18.74566
-26967.884022,24,18.764245
-26889.000447,24,18.781608
-26754.815444,24,18.797822
-27053.867559,24,18.814919
-26503.753368,24,18.831694
-26970.27755,24,18.847514
-26596.912617,24,18.866277
-26594.816337,24,18.885162
-26924.405018,24,18.902877
-26837.906087,24,18.920094
-27099.106089,24,18.936762
-27137.274624,24,18.955185
-27007.790669,24,18.971863
-27308.903541,24,18.987652
-27076.342774,24,19.003534
-26874.502804,24,19.019497
-26790.295268,24,19.03512
-26887.879556,24,19.050578
-27281.843147,24,19.066149
-27149.462265,24,19.0819
-27332.143208,24,19.097456
-27096.091567,24,19.113055
-26919.676132,24,19.128578
-27015.777309,24,19.144141
-26898.41427,24,19.159725
-26849.187902,24,19.175287
-26987.834254,24,19.190869
-26967.982289,24,19.206548
-27040.685872,24,19.222266
-27332.836097,24,19.237829
-27194.880715,24,19.253538
-27165.212175,24,19.269299
-27055.642183,24,19.2848
-27431.13836,24,19.300317
-26885.174913,24,19.315804
-26792.633626,24,19.331645
-26883.994427,24,19.347226
-26791.747494,24,19.362627
-26629.94671,24,19.378109
-27104.638433,24,19.393553
-26732.460879,24,19.409086
-27458.792904,24,19.486443
-27040.845279,24,19.50581
-26966.678435,24,19.523853
-26964.030544,24,19.541191
-27332.676827,24,19.557732
-26722.107284,24,19.574505
-26367.178101,24,19.590434
-26872.626252,24,19.606262
-27128.734535,24,19.622544
-26649.452999,24,19.642561
-26908.70829,24,19.66014
-27067.254626,24,19.677049
-27241.729924,24,19.69342
-26947.37063,24,19.70923
-27291.909441,24,19.724956
-26744.430542,24,19.740784
-27272.52832,24,19.756848
-26728.508643,24,19.772794
-26882.803007,24,19.788412
-27009.807449,24,19.804001
-26604.86275,24,19.819647
-27430.269911,24,19.835611
-27057.932136,24,19.854125
-26650.838731,24,19.870551
-27262.742332,24,19.886193
-26619.480232,24,19.902196
-27154.212305,24,19.918351
-27008.857163,24,19.934003
-27007.696864,24,19.94998
-27199.594242,24,19.965552
-26900.99476,24,19.981256
-27204.207174,24,20.000554
-26998.181113,24,20.020569
-27073.61633,24,20.03698
-27052.907942,24,20.053392
-26870.177372,24,20.069298
-26653.747883,24,20.085469
-27222.609335,24,20.10215
-27377.051408,24,20.117984
-26739.127408,24,20.133579
-27309.527728,24,20.149416
-26632.09005,24,20.164988
-26990.554979,24,20.180709
-27219.026379,24,20.269671
-27357.236186,24,20.289064
-26515.307573,24,20.306607
-26891.371322,24,20.323527
-27317.544269,24,20.339422
-27428.822917,24,20.35527
-27714.800284,24,20.371154
-26961.9821,24,20.387286
-26767.558486,24,20.407524
-27021.340507,24,20.4252
-26804.021567,24,20.442295
-26971.467307,24,20.458611
-26734.725702,24,20.474284
-26831.566839,24,20.490386
-27129.674429,24,20.50633
-27109.102123,24,20.523766
-26807.001319,24,20.541891
-26935.615671,24,20.558022
-27269.362516,24,20.573863
-27328.868396,24,20.59089
-27256.138898,24,20.607061
-26902.246499,24,20.622548
-26940.091317,24,20.641243
-26951.134891,24,20.658839
-26993.061846,24,20.675631
-27160.160557,24,20.691137
-27204.911834,24,20.706879
-27054.204979,24,20.722437
-27049.220748,24,20.738139
-27305.596885,24,20.75371
-26876.439511,24,20.769558
-27202.784603,24,20.785163
-27300.775974,24,20.800698
-27206.099214,24,20.816226
-27148.443915,24,20.831767
-27021.552307,24,20.847287
-27021.378652,24,20.8629
-26960.565769,24,20.878376
-26934.016086,24,20.893875
-27178.815368,24,20.909987
-27372.203655,24,20.925768
-27081.45933,24,20.941429
-27249.103126,24,21.028126
-27138.24358,24,21.049761
-26846.628888,24,21.069773
-26854.191185,24,21.088755
-27338.911734,24,21.10551
-26625.17248,24,21.121019
-26966.660709,24,21.136554
-26844.214696,24,21.152042
-27044.915253,24,21.170572
-26835.170851,24,21.189499
-26953.909728,24,21.206823
-26984.296005,24,21.223821
-27516.247063,24,21.239552
-27095.789458,24,21.255182
-26778.179978,24,21.271313
-26984.394988,24,21.286912
-27116.226835,24,21.302579
-27062.159786,24,21.318039
-27171.632133,24,21.333781
-27161.707486,24,21.349267
-27094.060335,24,21.364938
-27208.731038,24,21.380493
-27062.736103,24,21.396301
-27150.953125,24,21.412525
-26942.425241,24,21.428815
-26973.658702,24,21.444468
-27010.331454,24,21.460162
-27010.175341,24,21.475654
-27036.169303,24,21.491441
-26733.569399,24,21.506886
-26882.448305,24,21.523413
-26606.704463,24,21.539026
-26789.529375,24,21.554593
-26939.860265,24,21.5706
-26915.843821,24,21.591165
-27187.656932,24,21.609206
-26645.874343,24,21.625608
-27053.624429,24,21.641378
-26816.774278,24,21.657116
-27070.424285,24,21.672822
-27110.895075,24,21.68881
-27015.612666,24,21.704483
-27187.507873,24,21.719992
-27256.147771,24,21.816783
-26681.8482,24,21.837564
-26991.853469,24,21.854748
-27311.541904,24,21.871591
-26901.859011,24,21.887302
-26666.539821,24,21.903097
-26897.545062,24,21.920149
-26739.356941,24,21.937501
-27035.854163,24,21.955699
-27218.72601,24,21.975034
-26989.750551,24,21.992219
-26906.055622,24,22.008893
-26878.060809,24,22.024822
-26783.369067,24,22.040696
-27176.904895,24,22.057284
-27037.880863,24,22.073056
-26726.507472,24,22.088636
-27085.427182,24,22.104209
-26715.979185,24,22.123228
-26748.28954,24,22.139921
-26840.342409,24,22.155603
-27151.329676,24,22.171185
-26787.25115,24,22.186779
-26929.19857,24,22.203933
-26902.557565,24,22.21998
-26742.052597,24,22.235748
-27110.563208,24,22.251265
-27262.752508,24,22.267093
-27056.711515,24,22.282775
-26996.170617,24,22.298309
-26951.680628,24,22.313749
-27089.114255,24,22.329444
-26860.101115,24,22.345174
-26659.222227,24,22.361019
-26890.713145,24,22.376586
-27106.818972,24,22.392806
-26942.017678,24,22.409314
-26934.053446,24,22.425484
-27220.977713,24,22.441249
-27067.839267,24,22.456841
-26824.026978,24,22.472289
-26930.147579,24,22.487825
-26700.006772,24,22.503257
-26755.342015,24,22.594633
-26953.678188,24,22.61311
-27160.096034,24,22.630344
-26896.948671,24,22.649174
-26743.058326,24,22.666296
-27296.650838,24,22.682325
-27126.701188,24,22.698206
-27034.923707,24,22.716225
-26576.623036,24,22.736199
-27240.913754,24,22.753231
-27230.065051,24,22.76946
-27077.193007,24,22.785503
-26933.873153,24,22.801488
-26696.807171,24,22.817115
-27189.654089,24,22.832876
-27005.57707,24,22.848868
-27238.523918,24,22.864497
-26904.589423,24,22.880044
-27125.524604,24,22.895616
-27458.250566,24,22.91183
-27045.987336,24,22.928195
-26816.25536,24,22.943871
-27010.945785,24,22.959841
-26812.532495,24,22.975352
-26887.2066,24,22.990964
-27196.040471,24,23.006564
-27197.354187,24,23.022338
-27163.235413,24,23.037921
-27218.723045,24,23.053579
-27092.424627,24,23.069232
-26900.458243,24,23.093384
-27102.065078,24,23.109421
-26869.293031,24,23.125034
-26900.742125,24,23.14072
-27246.789974,24,23.156284
-26884.851779,24,23.171814
-27302.766918,24,23.191777
-27166.6804,24,23.208971
-26911.685664,24,23.225605
-27283.764907,24,23.241153
-27081.134567,24,23.256829
-26568.568079,24,23.272649
-27128.939368,24,23.357555
-26961.262987,24,23.37909
-26655.578935,24,23.39814
-26867.645465,24,23.41541
-27057.480358,24,23.431974
-26764.681985,24,23.447834
-27193.083496,24,23.463761
-26889.235451,24,23.479295
-27035.021849,24,23.496904
-27291.283755,24,23.516371
-26688.968738,24,23.533551
-26845.889618,24,23.550048
-26722.813773,24,23.565879
-26772.481081,24,23.581838
-26986.299432,24,23.597887
-27082.9184,24,23.613418
-26806.096124,24,23.62896
-27089.481474,24,23.644519
-26881.68445,24,23.660312
-27238.460016,24,23.675796
-26981.352489,24,23.691484
-26753.736346,24,23.70986
-26797.405098,24,23.727119
-27001.099947,24,23.74386
-26909.402854,24,23.759524
-26749.155867,24,23.775359
-27011.985252,24,23.791897
-27004.328939,24,23.807924
-27024.130071,24,23.825389
-26917.878362,24,23.841658
-26849.284346,24,23.857939
-26941.927664,24,23.873523
-27224.887368,24,23.889216
-27016.187613,24,23.904972
-27363.061514,24,23.921835
-26814.155272,24,23.937751
-26964.127554,24,23.953385
-27318.650183,24,23.969206
-26744.704482,24,23.98579
-27198.387165,24,24.002486
-26753.481712,24,24.018184
-26535.782578,24,24.034172
-27069.733342,24,24.049637
-26771.642082,24,24.13926
-27220.51212,24,24.158546
-26966.736335,24,24.176011
-26874.982595,24,24.192482
-27307.473551,24,24.208561
-26893.63626,24,24.224393
-27389.961704,24,24.242965
-27069.880249,24,24.260331
-27321.739459,24,24.28124
-27131.332402,24,24.298726
-26515.078017,24,24.316213
-26931.032053,24,24.332706
-27100.95513,24,24.348367
-27076.426156,24,24.364195
-27236.414794,24,24.380252
-26579.468572,24,24.396121
-26853.470811,24,24.41196
-27047.094553,24,24.428052
-27106.79077,24,24.443944
-27270.174615,24,24.460043
-26597.767001,24,24.4758
-26777.731407,24,24.491462
-27278.661186,24,24.507104
-26847.980004,24,24.524755
-26969.732696,24,24.544334
-27026.8769,24,24.562093
-26948.132511,24,24.578892
-27420.559758,24,24.594855
-26969.40233,24,24.610624
-26887.021665,24,24.626418
-26997.930034,24,24.642035
-27035.938051,24,24.657737
-27141.788381,24,24.673512
-27390.237976,24,24.689274
-27127.560262,24,24.705095
-26708.921705,24,24.720972
-27307.255081,24,24.736682
-26841.300544,24,24.752337
-27188.127267,24,24.770738
-27044.500833,24,24.788953
-27369.639047,24,24.806838
-26840.11413,24,24.824942
-27123.775409,24,24.842043
-27206.462345,24,24.920222
-27176.600923,24,24.940577
-27203.618566,24,24.958071
-26991.712446,24,24.974194
-27095.769939,24,24.98989
-27092.744692,24,25.006725
-26985.292435,24,25.022998
-26919.471512,24,25.038647
-26630.303926,24,25.056719
-26522.076549,24,25.079123
-27133.865313,24,25.096627
-27121.895906,24,25.114842
-27158.613056,24,25.13035
-27045.352033,24,25.146046
-27465.684606,24,25.161934
-27265.290198,24,25.177895
-27118.757016,24,25.193676
-26879.115466,24,25.210664
-26965.654924,24,25.22693
-26772.476936,24,25.242348
-27031.211854,24,25.257941
-27168.080718,24,25.27413
-26871.033349,24,25.289686
-27001.159643,24,25.310849
-26980.191166,24,25.327571
-26954.006028,24,25.34433
-27000.749252,24,25.360219
-27044.529968,24,25.376041
-27199.500388,24,25.391598
-26849.752976,24,25.407138
-27251.888401,24,25.423943
-27021.148697,24,25.439582
-27196.443626,24,25.455194
-27014.141388,24,25.470727
-27278.756413,24,25.486329
-26902.283598,24,25.503833
-26907.235684,24,25.519644
-27114.524148,24,25.535308
-26890.596803,24,25.550908
-27161.199681,24,25.566911
-27228.996033,24,25.582823
-27365.195737,24,25.598645
-26420.311212,24,25.681784
-26724.83658,24,25.710954
-27119.654544,24,25.728815
-26824.872253,24,25.745757
-27133.336801,24,25.761698
-26801.661186,24,25.777613
-27092.422962,24,25.79357
-26992.188223,24,25.809309
-27119.636272,24,25.829654
-27193.829133,24,25.849564
-26869.478717,24,25.866736
-27238.914924,24,25.882999
-26785.231289,24,25.898619
-27376.300688,24,25.914784
-26917.767028,24,25.931659
-27215.158251,24,25.947617
-27133.251709,24,25.963678
-26967.799918,24,25.980015
-27343.65975,24,25.995765
-27077.925179,24,26.011445
-26701.249785,24,26.027216
-26567.343504,24,26.043666
-26877.241239,24,26.059843
-26616.86467,24,26.075698
-26886.272351,24,26.091254
-26638.743778,24,26.106858
-26980.834271,24,26.122514
-27117.309546,24,26.138023
-26789.733521,24,26.153644
-27060.151115,24,26.169321
-27078.908527,24,26.184919
-26851.380381,24,26.200536
-26764.306468,24,26.216141
-26904.790043,24,26.231809
-26606.465293,24,26.24957
-27115.163539,24,26.265742
-26863.689134,24,26.281629
-27176.801402,24,26.29734
-26672.812712,24,26.31302
-27065.87177,24,26.328747
-27446.308321,24,26.344408
-26846.027963,24,26.362565
-26977.284686,24,26.379874
-26944.310717,24,26.461642
-27039.862983,24,26.481885
-27063.387438,24,26.500135
-27176.009016,24,26.517169
-27142.339732,24,26.533202
-26933.924921,24,26.549025
-26834.110581,24,26.564928
-27064.57152,24,26.580633
-26599.709407,24,26.597802
-26644.127194,24,26.6173
-26879.410998,24,26.634952
-26766.380076,24,26.651524
-26890.04297,24,26.66743
-27245.076637,24,26.68316
-26658.274483,24,26.699502
-26892.191386,24,26.715777
-26910.97113,24,26.73318
-26892.282549,24,26.751721
-27256.736606,24,26.768765
-26768.38051,24,26.786248
-27019.371608,24,26.802147
-26984.626654,24,26.817685
-27098.050012,24,26.833264
-27146.453448,24,26.848791
-27059.430977,24,26.864453
-27452.184929,24,26.880983
-27012.062907,24,26.90075
-26954.328525,24,26.917186
-27190.257633,24,26.933249
-26829.698637,24,26.949157
-26865.120653,24,26.966318
-26779.480099,24,26.981816
-26661.977483,24,26.997816
-26726.267878,24,27.013689
-27055.948945,24,27.029396
-27186.352893,24,27.045483
-26818.879082,24,27.060958
-27014.836403,24,27.07692
-26875.162206,24,27.092705
-26995.971759,24,27.1083
-27109.798806,24,27.123898
-27414.880204,24,27.139447
-26707.14529,24,27.155134
-26912.977307,24,27.243843
-26900.613748,24,27.262116
-26958.463728,24,27.279706
-27013.221513,24,27.296393
-26840.16821,24,27.312218
-26794.954013,24,27.328354
-26759.9608,24,27.343877
-27023.130481,24,27.359525
-26838.754114,24,27.380046
-26697.100883,24,27.397684
-26966.978844,24,27.41469
-27130.945819,24,27.433394
-26867.693469,24,27.450986
-26678.705226,24,27.467954
-26903.456803,24,27.484143
-26952.005835,24,27.499804
-26996.345482,24,27.515822
-26787.65794,24,27.531539
-27071.663786,24,27.547549
-27120.518749,24,27.563501
-27140.243953,24,27.579469
-26994.001125,24,27.59535
-26930.589864,24,27.610941
-27071.121047,24,27.626657
-26990.92031,24,27.642272
-27108.583336,24,27.657844
-26539.946278,24,27.673401
-26970.007134,24,27.688979
-27061.490018,24,27.705782
-27072.659426,24,27.722643
-27226.618371,24,27.738383
-27166.853736,24,27.75426
-26954.710754,24,27.769739
-26722.550732,24,27.785537
-26991.469608,24,27.801385
-26772.0313,24,27.81728
-27046.326879,24,27.832955
-27078.080854,24,27.848459
-27019.646781,24,27.863986
-27202.578121,24,27.879459
-26917.842904,24,27.89542
-27063.021466,24,27.911616
-26910.44148,24,27.997583
-26939.8535,24,28.018864
-26713.403471,24,28.036595
-26668.227896,24,28.053151
-26975.61027,24,28.068699
-27275.858537,24,28.084804
-27043.364295,24,28.100337
-27170.601303,24,28.116024
-27093.242864,24,28.133101
-27097.075764,24,28.152817
-27092.60797,24,28.17017
-26748.354446,24,28.187085
-26420.735229,24,28.203446
-27046.389329,24,28.219331
-26761.040312,24,28.235307
-27228.767412,24,28.251157
-27009.553288,24,28.266885
-26769.522054,24,28.282511
-26774.069993,24,28.29832
-27129.503681,24,28.313821
-26853.550531,24,28.329578
-26997.86025,24,28.345165
-26971.886531,24,28.360678
-26672.909812,24,28.376765
-27212.171441,24,28.392473
-26998.277639,24,28.408345
-27020.867132,24,28.424415
-27041.632192,24,28.440363
-27241.857226,24,28.456157
-26689.861066,24,28.47252
-26851.313274,24,28.491207
-27111.418517,24,28.50815
-27280.385704,24,28.523821
-26914.060834,24,28.539768
-26974.779965,24,28.555448
-26885.278599,24,28.570993
-26932.517942,24,28.586745
-26820.3757,24,28.602466
-26964.647428,24,28.617911
-27312.852086,24,28.633378
-26908.389326,24,28.648938
-27042.966427,24,28.664317
-26974.495704,24,28.679973
-27085.393398,24,28.759628
-26965.017567,24,28.778055
-26926.72534,24,28.795109
-26861.496744,24,28.811514
-26748.023411,24,28.828256
-26822.24888,24,28.845367
-27075.162673,24,28.860963
-26960.584029,24,28.876513
-27127.298671,24,28.893205
-26780.586158,24,28.913249
-26924.158301,24,28.930672
-27009.899929,24,28.947774
-27258.442001,24,28.963574
-26916.459485,24,28.979476
-26986.315491,24,28.995179
-26867.538433,24,29.013598
-26934.004019,24,29.030807
-26617.708906,24,29.047267
-26947.570786,24,29.062866
-27182.661868,24,29.078866
-26926.735144,24,29.094662
-27104.366176,24,29.110092
-26825.644932,24,29.125699
-26888.065156,24,29.141312
-27261.663065,24,29.157044
-26810.095359,24,29.172997
-26899.655138,24,29.188653
-26923.893526,24,29.204366
-26781.411689,24,29.21992
-26950.123058,24,29.235615
-26680.076448,24,29.251187
-26717.236272,24,29.266818
-26854.887905,24,29.282388
-27210.417692,24,29.298245
-27129.412027,24,29.313959
-26804.817977,24,29.329951
-26762.283844,24,29.345421
-26713.078534,24,29.36087
-26950.657524,24,29.376287
-26992.300707,24,29.395065
-26666.605835,24,29.412743
-27236.311844,24,29.429459
-27164.003733,24,29.44539
-27075.497625,24,29.536801
-26934.570803,24,29.557139
-26915.987024,24,29.574679
-26914.529338,24,29.591749
-26688.97344,24,29.608773
-26668.517586,24,29.624605
-26893.272257,24,29.640182
-26701.076539,24,29.657472
-26925.078515,24,29.678233
-26662.638048,24,29.696029
-26686.303569,24,29.715709
-26905.53994,24,29.732178
-26901.22029,24,29.747946
-26890.861786,24,29.763676
-26876.42293,24,29.779629
-27018.635574,24,29.795426
-26875.375224,24,29.811062
-26773.544879,24,29.826739
-27096.35051,24,29.842402
-27028.767795,24,29.861086
-27129.614854,24,29.877537
-27137.090345,24,29.893262
-26574.659036,24,29.909701
-27021.050141,24,29.926876
-27034.852193,24,29.94561
-27240.18442,24,29.963056
-27074.555391,24,29.979517
-26997.779033,24,29.995444
-26817.310787,24,30.011162
-26846.48074,24,30.026994
-27081.81896,24,30.042451
-27018.447784,24,30.058166
-27332.903491,24,30.079463
-26903.625072,24,30.097347
-26975.548164,24,30.113652
-26660.735011,24,30.129186
-27385.821527,24,30.144821
-26945.85896,24,30.160578
-27099.142089,24,30.176135
-27293.442757,24,30.191643
-27052.451098,24,30.207416
-26881.269545,24,30.223389
-26613.828475,24,30.306863
-27029.582528,24,30.327082
-26798.788482,24,30.345189
-26667.399914,24,30.362137
-26845.779986,24,30.37798
-26737.552382,24,30.393768
-27026.008032,24,30.409483
-26541.598644,24,30.427472
-26785.415694,24,30.444737
-26832.669902,24,30.46455
-26653.574427,24,30.481965
-27069.335811,24,30.498841
-26906.097963,24,30.51468
-27224.562295,24,30.530876
-27191.339568,24,30.54677
-26642.699138,24,30.566552
-27309.348355,24,30.583604
-26770.465274,24,30.606764
-27027.333391,24,30.624243
-26969.37833,24,30.641104
-26909.699872,24,30.656829
-26903.021873,24,30.672507
-26952.385504,24,30.688199
-27101.243622,24,30.703946
-26831.618833,24,30.719347
-26836.029689,24,30.734915
-26872.619377,24,30.750502
-27111.625765,24,30.766343
-26785.186957,24,30.782523
-26912.874875,24,30.798579
-27223.492385,24,30.814182
-27133.264135,24,30.829738
-26892.258049,24,30.845158
-26843.478478,24,30.86076
-27330.972028,24,30.876356
-27351.359942,24,30.892857
-26749.428871,24,30.909639
-26988.00058,24,30.925872
-27044.790165,24,30.94172
-27085.223385,24,30.957563
-26819.578885,24,30.973072
-26906.582691,24,30.988691
-27125.513838,24,31.004168
-26676.76638,24,31.090175
-27182.72087,24,31.109226
-26861.489941,24,31.128258
-26727.092004,24,31.145681
-26955.328209,24,31.162108
-27252.994209,24,31.177646
-26626.096155,24,31.194748
-26614.745508,24,31.210996
-27034.968275,24,31.230223
-27049.345155,24,31.249223
-26908.803715,24,31.266057
-27081.651243,24,31.282048
-26784.375876,24,31.297672
-26747.641245,24,31.313655
-26775.92525,24,31.329381
-26923.604102,24,31.345021
-27116.562567,24,31.360559
-27166.142959,24,31.37627
-27037.078762,24,31.391793
-27062.336796,24,31.407283
-26744.549432,24,31.423471
-26770.472895,24,31.439145
-26543.892619,24,31.455106
-26800.752259,24,31.470603
-26805.393214,24,31.486392
-27012.740558,24,31.502118
-26701.252738,24,31.51764
-26313.383957,24,31.533294
-27072.249542,24,31.549034
-26685.297776,24,31.564762
-26595.516267,24,31.580773
-27130.703303,24,31.596814
-27151.292712,24,31.61247
-26659.280856,24,31.628092
-26838.949768,24,31.643587
-26697.485503,24,31.661665
-26979.776746,24,31.678579
-26761.729805,24,31.695227
-26958.488744,24,31.710848
-27197.652657,24,31.726349
-27013.708631,24,31.741899
-26790.322667,24,31.75792
-26673.533371,24,31.773439
-26680.091325,24,31.853225
-26803.202785,24,31.87376
-26840.970246,24,31.890862
-27245.897204,24,31.907158
-26833.869466,24,31.923223
-27030.878973,24,31.939275
-27180.581285,24,31.954981
-26908.788943,24,31.976078
-26795.800585,24,31.995927
-26829.100293,24,32.013463
-26861.455304,24,32.03049
-26837.159284,24,32.046636
-26900.408154,24,32.062841
-26823.668093,24,32.079003
-26753.76121,24,32.095265
-27089.900791,24,32.112631
-26823.761498,24,32.128405
-26872.183806,24,32.14395
-26716.575213,24,32.159645
-27299.537386,24,32.175271
-27111.290568,24,32.193943
-27033.67676,24,32.213927
-26846.718522,24,32.231044
-26653.462595,24,32.246993
-26956.611475,24,32.262513
-26702.572467,24,32.278164
-27103.028841,24,32.293684
-26928.179072,24,32.309498
-27206.460775,24,32.325156
-26848.696717,24,32.341022
-27074.315938,24,32.356694
-26914.309282,24,32.372663
-27022.959778,24,32.388728
-26730.255957,24,32.405597
-27185.310882,24,32.421683
-27043.194496,24,32.437548
-27176.976822,24,32.453327
-26840.139695,24,32.469292
-27016.574816,24,32.484957
-26857.643238,24,32.500711
-26697.474046,24,32.516412
-27044.122479,24,32.532391
-26746.319856,24,32.619567
-26961.632108,24,32.640487
-27164.755148,24,32.65913
-26974.735577,24,32.676239
-26643.364954,24,32.692081
-27063.659047,24,32.708429
-26926.508562,24,32.727486
-26851.808523,24,32.744692
-26926.976282,24,32.765124
-26698.438623,24,32.782741
-27119.921648,24,32.799901
-26739.017702,24,32.816919
-27081.770415,24,32.832906
-26947.710254,24,32.848464
-27063.990413,24,32.864325
-26977.497908,24,32.879961
-27080.817228,24,32.895571
-26744.941011,24,32.911573
-26832.169134,24,32.92751
-26964.141654,24,32.943161
-26969.125846,24,32.959051
-27093.181726,24,32.974823
-27170.153003,24,32.990493
-26696.300604,24,33.006503
-26759.757702,24,33.022444
-27008.972278,24,33.03817
-26993.491736,24,33.05373
-26730.845124,24,33.069487
-26883.372157,24,33.085324
-26599.485083,24,33.101119
-26826.021924,24,33.116634
-26694.514159,24,33.132367
-26849.670656,24,33.14788
-26658.743194,24,33.163427
-26822.964932,24,33.179243
-26797.537136,24,33.194895
-26838.599348,24,33.211637
-27198.812356,24,33.227488
-26919.751995,24,33.24496
-26438.318653,24,33.262585
-26912.645643,24,33.278536
-27078.284451,24,33.294452
-27050.701926,24,33.310248
-26829.455019,24,33.388846
-26785.168448,24,33.407888
-27075.329715,24,33.425798
-26694.135087,24,33.442779
-27354.066058,24,33.459122
-26783.723252,24,33.475034
-26916.349923,24,33.490657
-27022.225348,24,33.506282
-26391.105135,24,33.5229
-26915.845109,24,33.542824
-27024.100595,24,33.5602
-27314.835732,24,33.576939
-27124.170246,24,33.593889
-27311.49542,24,33.611548
-27307.808649,24,33.627957
-26846.508205,24,33.643836
-26996.178043,24,33.659521
-27015.342703,24,33.675195
-26680.41281,24,33.690856
-26920.918539,24,33.706741
-27058.677901,24,33.722348
-26556.929669,24,33.738393
-26737.965875,24,33.754007
-27054.149268,24,33.769635
-26696.762285,24,33.78816
-26892.515844,24,33.805184
-26833.233912,24,33.821218
-26823.031094,24,33.837449
-26785.673529,24,33.854807
-27018.436995,24,33.87063
-26850.206635,24,33.886226
-27054.63597,24,33.901844
-27083.89657,24,33.918693
-27049.870084,24,33.934928
-27157.735701,24,33.9506
-26850.053361,24,33.966508
-26880.629092,24,33.982274
-26997.827889,24,33.997978
-27240.524291,24,34.013638
-26798.159444,24,34.029335
-26636.910895,24,34.044847
-27052.069475,24,34.060665
-27027.2656,24,34.076821
-26844.902647,24,34.16403
-27036.57916,24,34.18276
-26813.305518,24,34.201043
-26823.486925,24,34.21689
-26965.087938,24,34.233283
-27170.366096,24,34.249212
-26887.995632,24,34.264802
-26923.148655,24,34.280198
-26498.980817,24,34.2996
-27063.616835,24,34.31948
-27131.469358,24,34.33656
-26929.338954,24,34.352022
-27109.805566,24,34.367712
-26716.50648,24,34.383313
-27057.586022,24,34.399189
-26913.78089,24,34.41521
-26936.048776,24,34.431505
-26973.639457,24,34.447341
-26917.464504,24,34.463442
-26800.426356,24,34.478872
-26924.75138,24,34.495266
-27020.05707,24,34.514066
-26835.473621,24,34.530116
-26685.186462,24,34.54554
-26746.183181,24,34.560855
-27070.567625,24,34.577851
-26716.550731,24,34.595339
-27006.377709,24,34.612969
-27253.676652,24,34.62866
-27446.454264,24,34.644119
-26954.081736,24,34.659518
-26638.970041,24,34.67521
-27189.302336,24,34.690637
-27150.038192,24,34.706411
-26674.829071,24,34.721889
-26664.528183,24,34.737407
-27202.75084,24,34.752925
-26839.686792,24,34.768901
-26830.687086,24,34.784814
-27338.560779,24,34.800292
-26663.112885,24,34.816189
-26983.723092,24,34.833188
-27302.156699,24,34.913565
-26740.338648,24,34.932514
-26641.171239,24,34.949856
-27202.038313,24,34.966809
-26565.345814,24,34.98238
-26943.369765,24,34.999489
-27029.601851,24,35.016113
-26742.161279,24,35.031668
-26925.332026,24,35.047179
-26452.994779,24,35.066609
-26830.083637,24,35.085576
-26854.219889,24,35.10248
-27088.689248,24,35.119199
-27131.128876,24,35.135107
-27041.08249,24,35.150749
-26935.729545,24,35.166533
-27525.005494,24,35.182246
-27033.835506,24,35.198011
-27026.487675,24,35.213721
-26834.245295,24,35.229367
-26711.231886,24,35.244957
-27037.810603,24,35.260522
-26811.795564,24,35.276181
-26950.688126,24,35.291941
-26840.010553,24,35.307471
-26740.094046,24,35.323337
-26472.079145,24,35.33906
-26837.485283,24,35.355302
-26894.205359,24,35.373836
-26645.530003,24,35.390544
-27090.439479,24,35.406705
-26790.701253,24,35.423547
-27224.583423,24,35.439538
-26737.647207,24,35.455177
-26586.375639,24,35.470887
-26778.643457,24,35.486643
-26543.081829,24,35.502542
-26956.080447,24,35.518055
-27078.273402,24,35.533623
-26994.530957,24,35.549234
-26956.019711,24,35.565052
-26875.59206,24,35.580833
-26641.570297,24,35.596778
-27127.381971,24,35.674261
-26962.955952,24,35.694477
-26744.035657,24,35.713812
-26529.144602,24,35.730869
-26735.742841,24,35.746855
-27057.401014,24,35.762778
-26779.661856,24,35.778436
-27218.55165,24,35.793968
-26973.456068,24,35.810895
-26894.99059,24,35.830798
-26728.29515,24,35.848184
-27025.861262,24,35.865241
-26778.321734,24,35.880937
-27123.54926,24,35.898763
-26925.034406,24,35.916516
-26623.541688,24,35.933048
-26896.357519,24,35.949078
-26653.305515,24,35.964683
-26800.937818,24,35.980605
-26839.372817,24,35.996238
-26969.465865,24,36.012064
-27027.995801,24,36.027843
-27041.405575,24,36.043344
-26699.600381,24,36.058835
-27086.831823,24,36.07471
-27167.546847,24,36.091382
-26871.930491,24,36.10701
-26755.612142,24,36.122649
-26868.127194,24,36.138143
-26822.348462,24,36.153756
-26716.583808,24,36.169475
-26897.931337,24,36.185248
-26457.968284,24,36.200844
-26862.42112,24,36.216433
-26863.007734,24,36.231912
-26683.261662,24,36.24755
-26700.412288,24,36.26421
-27004.725809,24,36.279972
-27050.99993,24,36.29568
-26537.543114,24,36.311354
-26854.935552,24,36.328041
-26808.973876,24,36.344222
-27079.408822,24,36.359833
-26904.700938,24,36.443484
-27018.621413,24,36.462377
-26627.340461,24,36.479734
-26745.047533,24,36.495887
-26710.529063,24,36.511672
-26811.725194,24,36.527487
-26955.597488,24,36.543126
-26868.067364,24,36.558758
-27144.293804,24,36.577291
-26808.808321,24,36.596676
-26804.273766,24,36.614312
-27050.943135,24,36.630565
-27090.050425,24,36.646336
-26977.458599,24,36.662128
-27002.730546,24,36.678147
-27012.183435,24,36.694277
-26923.272152,24,36.711805
-26701.069815,24,36.730744
-26940.116432,24,36.747406
-26922.871608,24,36.763154
-27004.178989,24,36.7787
-26774.733614,24,36.794364
-26977.505491,24,36.810137
-26735.483397,24,36.826131
-27176.244431,24,36.841856
-26984.31029,24,36.858426
-26958.705596,24,36.874555
-27117.065146,24,36.890324
-26738.099863,24,36.906274
-26929.802554,24,36.923253
-26575.124848,24,36.939332
-26936.760509,24,36.957494
-26852.657074,24,36.977464
-26796.051947,24,36.994562
-26932.528401,24,37.010408
-26777.178807,24,37.026203
-26712.718364,24,37.042032
-26842.245094,24,37.057727
-26726.91771,24,37.073841
-26760.192052,24,37.089431
-26683.918163,24,37.105024
-26612.446074,24,37.120779
-26617.621568,24,37.206284
-26764.830701,24,37.226457
-26651.433235,24,37.244374
-26931.338324,24,37.261717
-26915.059203,24,37.277608
-26789.966256,24,37.29639
-26634.718804,24,37.313129
-26475.113614,24,37.329048
-27087.51761,24,37.347868
-27362.258322,24,37.366904
-26291.664222,24,37.384142
-26986.385838,24,37.401251
-26813.237198,24,37.417907
-26999.262331,24,37.434055
-27224.849869,24,37.449955
-26640.403382,24,37.467759
-26618.929298,24,37.485583
-27073.783833,24,37.503733
-26521.963444,24,37.520799
-27054.787714,24,37.536728
-26937.308783,24,37.552359
-26761.417995,24,37.568311
-26973.252367,24,37.584336
-27012.73966,24,37.601548
-27075.099934,24,37.617559
-26944.115089,24,37.633586
-26677.913008,24,37.649623
-26736.580259,24,37.665673
-26802.142388,24,37.681287
-26677.20918,24,37.696934
-27011.064689,24,37.713455
-27020.583297,24,37.729446
-27215.367057,24,37.745991
-26913.54571,24,37.762332
-26892.195557,24,37.778394
-26368.168491,24,37.794207
-26950.837727,24,37.810328
-26696.265522,24,37.826539
-27061.070131,24,37.842128
-26943.696652,24,37.857843
-27093.738719,24,37.874036
-27176.887664,24,37.889524
-26692.086333,24,37.9051
-26643.736437,24,37.985934
-26541.570345,24,38.007365
-27038.233427,24,38.026408
-27122.704247,24,38.043552
-27014.110542,24,38.059638
-26912.039149,24,38.075737
-27009.79355,24,38.092271
-26944.238682,24,38.107995
-26897.02203,24,38.126202
-27149.85755,24,38.145641
-26985.657615,24,38.162783
-26637.086021,24,38.178804
-26854.69206,24,38.194336
-27067.579831,24,38.210281
-26929.561021,24,38.225854
-26733.026096,24,38.241593
-26939.305089,24,38.257328
-27019.092043,24,38.27299
-26840.720479,24,38.288569
-27013.549888,24,38.3042
-27232.441546,24,38.3198
-27005.044086,24,38.336039
-26699.663818,24,38.351617
-27102.006764,24,38.367328
-26874.501386,24,38.382935
-26690.93271,24,38.398553
-26968.785814,24,38.414777
-27419.629018,24,38.431182
-27289.59657,24,38.447079
-26822.900322,24,38.462883
-26734.694983,24,38.47854
-26959.664119,24,38.494058
-26402.808953,24,38.510039
-26923.059997,24,38.52582
-27013.017237,24,38.54209
-26868.908536,24,38.560894
-26759.577786,24,38.578131
-26905.908891,24,38.593904
-26665.639577,24,38.609414
-26940.136457,24,38.625032
-26952.26186,24,38.640724
-26374.421669,24,38.656353
-26878.078406,24,38.672079
-26672.96777,24,38.751238
-26687.511638,24,38.76954
-27132.127329,24,38.786906
-27011.786159,24,38.806064
-26861.860943,24,38.823907
-27107.95489,24,38.840646
-26746.083513,24,38.857078
-27503.026398,24,38.874129
-27199.249968,24,38.895159
-26753.423441,24,38.912927
-27111.341744,24,38.930244
-26698.628867,24,38.946965
-26983.777381,24,38.963718
-27070.975904,24,38.98032
-26640.886827,24,38.99611
-27242.789304,24,39.012031
-27006.43495,24,39.028163
-26803.372003,24,39.044645
-26744.776624,24,39.060455
-26838.666729,24,39.07909
-26983.503173,24,39.09656
-27178.751237,24,39.113021
-26656.080102,24,39.129105
-26709.416815,24,39.144879
-27185.053396,24,39.160914
-27421.742777,24,39.176771
-26865.493321,24,39.19233
-26806.835645,24,39.20811
-26765.471195,24,39.223701
-26934.985938,24,39.239394
-26734.933194,24,39.255279
-26932.16968,24,39.270793
-27393.792885,24,39.286299
-26742.445016,24,39.302191
-27186.918354,24,39.318126
-27172.913872,24,39.334255
-26943.980048,24,39.350205
-26785.912461,24,39.375123
-26897.88159,24,39.391211
-26809.29761,24,39.407222
-26919.871983,24,39.423538
-26777.400914,24,39.439766
